test_text,answer,test_verb,tip,meaning,grammar_tip
"Ich null Deutsch.","lerne","lernen","to learn","I am learning German.","Present tense: ich = -e ending"
"Du null in Hamburg.","wohnst","wohnen","to live","You live in Hamburg.","Present tense: du = -st ending"
"Er null Kaffee.","trinkt","trinken","to drink","He drinks coffee.","Present tense: er/sie/es = -t ending"
"Sie null heute.","arbeitet","arbeiten","to work","She is working today.","Present tense: er/sie/es = -t ending"
"Wir null Pizza.","essen","essen","to eat","We are eating pizza.","Present tense: wir = -en ending"
"Ihr null Fußball.","spielt","spielen","to play","You (plural) play football.","Present tense: ihr = -t ending"
"Sie null morgen.","kommen","kommen","to come","They are coming tomorrow.","Present tense: sie (they) = -en ending"
"Ich null Maria.","heiße","heißen","to be called","My name is Maria.","heißen is irregular: ich heiße"
"null ihr Zeit?","Habt","haben","to have","Do you (plural) have time?","Yes/no question: verb first"
"Er null 20 Jahre alt.","ist","sein","to be","He is 20 years old.","sein is irregular: er ist"
"Wir null müde.","sind","sein","to be","We are tired.","sein is irregular: wir sind"
"Du null einen Bruder.","hast","haben","to have","You have a brother.","haben is irregular: du hast"
"Ich null um sieben Uhr auf.","stehe","aufstehen","to get up","I get up at seven o’clock.","Separable verb: auf goes to the end"
"Sie null ihre Mutter an.","ruft","anrufen","to call (phone)","She calls her mother.","Separable verb: an goes to the end"
"Wir null am Samstag ein.","kaufen","einkaufen","to shop","We shop on Saturday.","Separable verb: ein goes to the end"
"Ich null jetzt nach Hause.","gehe","gehen","to go","I am going home now.","Present tense: ich gehe"
"Du null sehr gut Deutsch.","sprichst","sprechen","to speak","You speak German very well.","Irregular: du sprichst (i → i)"
"Er null jeden Tag.","läuft","laufen","to run","He runs every day.","Irregular: er läuft (au → äu)"
"Ich null morgen nach Wien.","fliege","fliegen","to fly","I fly to Vienna tomorrow.","Present tense: ich = -e ending"
"Wir null heute Abend fern.","sehen","fernsehen","to watch TV","We watch TV tonight.","Separable verb: fern goes to the end"
"Du null heute nicht.","kommst","kommen","to come","You are not coming today.","Negation: nicht usually near the end"
"Ich null keinen Zucker.","nehme","nehmen","to take","I take no sugar.","kein + noun; nehmen: ich nehme"
"Er null das Auto.","fährt","fahren","to drive/go","He drives the car.","Irregular: er fährt (a → ä)"
"Wir null ins Kino.","gehen","gehen","to go","We are going to the cinema.","Present tense: wir gehen"
"null du mir helfen?","Kannst","können","can / to be able to","Can you help me?","Question: verb first, then subject"
"Ich null heute lernen.","muss","müssen","must / to have to","I have to study today.","Modal verb: main verb infinitive at end"
"Wir null morgen lernen.","wollen","wollen","want to","We want to study tomorrow.","Modal verb: infinitive at end"
"Du null hier bleiben.","darfst","dürfen","may / allowed to","You may stay here.","dürfen is irregular: du darfst"
"Er null nicht rauchen.","soll","sollen","should","He should not smoke.","Modal verb + infinitive at end; nicht negates"
"Ich null ein Ticket kaufen.","möchte","möchten","would like to","I would like to buy a ticket.","Polite want: möchte + infinitive at end"
"null bitte langsamer.","Sprich","sprechen","to speak","Please speak more slowly.","Imperative (du): verb form at sentence start"
"null Sie bitte herein.","Kommen","kommen","to come","Please come in.","Imperative (Sie): verb + Sie"
"Wir null uns heute um acht.","treffen","treffen","to meet","We meet at eight today.","Reflexive: wir treffen uns"
"Er null Musik.","hört","hören","to listen","He listens to music.","Present tense: er hört"
"Ich null morgen frei.","habe","haben","to have","I have tomorrow off.","haben: ich habe"
"Du null morgen frei.","bist","sein","to be","You are free tomorrow.","sein is irregular: du bist"
"Sie null in der Schule.","ist","sein","to be","She is at school.","sein is irregular: sie ist"
"Ich null einen Kaffee.","bestelle","bestellen","to order","I order a coffee.","Accusative object: einen Kaffee"
"Wir null die Rechnung.","bezahlen","bezahlen","to pay","We pay the bill.","Present tense: wir = -en ending"
"Du null das Fenster.","öffnest","öffnen","to open","You open the window.","Present tense: du = -st ending"
"Er null die Tür.","schließt","schließen","to close","He closes the door.","Irregular spelling: schließt"
"Ich null heute nicht.","arbeite","arbeiten","to work","I am not working today.","Negation: nicht with verbs"
"Wir null um neun Uhr.","beginnen","beginnen","to begin","We begin at nine o’clock.","Present tense: wir = -en ending"
"Du null zu Hause.","bleibst","bleiben","to stay","You stay at home.","Present tense: du = -st ending"
"Er null morgen früh auf.","steht","aufstehen","to get up","He gets up early tomorrow.","Separable verb: auf goes to the end"
"Wir null heute Abend aus.","gehen","ausgehen","to go out","We go out tonight.","Separable verb: aus goes to the end"
"Ich null meine Freunde.","besuche","besuchen","to visit","I visit my friends.","Present tense: ich = -e ending"
"Du null gern Tee.","trinkst","trinken","to drink","You like drinking tea.","gern = “like to”; du trinkst"
"Er null ein Foto.","macht","machen","to do/make","He takes a photo.","machen: er macht"
"Wir null im Park spazieren.","gehen","spazieren gehen","to take a walk","We go for a walk in the park.","Fixed expression: spazieren gehen"
"Ich null jeden Morgen frühstücken.","kann","können","can / to be able to","I can have breakfast every morning.","Modal verb: infinitive at end"
"Wir null heute zu Hause bleiben.","müssen","müssen","must / to have to","We have to stay at home today.","Modal + infinitive at end"
"Du null heute länger schlafen.","darfst","dürfen","may / allowed to","You may sleep longer today.","dürfen: du darfst"
"Er null morgen nicht arbeiten.","muss","müssen","must / to have to","He has to not work tomorrow.","nicht before infinitive phrase at end"
"Ich null jetzt anfangen.","will","wollen","want to","I want to start now.","wollen: ich will"
"null ihr bitte leise sein.","Seid","sein","to be","Please be quiet (you plural).","Imperative ihr: seid"
"null du bitte die Seite.","Lies","lesen","to read","Please read the page.","Imperative du: verb stem"
"null Sie bitte hier.","Warten","warten","to wait","Please wait here.","Imperative Sie: verb + Sie"
"Wir null uns morgen.","sehen","sehen","to see","We see each other tomorrow.","Reflexive meaning: wir sehen uns"
"Ich null mich jetzt.","beeile","sich beeilen","to hurry","I am hurrying now.","Reflexive: ich beeile mich"
"Du null dich.","freust","sich freuen","to be happy","You are happy.","Reflexive: du freust dich"
"Er null sich für Sport.","interessiert","sich interessieren","to be interested","He is interested in sports.","Reflexive + für + Akk"
"Ich null Hunger.","habe","haben","to have","I am hungry.","haben: ich habe"
"Du null Durst.","hast","haben","to have","You are thirsty.","haben: du hast"
"Wir null Glück.","haben","haben","to have","We are lucky.","Fixed phrase: Glück haben"
"Er null Angst.","hat","haben","to have","He is afraid.","Fixed phrase: Angst haben"
"Ich null heute Geburtstag.","habe","haben","to have","It’s my birthday today.","haben: ich habe"
"Wir null eine Pause.","machen","machen","to do/make","We take a break.","Phrase: eine Pause machen"
"Du null mir bitte.","hilfst","helfen","to help","You help me, please.","helfen takes dative: mir"
"Er null mir seine Nummer.","gibt","geben","to give","He gives me his number.","geben takes dative+accusative"
"Ich null dir eine Nachricht.","schreibe","schreiben","to write","I write you a message.","Dative: dir"
"Wir null heute ein Spiel.","spielen","spielen","to play","We play a game today.","Present tense: wir = -en"
"Ihr null morgen nach Hause.","fahrt","fahren","to go/drive","You (plural) go home tomorrow.","ihr = -t ending"
"Sie null heute sehr spät.","kommen","kommen","to come","They come very late today.","sie (they) = -en"
"Ich null im Supermarkt.","bin","sein","to be","I am at the supermarket.","sein: ich bin"
"Du null im Büro.","bist","sein","to be","You are in the office.","sein: du bist"
"Er null im Garten.","ist","sein","to be","He is in the garden.","sein: er ist"
"Wir null im Restaurant.","sind","sein","to be","We are in the restaurant.","sein: wir sind"
"Ihr null draußen.","seid","sein","to be","You (plural) are outside.","sein: ihr seid"
"Sie null pünktlich.","sind","sein","to be","They are on time.","sein: sie sind"
"Ich null die E-Mail.","schicke","schicken","to send","I send the email.","Present: ich = -e"
"Du null das Paket.","schickst","schicken","to send","You send the package.","Present: du = -st"
"Er null den Brief.","schickt","schicken","to send","He sends the letter.","Present: er = -t"
"Wir null zusammen.","arbeiten","arbeiten","to work","We work together.","Present: wir = -en"
"Ich null heute einkaufen.","gehe","gehen","to go","I go shopping today.","gehen + einkaufen (infinitive sense)"
"Wir null heute einkaufen.","gehen","gehen","to go","We go shopping today.","gehen + einkaufen"
"Du null das nicht.","weißt","wissen","to know","You don’t know that.","wissen: du weißt (irregular)"
"Ich null das.","weiß","wissen","to know","I know that.","wissen: ich weiß"
"Er null es nicht.","weiß","wissen","to know","He doesn’t know it.","nicht after object/pronoun"
"Wir null es schon.","wissen","wissen","to know","We already know it.","wissen: wir wissen"
"Ich null einen Termin.","brauche","brauchen","to need","I need an appointment.","brauchen + accusative"
"Du null Hilfe.","brauchst","brauchen","to need","You need help.","du brauchst"
"Er null ein neues Handy.","braucht","brauchen","to need","He needs a new phone.","er braucht"
"Wir null Wasser.","brauchen","brauchen","to need","We need water.","wir brauchen"
"Ich null immer Musik.","höre","hören","to listen","I always listen to music.","hören: ich höre"
"Du null gern Podcasts.","hörst","hören","to listen","You like listening to podcasts.","du hörst"
"Er null jetzt die Nachrichten.","hört","hören","to listen","He listens to the news now.","er hört"
"Wir null oft Radio.","hören","hören","to listen","We often listen to the radio.","wir hören"
"Ich null heute spät ins Bett.","gehe","gehen","to go","I go to bed late today.","Phrase: ins Bett gehen"
"Du null morgen früher ins Bett.","gehst","gehen","to go","You go to bed earlier tomorrow.","du gehst"
"Er null heute nicht ins Kino.","geht","gehen","to go","He is not going to the cinema today.","nicht negates the verb phrase"
"null ist das?","Was","Fragewort","what?","What is that?","W-question word: Was"
"null heißt du?","Wie","Fragewort","how? / what's your name?","What's your name?","W-question word: Wie"
"Woher null du?","kommst","kommen","to come (from)","Where are you from?","Word order: question word + verb + subject"
"Ich komme null Italien.","aus","Präposition","from","I come from Italy.","Origin: aus + dative (often no article with countries)"
"Ich fahre null München.","nach","Präposition","to (city/country)","I'm going to Munich.","Destination: nach + city/country (no article)"
"Wir gehen null Schule.","zur","Präposition","to the","We go to school.","Contraction: zu + der = zur"
"Er ist null Büro.","im","Präposition","in the","He is in the office.","Contraction: in + dem = im (location = dative)"
"Das Buch liegt null dem Tisch.","auf","Präposition","on","The book is on the table.","Two-way preposition: location = dative"
"Ich lege das Buch null den Tisch.","auf","Präposition","onto","I put the book on the table.","Two-way preposition: movement = accusative"
"Ich sehe null Mann.","den","Artikel","the (accusative)","I see the man.","Accusative masculine: der → den"
"Ich kaufe null Apfel.","einen","Artikel","a (accusative)","I buy an apple.","Accusative masculine: ein → einen"
"Ich helfe null Frau.","der","Artikel","to the (dative)","I help the woman.","Dative feminine: die → der"
"Er gibt null Kind das Buch.","dem","Artikel","to the (dative)","He gives the child the book.","Dative neuter: das → dem"
"Kannst du null helfen?","mir","Pronomen","to me","Can you help me?","helfen takes dative: mir"
"Ich rufe null an.","dich","Pronomen","you (accusative)","I call you.","Accusative pronoun: dich"
"Ich rufe dich null.","an","anrufen","to call","I call you.","Separable verb: prefix goes to the end"
"Wir treffen null um acht.","uns","Pronomen","ourselves","We meet at eight.","Reflexive: wir treffen uns"
"Ich habe null Bruder.","keinen","Negation","no / none","I have no brother.","kein in accusative masculine: keinen"
"Das ist null Schlüssel.","mein","Possessiv","my","That is my key.","Possessive: mein + noun"
"Ist das null Tasche?","deine","Possessiv","your","Is that your bag?","Possessive: deine (feminine)"
"Er sucht null Brille.","seine","Possessiv","his","He is looking for his glasses.","Possessive: seine (plural or feminine)"
"Wir trinken null Kaffee.","keinen","Negation","no / none","We drink no coffee.","kein in accusative masculine: keinen"
"Ich trinke null Milch.","keine","Negation","no / none","I drink no milk.","kein in accusative feminine: keine"
"Ich wohne null meiner Familie.","bei","Präposition","at/with","I live with my family.","bei + dative (location/with)"
"Ich gehe null dem Hund.","mit","Präposition","with","I go with the dog.","mit + dative"
"Ich habe Angst null Spinnen.","vor","Präposition","afraid of","I'm afraid of spiders.","vor + dative after Angst haben"
"Wir warten null den Bus.","auf","Präposition","for","We are waiting for the bus.","warten auf + accusative"
"Ich interessiere mich null Musik.","für","Präposition","for","I'm interested in music.","sich interessieren für + accusative"
"Ich gehe null Kino.","ins","Präposition","into the","I'm going to the cinema.","Contraction: in + das = ins (movement)"
"Er kommt null zehn Minuten.","in","Präposition","in (time)","He will come in ten minutes.","Temporal in + dative"
"Wir treffen uns null Freitag.","am","Präposition","on (day)","We meet on Friday.","am + weekday (an dem)"
"Der Kurs beginnt null 9 Uhr.","um","Präposition","at (time)","The course starts at 9 o'clock.","um + clock time"
"Ich habe Urlaub null Juli.","im","Präposition","in (month)","I have vacation in July.","im + month (in dem)"
"Ich arbeite null Montag bis Freitag.","von","Präposition","from","I work from Monday to Friday.","von ... bis ..."
"Ich bleibe zu Hause, null ich bin krank.","denn","Konjunktion","because","I stay at home because I am sick.","denn keeps verb in position 2"
"Ich möchte Tee, null keinen Kaffee.","aber","Konjunktion","but","I want tea, but not coffee.","aber joins two main clauses"
"Willst du Wasser null Saft?","oder","Konjunktion","or","Do you want water or juice?","oder = choice"
"Ich lerne Deutsch, null ich bin Anfänger.","weil","Konjunktion","because","I learn German because I am a beginner.","weil sends verb to the end"
"null bitte die Tür!","Öffne","Imperativ","open","Open the door, please!","Imperative (du): verb stem"
"null bitte die Musik aus!","Mach","Imperativ","turn off","Turn off the music, please!","Imperative + separable prefix at end"
"null Sie bitte langsam!","Sprechen","Imperativ","speak","Please speak slowly!","Imperative (Sie): verb + Sie"
"Gehen Sie null links.","nach","Präposition","to","Go to the left.","Direction: nach links / nach rechts"
"Ich komme heute null.","nicht","Negation","not","I'm not coming today.","nicht negates the verb phrase"
"Ich habe null Zeit.","keine","Negation","no / none","I have no time.","kein + noun: Zeit (feminine)"
"null es hier einen Supermarkt?","Gibt","es gibt","there is/are","Is there a supermarket here?","Question: verb first (Gibt es ...?)"
"null ist dein Termin?","Wann","Fragewort","when","When is your appointment?","W-question word: Wann"
"Wohin null du?","gehst","gehen","to go","Where are you going?","Wohin + verb + subject"
"Ich gehe null die Stadt.","in","Präposition","into","I go into the city.","Movement: in + accusative"
"Ich bin null der Stadt.","in","Präposition","in","I am in the city.","Location: in + dative"
"Das Geschenk ist null dich.","für","Präposition","for","The gift is for you.","für + accusative"
"Ich null Deutsch.","lerne","lernen","to learn","I am learning German.","Present tense: ich = -e ending"
"Du null in Hamburg.","wohnst","wohnen","to live","You live in Hamburg.","Present tense: du = -st ending"
"Er null Kaffee.","trinkt","trinken","to drink","He drinks coffee.","Present tense: er/sie/es = -t ending"
"Sie null heute.","arbeitet","arbeiten","to work","She is working today.","Present tense: er/sie/es = -t ending"
"Wir null Pizza.","essen","essen","to eat","We are eating pizza.","Present tense: wir = -en ending"
"Ihr null Fußball.","spielt","spielen","to play","You (plural) play football.","Present tense: ihr = -t ending"
"Sie null morgen.","kommen","kommen","to come","They are coming tomorrow.","Present tense: sie (they) = -en ending"
"Wir null nach Wien.","fahren","fahren","to travel/drive","We are travelling to Vienna.","Present tense: 'wir' (we) takes the infinitive stem."
"Mein Bruder null Musik.","hört","hören","to hear/listen","My brother listens to music.","Present tense: 'er' (he) = stem + -t."
"Der Hund null schnell.","läuft","laufen","to run","The dog runs fast.","Irregular verb: 'laufen' -> 'er läuft' (vowel change)."
"Ich null den Film.","mag","mögen","to like","I like the movie.","Irregular verb: 'mögen' -> 'ich mag'."
"Das Kind null im Garten.","spielt","spielen","to play","The child plays in the garden.","Present tense: 'es' (it) = stem + -t."
"Ihr null heute frei.","habt","haben","to have","You (plural) have today off.","Irregular verb: 'haben' -> 'ihr habt'."
"Sie (formal) null ein Auto.","haben","haben","to have","You (formal) have a car.","Present tense: formal 'Sie' (you) = infinitive."
"Ich verstehe null.","nicht","","not","I do not understand.","'Nicht' negates verbs, adjectives, or entire sentences."
"Das ist null mein Buch.","nicht","","not","That is not my book.","'Nicht' negates nouns with a possessive article ('mein')."
"Er hat null Zeit.","keine","","no","He has no time.","'Kein' negates a noun with no article; 'Zeit' is feminine."
"Hier ist null Supermarkt.","kein","","no","There is no supermarket here.","'Kein' negates a masculine noun ('Supermarkt') with no article."
"Wir trinken null Kaffee.","keinen","","no","We drink no coffee.","'Kein' must be declined; 'Kaffee' (masc.) in Akkusativ = 'keinen'."
"Das ist null Problem.","kein","","no","That is no problem.","'Kein' negates a neuter noun ('Problem') in Nominativ."
"Ich sehe null Mann.","den","","the","I see the man.","Akkusativ case: definite article for masculine = 'den'."
"Wir kaufen null Buch.","ein","","a","We are buying a book.","Akkusativ case: indefinite article for neuter = 'ein'."
"Du liest null Zeitung.","die","","the","You are reading the newspaper.","Akkusativ case: definite article for feminine = 'die'."
"Er braucht null Stift.","einen","","a","He needs a pen.","Akkusativ case: indefinite article for masculine = 'einen'."
"Hast du null Schlüssel?","den","","the","Do you have the key?","Akkusativ case: definite article for masculine = 'den'."
"Ich habe null Hund.","einen","","a","I have a dog.","Akkusativ case: indefinite article for masculine = 'einen'."
"Sie trägt null Jacke.","die","","the","She is wearing the jacket.","Akkusativ case: definite article for feminine = 'die'."
"Kannst du null helfen?","mir","","me","Can you help me?","Personal pronoun in Dativ: 'ich' -> 'mir' (to/for me)."
"Ich sehe null heute.","dich","","you","I see you today.","Personal pronoun in Akkusativ: 'du' -> 'dich'."
"Der Lehrer fragt null.","uns","","us","The teacher asks us.","Personal pronoun in Akkusativ: 'wir' -> 'uns'."
"Ich gebe null das Buch.","dir","","you","I give you the book.","Personal pronoun in Dativ: 'du' -> 'dir' (to/for you)."
"Er besucht null morgen.","sie","","her/them","He is visiting her/them tomorrow.","'sie' can mean 'her' (Akkusativ) or 'them'."
"Wir danken null.","Ihnen","","you (formal)","We thank you (formal).","Formal 'you' in Dativ is always capitalized: 'Ihnen'."
"Hörst du null?","mich","","me","Do you hear me?","Personal pronoun in Akkusativ: 'ich' -> 'mich'."
"null kommst du? - Aus Berlin.","Woher","","from where","Where are you from? From Berlin.","'Woher' asks for origin; answer with 'aus' + city/country."
"null ist dein Name?","Wie","","how/what","What is your name?","'Wie' asks for a state or manner, often used for names."
"null Uhr ist es?","Wie viel","","how much/how many","What time is it?","'Wie viel Uhr?' is the fixed phrase for asking the time."
"null ist das? - Das ist ein Buch.","Was","","what","What is that? That is a book.","'Was' asks for things, objects, or activities."
"null arbeitest du? - Im Büro.","Wo","","where","Where do you work? In the office.","'Wo' asks for a location; answer often with 'in' + place."
"null ist das Restaurant?","Wo","","where","Where is the restaurant?","'Wo' asks for a static location."
"null bist du? - Ich bin 30 Jahre alt.","Wie alt","","how old","How old are you? I am 30 years old.","'Wie alt' is the fixed phrase for asking about age."
"Ich null Deutsch sprechen.","kann","können","can, to be able to","I can speak German.","Modal verb: conjugated ('ich kann') + infinitive at the end."
"Du null mir helfen.","musst","müssen","must, to have to","You have to help me.","Modal verb: 'du musst' + infinitive ('helfen') at the end."
"Wir null nach Hause gehen.","wollen","wollen","to want to","We want to go home.","Modal verb: 'wir' takes infinitive form 'wollen'."
"Sie null ein Buch lesen.","möchte","möchten","would like to","She would like to read a book.","'Möchten' is the polite form of 'wollen'."
"Ihr null fleißig sein.","sollt","sollen","should, to be supposed to","You (plural) should be diligent.","Modal verb: 'ihr sollt' + infinitive ('sein') at the end."
"Man null Wasser trinken.","soll","sollen","should, one should","One should drink water.","Modal verb with generic subject 'man' (one/you)."
"Er null nicht rauchen.","darf","dürfen","may, to be allowed to","He is not allowed to smoke.","Modal verb for permission; 'nicht' comes before infinitive."
"Das ist null Buch. (my, neuter)","mein","","my","That is my book.","Possessive article for 'ich' + neuter noun: 'mein'."
"Wo ist null Auto? (your, informal, neuter)","dein","","your","Where is your car?","Possessive article for 'du' + neuter noun: 'dein'."
"null Bruder heißt Tom. (My, masc.)","Mein","","My","My brother's name is Tom.","Possessive articles are capitalized at the start of a sentence."
"Ist das null Fahrrad? (her, neuter)","ihr","","her","Is that her bicycle?","Possessive article for 'sie' (she) + neuter noun: 'ihr'."
"null Eltern sind nett. (Our)","Unsere","","Our","Our parents are nice.","Possessive for 'wir': 'unser'. 'Eltern' is plural, so 'unsere'."
"Ich liebe null Hund. (my, masc.)","meinen","","my","I love my dog.","Akkusativ case: 'mein' (masc.) -> 'meinen'."
"Kennst du null Freund? (his)","seinen","","his","Do you know his friend?","Akkusativ case: 'sein' (masc.) -> 'seinen'."
"Ich null um 7 Uhr auf.","stehe","aufstehen","to get up","I get up at 7 o'clock.","Separable verb: prefix 'auf-' goes to the end in main clause."
"Wir null heute an.","kommen","ankommen","to arrive","We arrive today.","Separable verb: 'ankommen'. Prefix 'an-' goes to the end."
"Der Bus null pünktlich ab.","fährt","abfahren","to depart","The bus departs on time.","Separable verb: 'abfahren'. Conjugated part is 'fährt'."
"null du mir zu?","Hörst","zuhören","to listen (to)","Are you listening to me?","Question: separable prefix 'zu-' stays attached to infinitive."
"Sie null das Licht ein.","schaltet","einschalten","to turn on","She turns on the light.","Separable verb: 'einschalten'. Prefix 'ein-' goes to the end."
"Ich null mit meinem Handy ein.","logge","einloggen","to log in","I log in with my phone.","Separable verb: 'einloggen'. Prefix 'ein-' goes to the end."
"Sie stellt die Blumen null den Tisch.","auf","","on (to)","She puts the flowers on(to) the table.","'auf' + Akkusativ indicates movement (putting onto)."
"Wir gehen null den Park.","in","","into","We are going into the park.","'in' + Akkusativ indicates movement into a place."
"Ich hänge das Bild null die Wand.","an","","on (to)","I hang the picture on(to) the wall.","'an' + Akkusativ indicates movement towards a vertical surface."
"Das ist null Buch.", "mein", "", "my", "That is my book.", "Possessive 'mein' for neuter nouns (das Buch)."
"Ist das null Fahrrad?", "dein", "", "your (informal)", "Is that your bicycle?", "Possessive 'dein' for neuter nouns (das Fahrrad)."
"null Eltern sind in Berlin.", "Meine", "", "My", "My parents are in Berlin.", "Possessive 'mein' is capitalized at sentence start; 'Eltern' is plural, so 'Meine'."
"Das ist null Auto.", "sein", "", "his", "That is his car.", "Possessive 'sein' for neuter nouns (das Auto)."
"null Mutter ist Lehrerin.", "Ihre", "", "Her", "Her mother is a teacher.", "Possessive 'ihr' for feminine nouns (die Mutter); capitalized as 'Ihre'."
"Wir lieben null Stadt.", "unsere", "", "our", "We love our city.", "Possessive 'unser' for feminine nouns (die Stadt)."
"Kennst du null Bruder?", "ihren", "", "her", "Do you know her brother?", "Accusative case: 'ihr' (masculine) -> 'ihren'."
"Das sind null Schlüssel.", "meine", "", "my", "Those are my keys.", "Plural nouns take the possessive form 'meine'."
"Ich gebe null das Buch.", "dir", "", "(to) you", "I give you the book.", "Dative pronoun for 'du' (you) is 'dir'."
"Kannst du null helfen?", "mir", "", "(to) me", "Can you help me?", "Dative pronoun for 'ich' (I) is 'mir'."
"Er gibt null den Ball.", "uns", "", "(to) us", "He gives us the ball.", "Dative pronoun for 'wir' (we) is 'uns'."
"Sie zeigt null das Foto.", "euch", "", "(to) you all", "She shows you (plural) the photo.", "Dative pronoun for 'ihr' (you plural) is 'euch'."
"Hörst du null?", "mich", "", "me", "Do you hear me?", "Accusative pronoun for 'ich' (I) is 'mich'."
"Ich sehe null dort.", "dich", "", "you", "I see you there.", "Accusative pronoun for 'du' (you) is 'dich'."
"Wir besuchen null heute.", "sie", "", "her/them", "We are visiting her/them today.", "'sie' can be 'her' (accusative) or 'them'."
"Wo null der Bahnhof?", "ist", "sein", "is", "Where is the train station?", "Question word 'Wo' (where) + verb 'sein' (to be)."
"null Uhr ist es?", "Wie viel", "", "What (time)", "What time is it?", "'Wie viel Uhr?' is the fixed phrase for asking the time."
"null kommst du?", "Woher", "", "From where", "Where are you from?", "'Woher' asks for origin; answer with 'aus' + place."
"null heißen Sie?", "Wie", "", "How", "What is your name? (formal)", "'Wie' is used to ask for a name."
"null schläft das Baby?", "Wo", "", "Where", "Where does the baby sleep?", "'Wo' asks for a static location."
"null kostet das Brot?", "Was", "", "What", "What does the bread cost?", "'Was' asks for things or prices."
"null Kinder hast du?", "Wie viele", "", "How many", "How many children do you have?", "'Wie viele' asks for a countable number."
"Ich null nach Hause gehen.", "muss", "müssen", "must/have to", "I have to go home.", "Modal verb 'müssen' is conjugated; main verb 'gehen' goes to the end."
"null du mir bitte helfen?", "Kannst", "können", "Can", "Can you please help me?", "Modal verb question: conjugated 'können' comes first."
"Wir null heute Abend ins Kino.", "wollen", "wollen", "want to", "We want to go to the cinema tonight.", "Modal verb 'wollen' for 'wir' is the infinitive form."
"Er null gut Klavier spielen.", "kann", "können", "can", "He can play the piano well.", "Modal verb 'können' (he) + main verb 'spielen' at the end."
"Sie null einen Kaffee trinken.", "möchte", "möchten", "would like to", "She would like to drink a coffee.", "'Möchten' is the polite form of 'wollen'."
"null ihr pünktlich sein?", "Sollt", "sollen", "Should", "Should you (plural) be on time?", "Modal verb 'sollen' for advice/obligation."
"Der Unterricht null um 9 Uhr beginnen.", "soll", "sollen", "is supposed to", "The class is supposed to start at 9 o'clock.", "Impersonal use of 'sollen' for schedules."
"Ich null um 7 Uhr auf.", "stehe", "aufstehen", "get up", "I get up at 7 o'clock.", "Separable verb: prefix 'auf-' goes to the end in main clause."
"Wann null der Zug an?", "kommt", "ankommen", "arrives", "When does the train arrive?", "Separable verb 'ankommen' in a question; 'an' stays with verb."
"Sie null das Radio aus.", "schaltet", "ausschalten", "turns off", "She turns off the radio.", "Separable verb: prefix 'aus-' goes to the end."
"null du bitte mit?", "Machst", "mitmachen", "participate", "Are you participating, please?", "Question with separable verb 'mitmachen'."
"Ich null mich in meinem Konto ein.", "logge", "einloggen", "log in", "I log into my account.", "Separable verb 'einloggen' (for technology)."
"Wir null heute Gäste.", "haben", "haben", "have", "We have guests today.", "Present tense of irregular verb 'haben' (to have)."
"null du Hunger?", "Hast", "haben", "Have", "Are you hungry? (lit. Do you have hunger?)", "Question form of 'haben' (du hast -> Hast du...?)."
"Sie null aus Köln.", "ist", "sein", "is", "She is from Cologne.", "Present tense of irregular verb 'sein' (to be)."
"null ihr jetzt im Büro?", "Seid", "sein", "Are", "Are you (plural) in the office now?", "Question form of 'sein' (ihr seid -> Seid ihr...?)."
"Ich null Student.", "werde", "werden", "become", "I am becoming a student.", "Present tense of irregular verb 'werden' (to become)."
"Was null du morgen?", "wirst", "werden", "will/become", "What will you do tomorrow?", "'Werden' used for future intention."
"Die Bücher sind null dem Tisch.", "auf", "", "on", "The books are on the table.", "Preposition 'auf' + Dative case for location (no movement)."
"Ich lege das Buch null den Tisch.", "auf", "", "onto", "I put the book onto the table.", "Preposition 'auf' + Accusative case for movement (onto)."
"Die Kinder spielen null dem Garten.", "im", "", "in the", "The children are playing in the garden.", "Contraction 'im' (in + dem) for Dative location."
"Sie geht null die Schule.", "in", "", "into", "She goes into the school.", "Preposition 'in' + Accusative case for movement into."
"Das Bild hängt null der Wand.", "an", "", "on", "The picture is hanging on the wall.", "Preposition 'an' + Dative case for location on a vertical surface."
"Er schreibt null die Tafel.", "an", "", "on (to)", "He writes on the blackboard.", "Preposition 'an' + Accusative case for movement towards."
"Ich fahre null meinen Freund.", "zu", "", "to", "I'm driving to my friend's (place).", "Preposition 'zu' is always followed by the Dative case."
"Das Geschenk ist null meiner Schwester.", "für", "", "for", "The gift is for my sister.", "Preposition 'für' is always followed by the Accusative case."
"Wir sind null dem Park spazieren.", "im", "", "in the", "We are walking in the park.", "Dative case after 'in' for location (im = in dem)."
"Der Bus fährt null den Bahnhof.", "zum", "", "to the", "The bus is going to the station.", "Accusative case after 'zu' for direction (zum = zu dem)."
"Ich komme null Deutschland.", "aus", "", "from", "I come from Germany.", "Preposition 'aus' is always followed by the Dative case."
"Mein Bruder hat zwei null.", "Kinder", "", "children", "My brother has two children.", "Plural form: most nouns add '-er' (das Kind -> die Kinder)."
"Die null sind im Wohnzimmer.", "Frauen", "", "women", "The women are in the living room.", "Plural form: feminine nouns ending in '-in' add '-nen' (die Frau -> die Frauen)."
"Er trägt blaue null.", "Hosen", "", "trousers/pants", "He is wearing blue trousers.", "Plural form: some nouns have an umlaut and no ending (die Hose -> die Hosen)."
"Ich sehe viele null am Himmel.", "Vögel", "", "birds", "I see many birds in the sky.", "Plural form: masculine/neuter nouns ending in '-el' often stay the same (der Vogel -> die Vögel)."
"Wo sind die null?", "Äpfel", "", "apples", "Where are the apples?", "Plural form: masculine nouns often add '-e' and an umlaut (der Apfel -> die Äpfel)."
"Das ist kein Problem, das ist null Problem.", "ein", "", "a", "That is not a problem, that is a problem.", "'Kein' negates nouns with no article; to affirm, use 'ein'."
"Ich habe null Bruder, ich habe eine Schwester.", "keinen", "", "no/not a", "I don't have a brother, I have a sister.", "Negation with 'kein': masculine noun in Akkusativ needs 'keinen'."
"Das ist null mein Haus.", "nicht", "", "not", "That is not my house.", "Use 'nicht' to negate verbs (sein/haben) or possessive nouns ('mein Haus')."
"Er spricht null Deutsch.", "kein", "", "no", "He speaks no German. (He doesn't speak German.)", "'Kein' negates nouns without an article; 'Deutsch' here is a noun (language)."
"Ich verstehe das null.", "nicht", "", "not", "I don't understand that.", "'Nicht' negates the entire sentence or an object pronoun ('das')."
"Ich esse einen Apfel null eine Banane.", "und", "", "and", "I am eating an apple and a banana.", "Coordinating conjunction 'und' connects two equal items; word order does not change."
"Ich bin müde, null ich schlafe.", "deshalb", "", "therefore/so", "I am tired, so I am going to sleep.", "Conjunction 'deshalb' introduces a result; verb goes to the end in the second clause."
"Ich mag Tee, null ich mag keinen Kaffee.", "aber", "", "but", "I like tea, but I don't like coffee.", "Coordinating conjunction 'aber' contrasts ideas; word order does not change."
"Es ist kalt, null ich bleibe zu Hause.", "denn", "", "because", "It is cold, because I am staying at home.", "Coordinating conjunction 'denn' gives a reason; verb position stays the same."
"Ich lerne Deutsch, null ich möchte in Berlin leben.", "weil", "", "because", "I am learning German because I want to live in Berlin.", "Subordinating conjunction 'weil' introduces a reason; verb moves to the end."
"null ruhig!", "Sei", "sein", "Be", "Be quiet! (to one person, informal)", "Imperative for 'du': use the verb stem (sein -> sei). For most verbs, just remove '-st'."
"null bitte hier!", "Kommt", "kommen", "Come", "Come here, please! (to multiple people, informal)", "Imperative for 'ihr': use the normal present tense form (ihr kommt -> kommt)."
"null Sie bitte Platz!", "Nehmen", "nehmen", "Take", "Please take a seat! (formal)", "Imperative for formal 'Sie': verb + 'Sie' (nehmen + Sie). Same as question form but with '!'."
"null das Fenster auf!", "Mach", "machen", "Make/Do", "Open the window! (to one person, informal)", "Imperative for 'du' with separable verb: stem ('mach') + prefix to end ('auf')."
"null wir ins Kino!", "Gehen", "gehen", "Go", "Let's go to the cinema!", "Imperative for 'wir' (let's): verb (infinitive form) + 'wir' (Gehen wir...!)."
"Ich habe einen Bleistift null einen Kugelschreiber.", "oder", "", "or", "I have a pencil or a pen.", "Coordinating conjunction 'oder' offers an alternative; word order stays the same."
"Ich gehe jetzt, null der Bus kommt.", "denn", "", "because", "I am going now because the bus is coming.", "'Denn' connects main clauses; verb position stays the same (kommt)."
"Ich kaufe Brot, null ich habe Hunger.", "weil", "", "because", "I am buying bread because I am hungry.", "Subordinating 'weil' moves the verb ('habe') to the very end of its clause."
"null du mir das Salz?", "Gibst", "geben", "Give", "Can you give me the salt? (informal request)", "Question form as a polite imperative: verb ('gibst') + 'du' + object."
"null Sie mir Ihren Namen?", "Geben", "geben", "Give", "Could you give me your name? (formal request)", "Question form as a polite imperative for 'Sie': verb ('geben') + 'Sie'."
"Das Buch ist null dem Tisch.", "unter", "", "under", "The book is under the table.", "Dative preposition 'unter' for location (where? - no movement)."
"Ich lege das Buch null den Tisch.", "unter", "", "under", "I put the book under the table.", "Accusative preposition 'unter' for direction (where to? - movement)."
"Die Lampe hängt null dem Tisch.", "über", "", "over/above", "The lamp hangs over the table.", "Dative preposition 'über' for location (where? - static)."
"Er hängt das Bild null das Sofa.", "über", "", "over/above", "He hangs the picture over the sofa.", "Accusative preposition 'über' for direction (where to? - movement)."
"Die Kinder stehen null dem Baum.", "neben", "", "next to", "The children are standing next to the tree.", "Dative preposition 'neben' for location (where?)."
"Ich stelle den Stuhl null den Tisch.", "neben", "", "next to", "I put the chair next to the table.", "Accusative preposition 'neben' for direction (where to?)."
"Meine Schlüssel sind null der Tasche.", "in", "", "in", "My keys are in the bag.", "Dative preposition 'in' for location (wo? -> in + dem = im)."
"Ich stecke die Schlüssel null die Tasche.", "in", "", "into", "I put the keys into the bag.", "Accusative preposition 'in' for direction (wohin? -> in + die)."
"Die Zeitung liegt null dem Sofa.", "auf", "", "on", "The newspaper is lying on the sofa.", "Dative preposition 'auf' for location (wo? -> auf + dem)."
"Ich lege die Zeitung null das Sofa.", "auf", "", "onto", "I put the newspaper onto the sofa.", "Accusative preposition 'auf' for direction (wohin? -> auf + das)."
"Ich war gestern null Supermarkt.", "im", "", "in the", "I was at the supermarket yesterday.", "Contraction 'im' (in + dem) for Dative location."
"Sie geht null die Post.", "zur", "", "to the", "She is going to the post office.", "Contraction 'zur' (zu + der) for Dative direction (zu + feminine noun)."
"Das Geschenk ist null Peter.", "für", "", "for", "The gift is for Peter.", "Preposition 'für' is always followed by the Accusative case."
"Ohne null kann ich nicht kochen.", "Wasser", "", "water", "Without water I cannot cook.", "Preposition 'ohne' (without) is always followed by the Accusative case."
"Das Haus ist null meinen Eltern.", "von", "", "of/from", "The house belongs to my parents. (The house is from my parents.)", "Preposition 'von' (of/from) is always followed by the Dative case."
"Ich fahre null dem Zug.", "mit", "", "with", "I am traveling by train. (I am traveling with the train.)", "Preposition 'mit' (with) is always followed by the Dative case."
"Ich komme null Schule.", "aus der", "", "from the", "I am coming from school.", "Preposition 'aus' (from) is always followed by the Dative case (aus + der)."
"Das findet null Samstag statt.", "am", "", "on the", "That takes place on Saturday.", "Time expression: 'am' (an + dem) is used for days of the week (Dative)."
"null Abend sehe ich fern.", "Am", "", "In the", "In the evening I watch TV.", "Time expression: 'am' (an + dem) is used for 'Abend', 'Morgen', etc."
"Er arbeitet null Wochenende.", "am", "", "on the", "He works on the weekend.", "Time expression: 'am Wochenende' (on the weekend) is a fixed phrase."
"Wir treffen uns null 10 Uhr.", "um", "", "at", "We are meeting at 10 o'clock.", "Time expression: 'um' is used for precise clock times (Accusative)."
"Ich bleibe null zu Hause.", "zu", "", "to/at", "I am staying at home.", "'zu Hause' (at home) is a fixed expression; 'zu' is a Dative preposition here."
"Der Film beginnt null 20 Uhr.", "um", "", "at", "The film starts at 8 p.m.", "Preposition 'um' for clock times; '20 Uhr' is formal for 8 p.m."
"Ich bin null Jahre alt.", "zwanzig", "", "twenty", "I am twenty years old.", "Numbers 20+ end with '-zig' (zwanzig, dreißig)."
"Das Buch kostet null Euro.", "fünfzehn", "", "fifteen", "The book costs fifteen euros.", "Number formation: 'fünf' (five) + 'zehn' (ten) = fünfzehn."
"Sie hat null Bücher.", "vier", "", "four", "She has four books.", "Cardinal number 'vier' comes before the noun and does not change."
"Ich warte null Minuten.", "zehn", "", "ten", "I am waiting for ten minutes.", "Time expression with numbers: number + 'Minuten' (plural)."
"null Mann ist groß.","der","Mann","masculine","The man is tall.","der is used for masculine nouns, often referring to male people."
"null Frau heißt Anna.","die","Frau","feminine","The woman is called Anna.","die is used for feminine nouns, often referring to female people."
"null Kind spielt.","das","Kind","neuter","The child is playing.","das is used for neuter nouns, often for young beings."
"null Tisch ist neu.","der","Tisch","masculine","The table is new.","der is used for many masculine nouns, especially one-syllable objects."
"null Lampe leuchtet.","die","Lampe","feminine","The lamp is shining.","die is used for most feminine nouns, particularly those ending in -e."
"null Buch ist spannend.","das","Buch","neuter","The book is exciting.","das is used for many neuter nouns, often everyday objects."
"null Hund bellt.","der","Hund","masculine","The dog is barking.","der is used for masculine animals."
"null Katze schläft.","die","Katze","feminine","The cat is sleeping.","die is used for feminine animals."
"null Haus ist groß.","das","Haus","neuter","The house is big.","das is used for many neuter nouns, including buildings."
"null Mädchen heißt Lisa.","das","Mädchen","neuter","The girl is called Lisa.","das is used because nouns ending in -chen are always neuter."
"null Milch ist kalt.","die","Milch","feminine","The milk is cold.","die is used for many feminine nouns, including drinks."
"null Bier ist gut.","das","Bier","neuter","The beer is good.","das is used for many neuter nouns, including beverages."
"null Apfel ist rot.","der","Apfel","masculine","The apple is red.","der is used for many masculine nouns, including fruit."
"null Banane ist gelb.","die","Banane","feminine","The banana is yellow.","die is used for most feminine nouns ending in -e."
"null Auto ist schnell.","das","Auto","neuter","The car is fast.","das is used for many neuter loanwords ending in -o."
"null Vater arbeitet.","der","Vater","masculine","The father works.","der is used for male family members."
"null Mutter kocht.","die","Mutter","feminine","The mother cooks.","die is used for female family members."
"null Baby schreit.","das","Baby","neuter","The baby is crying.","das is often used for young beings and loanwords."
"null Sonne scheint.","die","Sonne","feminine","The sun is shining.","die is used for most feminine nouns ending in -e."
"null Mond ist rund.","der","Mond","masculine","The moon is round.","der is used for many masculine nouns, including celestial bodies."
"null Wasser ist kalt.","das","Wasser","neuter","The water is cold.","das is used for many neuter nouns, including liquids."
"null Freiheit ist wichtig.","die","Freiheit","feminine","Freedom is important.","die is used for nouns ending in -heit."
"null Tourist kommt aus Berlin.","der","Tourist","masculine","The tourist comes from Berlin.","der is often used for male people ending in -ist."
"null Universität ist groß.","die","Universität","feminine","The university is big.","die is used for nouns ending in -tät."
"null Museum ist alt.","das","Museum","neuter","The museum is old.","das is used for nouns ending in -um."
"null Honig ist süß.","der","Honig","masculine","The honey is sweet.","der is used for many nouns ending in -ig."
"null Zeitung ist neu.","die","Zeitung","feminine","The newspaper is new.","die is used for most nouns ending in -ung."
"null Fräulein wohnt hier.","das","Fräulein","neuter","The young lady lives here.","das is used because nouns ending in -lein are always neuter."
"null Parkplatz ist frei.","der","Parkplatz","masculine","The parking space is free.","der is used for masculine compound nouns (last word: der Platz)."
"null Schlafzimmer ist groß.","das","Schlafzimmer","neuter","The bedroom is big.","das is used for neuter compound nouns (last word: das Zimmer)."
"Das ist ein Hund. Das sind zwei null.","Hunde","Hund","add -e","That is one dog. Those are two dogs.","Many one-syllable masculine/neuter nouns add -e (der Hund -> die Hunde)."
"Das ist ein Tisch. Das sind zwei null.","Tische","Tisch","add -e","That is one table. Those are two tables.","Many one-syllable masculine nouns add -e (der Tisch -> die Tische)."
"Das ist ein Buch. Das sind zwei null.","Bücher","Buch","add -er with umlaut","That is one book. Those are two books.","Many neuter nouns add -er and take an umlaut if possible (das Buch -> die Bücher)."
"Das ist ein Haus. Das sind zwei null.","Häuser","Haus","add -er with umlaut","That is one house. Those are two houses.","Many neuter nouns add -er and take an umlaut if possible (das Haus -> die Häuser)."
"Das ist eine Frau. Das sind zwei null.","Frauen","Frau","add -en","That is one woman. Those are two women.","Most feminine nouns add -n or -en (die Frau -> die Frauen)."
"Das ist eine Blume. Das sind zwei null.","Blumen","Blume","add -n","That is one flower. Those are two flowers.","Feminine nouns ending in -e add -n (die Blume -> die Blumen)."
"Das ist ein Mann. Das sind zwei null.","Männer","Mann","add -er with umlaut","That is one man. Those are two men.","Some masculine nouns add -er and take an umlaut (der Mann -> die Männer)."
"Das ist ein Apfel. Das sind zwei null.","Äpfel","Apfel","add umlaut only","That is one apple. Those are two apples.","Some masculine nouns with a, o, u add an umlaut, no other ending (der Apfel -> die Äpfel)."
"Das ist ein Vater. Das sind zwei null.","Väter","Vater","add umlaut only","That is one father. Those are two fathers.","Some masculine nouns with a, o, u add an umlaut, no other ending (der Vater -> die Väter)."
"Das ist ein Mädchen. Das sind zwei null.","Mädchen","Mädchen","no change","That is one girl. Those are two girls.","Nouns ending in -chen or -lein stay the same in plural (das Mädchen -> die Mädchen)."
"Das ist ein Löffel. Das sind zwei null.","Löffel","Löffel","no change","That is one spoon. Those are two spoons.","Nouns ending in -el, -en, -er often stay the same (der Löffel -> die Löffel)."
"Das ist ein Auto. Das sind zwei null.","Autos","Auto","add -s","That is one car. Those are two cars.","Foreign words and loanwords often add -s (das Auto -> die Autos)."
"Das ist ein Hotel. Das sind zwei null.","Hotels","Hotel","add -s","That is one hotel. Those are two hotels.","Foreign words and loanwords often add -s (das Hotel -> die Hotels)."
"Das ist eine Mutter. Das sind zwei null.","Mütter","Mutter","add umlaut only","That is one mother. Those are two mothers.","Some feminine nouns add an umlaut and no other ending (die Mutter -> die Mütter)."
"Das ist ein Ei. Das sind zwei null.","Eier","Ei","add -er","That is one egg. Those are two eggs.","Some one-syllable neuter nouns add -er (das Ei -> die Eier)."
"Das ist ein Kind. Das sind zwei null.","Kinder","Kind","add -er","That is one child. Those are two children.","Some neuter nouns add -er (das Kind -> die Kinder)."
"Das ist ein Bild. Das sind zwei null.","Bilder","Bild","add -er","That is one picture. Those are two pictures.","Some neuter nouns add -er (das Bild -> die Bilder)."
"Das ist ein Student. Das sind zwei null.","Studenten","Student","add -en","That is one male student. Those are two male students.","Masculine nouns ending in -ent, -ant, -ist add -en (der Student -> die Studenten)."
"Das ist eine Tasse. Das sind zwei null.","Tassen","Tasse","add -n","That is one cup. Those are two cups.","Feminine nouns ending in -e add -n (die Tasse -> die Tassen)."
"Das ist eine Lampe. Das sind zwei null.","Lampen","Lampe","add -n","That is one lamp. Those are two lamps.","Feminine nouns ending in -e add -n (die Lampe -> die Lampen)."
"Das ist eine Uhr. Das sind zwei null.","Uhren","Uhr","add -en","That is one clock. Those are two clocks.","Most feminine nouns add -n or -en (die Uhr -> die Uhren)."
"Das ist eine Tasche. Das sind zwei null.","Taschen","Tasche","add -n","That is one bag. Those are two bags.","Feminine nouns ending in -e add -n (die Tasche -> die Taschen)."
"Das ist ein Opa. Das sind zwei null.","Opas","Opa","add -s","That is one grandpa. Those are two grandpas.","Family names ending in -a often add -s (der Opa -> die Opas)."
"Das ist ein Oma. Das sind zwei null.","Omas","Oma","add -s","That is one grandma. Those are two grandmas.","Family names ending in -a often add -s (die Oma -> die Omas)."
"Das ist ein Bus. Das sind zwei null.","Busse","Bus","add -se","That is one bus. Those are two buses.","Some one-syllable masculine nouns add -e with double consonant (der Bus -> die Busse)."
"Das ist ein Fluss. Das sind zwei null.","Flüsse","Fluss","add -e with umlaut","That is one river. Those are two rivers.","Many masculine nouns with a, o, u add -e and an umlaut (der Fluss -> die Flüsse)."
"Das ist ein Zug. Das sind zwei null.","Züge","Zug","add -e with umlaut","That is one train. Those are two trains.","Many masculine nouns with a, o, u add -e and an umlaut (der Zug -> die Züge)."
"Das ist eine Stadt. Das sind zwei null.","Städte","Stadt","add -e with umlaut","That is one city. Those are two cities.","Some feminine nouns add -e and take an umlaut (die Stadt -> die Städte)."
"Das ist eine Nacht. Das sind zwei null.","Nächte","Nacht","add -e with umlaut","That is one night. Those are two nights.","Some feminine nouns add -e and take an umlaut (die Nacht -> die Nächte)."
"Das ist ein Park. Das sind zwei null.","Parks","Park","add -s","That is one park. Those are two parks.","Foreign words often add -s (der Park -> die Parks)."
"die Sonne + die Brille = die null","Sonnenbrille","Sonnenbrille","Noun + Noun","sunglasses","Compound nouns take the gender of the last word (die Brille → die Sonnenbrille)."
"der Tisch + das Bein = das null","Tischbein","Tischbein","Noun + Noun","table leg","Compound nouns take the gender of the last word (das Bein → das Tischbein)."
"das Auto + der Unfall = der null","Autounfall","Autounfall","Noun + Noun","car accident","Compound nouns take the gender of the last word (der Unfall → der Autounfall)."
"die Sonne + der Schirm = der null","Sonnenschirm","Sonnenschirm","Noun + Noun","sun umbrella / parasol","Compound nouns take the gender of the last word (der Schirm → der Sonnenschirm)."
"das Kind + das Zimmer = das null","Kinderzimmer","Kinderzimmer","Noun + Noun with -er- connector","children's room","Sometimes a connector (-er-) is added between words (das Kind + das Zimmer)."
"die Liebe + der Brief = der null","Liebesbrief","Liebesbrief","Noun + Noun with -s- connector","love letter","Sometimes a connector (-s-) is added between words (die Liebe + der Brief)."
"die Sonne + die Blume = die null","Sonnenblume","Sonnenblume","Noun + Noun with -n- connector","sunflower","Sometimes a connector (-n-) is added between words (die Sonne + die Blume)."
"der Hund + die Leine = die null","Hundeleine","Hundeleine","Noun + Noun with -e- connector","dog leash","Sometimes a connector (-e-) is added between words (der Hund + die Leine)."
"groß + die Stadt = die null","Großstadt","Großstadt","Adjective + Noun","city / metropolis","Adjectives can combine with nouns (groß + die Stadt → die Großstadt)."
"kalt + der Schrank = der null","Kühlschrank","Kühlschrank","Adjective + Noun (with umlaut)","refrigerator (lit. 'cold cupboard')","Adjective stems can combine (kalt becomes kühl- + der Schrank)."
"hoch + das Haus = das null","Hochhaus","Hochhaus","Adjective + Noun","high-rise building","Adjectives can combine with nouns (hoch + das Haus → das Hochhaus)."
"schnell + der Zug = der null","Schnellzug","Schnellzug","Adjective + Noun","express train","Adjectives can combine with nouns (schnell + der Zug → der Schnellzug)."
"schlafen + das Zimmer = das null","Schlafzimmer","Schlafzimmer","Verb stem + Noun","bedroom","Verb stem (schlaf-) combines with noun (das Schlafzimmer)."
"essen + das Zimmer = das null","Esszimmer","Esszimmer","Verb stem + Noun","dining room","Verb stem (ess-) combines with noun (das Esszimmer)."
"trinken + das Wasser = das null","Trinkwasser","Trinkwasser","Verb stem + Noun","drinking water","Verb stem (trink-) combines with noun (das Trinkwasser)."
"wohnen + das Zimmer = das null","Wohnzimmer","Wohnzimmer","Verb stem + Noun","living room","Verb stem (wohn-) combines with noun (das Wohnzimmer)."
"vor + der Ort = der null","Vorort","Vorort","Preposition + Noun","suburb","Prepositions can combine with nouns (vor + der Ort → der Vorort)."
"neben + die Sache = die null","Nebensache","Nebensache","Preposition + Noun","minor matter / side issue","Prepositions can combine with nouns (neben + die Sache → die Nebensache)."
"nach + der Tisch = der null","Nachtisch","Nachtisch","Preposition + Noun","dessert (lit. 'after-table')","Prepositions can combine with nouns (nach + der Tisch → der Nachtisch)."
"die Hand + der Schuh = der null","Handschuh","Handschuh","Noun + Noun","glove (lit. 'hand shoe')","A classic example of descriptive German compounds."
"der Staub + saugen + der null","Staubsauger","Staubsauger","Noun + Verb stem + -er","vacuum cleaner (lit. 'dust sucker')","Verb stems can be nominalized with -er (saugen → Sauger)."
"die Nackt + die Schnecke = die null","Nacktschnecke","Nacktschnecke","Adjective + Noun","slug (lit. 'naked snail')","Adjective (nackt) combines with noun (die Schnecke)."
"der Fuß + der Boden + schleifen + die Maschine + der Verleih = der null","Fußbodenschleifmaschinenverleih","Fußbodenschleifmaschinenverleih","Long compound","floor sanding machine rental","German can create very long descriptive compounds."
"das Auge + der Arzt = der null","Augenarzt","Augenarzt","Noun + Noun with -n- connector","eye doctor","Sometimes a connector (-n-) is added (das Auge → der Augenarzt)."
"die Katze + die Tür = die null","Katzentür","Katzentür","Noun + Noun with -en- connector","cat door","Sometimes a connector (-en-) is added (die Katze → die Katzentür)."
"der Kopf + der Schmerz = der null","Kopfschmerz","Kopfschmerz","Noun + Noun","headache","Simple noun-noun combination (der Kopf + der Schmerz)."
"die Arbeit + der Tisch = der null","Arbeitstisch","Arbeitstisch","Noun + Noun","work table / desk","Simple noun-noun combination (die Arbeit + der Tisch)."
"das Buch + der Laden = der null","Buchladen","Buchladen","Noun + Noun","bookshop","Simple noun-noun combination (das Buch + der Laden)."
"das Jahr + die Zeit + die null","Jahreszeit","Jahreszeit","Noun + Noun with -es- connector","season","Sometimes a connector (-es-) is added (das Jahr + die Zeit)."
"die Kirche + der Turm + der null","Kirchturm","Kirchturm","Noun + Noun","church tower","Simple noun-noun combination (die Kirche + der Turm)."
"null Mann ist hier.","der","Mann","male person","The man is here.","Masculine: male people and animals are usually der (der Mann, der Vater)."
"null Frau heißt Anna.","die","Frau","female person","The woman is called Anna.","Feminine: female people and animals are usually die (die Frau, die Mutter)."
"null Kind spielt.","das","Kind","young being","The child is playing.","Neuter: young beings are often das (das Kind, das Baby)."
"null Honig ist süß.","der","Honig","ends in -ig","The honey is sweet.","Masculine clue: nouns ending in -ig are usually der (der Honig, der König)."
"null Freiheit ist wichtig.","die","Freiheit","ends in -heit","Freedom is important.","Feminine clue: nouns ending in -heit are always die (die Freiheit, die Gesundheit)."
"null Möglichkeit gibt es.","die","Möglichkeit","ends in -keit","There is a possibility.","Feminine clue: nouns ending in -keit are always die (die Möglichkeit, die Schwierigkeit)."
"null Zeitung ist neu.","die","Zeitung","ends in -ung","The newspaper is new.","Feminine clue: nouns ending in -ung are always die (die Zeitung, die Wohnung)."
"null Freundschaft ist schön.","die","Freundschaft","ends in -schaft","Friendship is beautiful.","Feminine clue: nouns ending in -schaft are always die (die Freundschaft, die Mannschaft)."
"null Universität ist groß.","die","Universität","ends in -tät","The university is big.","Feminine clue: nouns ending in -tät are always die (die Universität, die Qualität)."
"null Situation ist komisch.","die","Situation","ends in -ion","The situation is funny.","Feminine clue: nouns ending in -ion are always die (die Situation, die Nation)."
"null Musik ist laut.","die","Musik","ends in -ik","The music is loud.","Feminine clue: nouns ending in -ik are usually die (die Musik, die Grammatik)."
"null Philosophie ist interessant.","die","Philosophie","ends in -ie","Philosophy is interesting.","Feminine clue: nouns ending in -ie are usually die (die Philosophie, die Biologie)."
"null Kultur ist vielfältig.","die","Kultur","ends in -ur","Culture is diverse.","Feminine clue: nouns ending in -ur are usually die (die Kultur, die Natur)."
"null Mädchen heißt Lisa.","das","Mädchen","ends in -chen","The girl is called Lisa.","Neuter clue: nouns ending in -chen are always das (das Mädchen, das Brötchen)."
"null Fräulein wohnt hier.","das","Fräulein","ends in -lein","The young lady lives here.","Neuter clue: nouns ending in -lein are always das (das Fräulein, das Büchlein)."
"null Museum ist alt.","das","Museum","ends in -um","The museum is old.","Neuter clue: nouns ending in -um are usually das (das Museum, das Datum)."
"null Instrument spielt.","das","Instrument","ends in -ment","The instrument is playing.","Neuter clue: nouns ending in -ment are usually das (das Instrument, das Dokument)."
"null Thema ist schwer.","das","Thema","ends in -ma","The topic is difficult.","Neuter clue: nouns ending in -ma are often das (das Thema, das Drama)."
"null Auto ist schnell.","das","Auto","ends in -o","The car is fast.","Neuter clue: nouns ending in -o are often das (das Auto, das Kino)."
"null Montag ist anstrengend.","der","Montag","day of week","Monday is exhausting.","Masculine clue: days of the week are der (der Montag, der Dienstag)."
"null Januar ist kalt.","der","Januar","month","January is cold.","Masculine clue: months are der (der Januar, der Februar)."
"null Sommer ist heiß.","der","Sommer","season","Summer is hot.","Masculine clue: seasons are der (der Sommer, der Winter)."
"null Regen ist nass.","der","Regen","weather","Rain is wet.","Masculine clue: most weather phenomena are der (der Regen, der Schnee, der Wind)."
"null Norden ist kalt.","der","Norden","direction","The north is cold.","Masculine clue: directions are der (der Norden, der Süden)."
"null BMW fährt schnell.","der","BMW","car brand","The BMW drives fast.","Masculine clue: car brands are der (der BMW, der Mercedes)."
"null Donau fließt durch Wien.","die","Donau","river","The Danube flows through Vienna.","Feminine clue: most German rivers are die (die Donau, die Elbe). BUT: der Rhein."
"null Rose ist rot.","die","Rose","flower","The rose is red.","Feminine clue: most flowers are die (die Rose, die Tulpe)."
"null Banane ist gelb.","die","Banane","fruit","The banana is yellow.","Feminine clue: most fruits are die (die Banane, die Orange). BUT: der Apfel."
"null Gold ist wertvoll.","das","Gold","metal","Gold is valuable.","Neuter clue: metals are das (das Gold, das Silber, das Eisen)."
"null Lernen macht Spaß.","das","Lernen","verb as noun","Learning is fun.","Neuter clue: verbs used as nouns (gerunds) are das (das Lernen, das Schwimmen)."
"Ich null Deutsch.","lerne","lernen","to learn","I learn German / I am learning German.","Present tense: ich = stem + -e (lern + e = lerne)."
"Du null in Berlin.","wohnst","wohnen","to live","You live in Berlin.","Present tense: du = stem + -st (wohn + st = wohnst)."
"Er null Kaffee.","trinkt","trinken","to drink","He drinks coffee.","Present tense: er/sie/es = stem + -t (trink + t = trinkt)."
"Wir null Pizza.","essen","essen","to eat (regular)","We eat pizza.","Present tense: wir = infinitive (essen) – same as sie/Sie form."
"Ihr null Fußball.","spielt","spielen","to play","You (plural) play football.","Present tense: ihr = stem + -t (spiel + t = spielt)."
"Sie null morgen.","kommen","kommen","to come","They are coming tomorrow.","Present tense: sie (they) = infinitive (kommen)."
"null du gut Deutsch?","Sprichst","sprechen","to speak (stem change)","Do you speak German well?","Stem change e → i for du: sprechen → du sprichst."
"Er null in München.","wohnt","wohnen","to live","He lives in Munich.","Present tense: er = stem + -t (wohn + t = wohnt)."
"Meine Eltern null in Köln.","wohnen","wohnen","to live","My parents live in Cologne.","Plural subject (meine Eltern) = sie form → wohnen."
"null du mich?","Hörst","hören","to hear","Do you hear me?","Present tense: du = stem + -st (hör + st = hörst)."
"Das Buch null 10 Euro.","kostet","kosten","to cost","The book costs 10 euros.","Present tense: das (es) = stem + -t (kost + t = kostet)."
"null ihr morgen?","Kommt","kommen","to come","Are you (plural) coming tomorrow?","Yes/no question: verb first (Kommt ihr?)"
"Frau Müller, null Sie hier?","arbeiten","arbeiten","to work","Mrs. Müller, do you work here?","Formal Sie = verb infinitive (arbeiten)."
"Ich null Tee.","trinke","trinken","to drink","I drink tea.","Present tense: ich = stem + -e (trink + e = trinke)."
"Du null schnell.","lernst","lernen","to learn","You learn quickly.","Present tense: du = stem + -st (lern + st = lernst)."
"Wir null im Hotel.","schlafen","schlafen","to sleep (stem change)","We sleep in the hotel.","wir form = infinitive (schlafen) – no stem change."
"null du mich?","Fragst","fragen","to ask","Do you ask me?","Present tense: du = stem + -st (frag + st = fragst)."
"Er null im Büro.","arbeitet","arbeiten","to work","He works in the office.","Stem ends in -t → add -et for er: arbeit + et = arbeitet."
"null du Milch?","Kaufst","kaufen","to buy","Do you buy milk?","Present tense: du = stem + -st (kauf + st = kaufst)."
"Wir null Hilfe.","brauchen","brauchen","to need","We need help.","wir form = infinitive (brauchen)."
"Ihr null Musik.","hört","hören","to hear","You (plural) hear music.","Present tense: ihr = stem + -t (hör + t = hört)."
"Sie null ein Haus.","kaufen","kaufen","to buy","They are buying a house.","sie (they) = infinitive (kaufen)."
"null du mich?","Hörst","hören","to hear","Do you hear me?","Question word order: verb first (Hörst du...?)"
"Ich null Wasser.","trinke","trinken","to drink","I drink water.","Present tense: ich = stem + -e (trink + e = trinke)."
"Er null schnell.","läuft","laufen","to run (stem change)","He runs fast.","Stem change a → ä for er: laufen → er läuft."
"Du null im Supermarkt.","kaufst","kaufen","to buy","You buy at the supermarket.","Present tense: du = stem + -st (kauf + st = kaufst)."
"Wir null Freunde.","treffen","treffen","to meet (stem change)","We meet friends.","wir form = infinitive (treffen) – no stem change."
"null ihr mich?","Hört","hören","to hear","Do you (plural) hear me?","Yes/no question: verb first (Hört ihr...?)"
"Das Kind null im Bett.","schläft","schlafen","to sleep (stem change)","The child sleeps in bed.","Stem change a → ä for es: schlafen → es schläft."
"null du im Restaurant?","Isst","essen","to eat (stem change)","Do you eat in the restaurant?","Stem change e → i for du: essen → du isst."
"Ich null Maria.","bin","sein","to be","I am Maria.","sein is completely irregular: ich bin, du bist, er/sie/es ist."
"Du null mein Freund.","bist","sein","to be","You are my friend.","sein: du form is bist (not regular -st ending)."
"Er null aus Spanien.","ist","sein","to be","He is from Spain.","sein: er form is ist (completely different from stem)."
"Wir null im Kino.","sind","sein","to be","We are at the cinema.","sein: wir form is sind (like sie/Sie form)."
"Ihr null sehr nett.","seid","sein","to be","You guys are very nice.","sein: ihr form is seid (unique form)."
"Sie null meine Eltern.","sind","sein","to be","They are my parents.","sein: sie (they) form is sind, same as wir."
"null du müde?","Bist","sein","to be","Are you tired?","Yes/no question: verb first (Bist du...?)"
"Das null mein Hund.","ist","sein","to be","That is my dog.","Das ist is used for introducing people/things."
"null Sie Frau Schmidt?","Sind","sein","to be","Are you Mrs. Schmidt?","Formal Sie uses sind (capital S in question)."
"Ich null eine Frage.","habe","haben","to have","I have a question.","haben: ich form is habe (regular ich ending)."
"Du null ein Auto.","hast","haben","to have","You have a car.","haben: du form is hast (stem changes: hab → ha)."
"Er null zwei Brüder.","hat","haben","to have","He has two brothers.","haben: er form is hat (stem change, no -t ending)."
"Wir null Zeit.","haben","haben","to have","We have time.","haben: wir form is haben (regular infinitive)."
"Ihr null Haustiere.","habt","haben","to have","You guys have pets.","haben: ihr form is habt (regular ihr ending)."
"Sie null ein Haus.","haben","haben","to have","They have a house.","haben: sie (they) form is haben."
"null du einen Bleistift?","Hast","haben","to have","Do you have a pencil?","Yes/no question with haben: Hast du...?"
"Er null Hunger.","hat","haben","to have","He is hungry.","Idiom: Hunger haben = to be hungry (lit. 'have hunger')."
"Ich null Durst.","habe","haben","to have","I am thirsty.","Idiom: Durst haben = to be thirsty."
"null ihr Angst?","Habt","haben","to have","Are you guys afraid?","Idiom: Angst haben = to be afraid."
"Wir null Recht.","haben","haben","to have","We are right.","Idiom: Recht haben = to be right."
"Du null Glück.","hast","haben","to have","You are lucky.","Idiom: Glück haben = to be lucky."
"Ich null 25 Jahre alt.","bin","sein","to be","I am 25 years old.","Age uses sein in German: Ich bin ... Jahre alt."
"Sie null meine Schwester.","ist","sein","to be","She is my sister.","sie (she) + ist for feminine subject."
"null du Zeit?","Hast","haben","to have","Do you have time?","Question: verb first, subject second."
"Ich null keine Geschwister.","habe","haben","to have","I have no siblings.","Negation with kein: Ich habe keine..."
"Das null ein Tisch.","ist","sein","to be","That is a table.","sein + nominative on both sides."
"null ihr aus Berlin?","Seid","sein","to be","Are you guys from Berlin?","ihr form of sein: seid."
"Er null Fieber.","hat","haben","to have","He has a fever.","Idiom: Fieber haben = to have a temperature."
"null Sie Herr Müller?","Sind","sein","to be","Are you Mr. Müller?","Formal Sie form: Sind Sie...?"
"Wir null im Restaurant.","sind","sein","to be","We are in the restaurant.","Location uses sein + dative (im = in dem)."
"Er null Deutsch.","spricht","sprechen","e → i","He speaks German.","Stem change e → i for er: sprechen → er spricht."
"Du null Englisch.","sprichst","sprechen","e → i","You speak English.","Stem change e → i for du: sprechen → du sprichst."
"Ich null Spanisch.","spreche","sprechen","no change","I speak Spanish.","ich form has no stem change: ich spreche."
"null du mir?","Hilfst","helfen","e → i","Do you help me?","Stem change e → i for du: helfen → du hilfst."
"Er null seiner Mutter.","hilft","helfen","e → i","He helps his mother.","Stem change e → i for er: helfen → er hilft."
"Wir null gern.","helfen","helfen","no change","We like to help.","wir form has no stem change: wir helfen."
"Sie null einen Apfel.","isst","essen","e → i","She eats an apple.","Stem change e → i for sie: essen → sie isst."
"null du Schokolade?","Isst","essen","e → i","Do you eat chocolate?","Stem change e → i for du: essen → du isst."
"Ich null Pizza.","esse","essen","no change","I eat pizza.","ich form has no stem change: ich esse."
"Er null den Bus.","nimmt","nehmen","e → i","He takes the bus.","Stem change e → i for er: nehmen → er nimmt."
"null du den Zug?","Nimmst","nehmen","e → i","Do you take the train?","Stem change e → i for du: nehmen → du nimmst."
"Wir null ein Taxi.","nehmen","nehmen","no change","We take a taxi.","wir form has no stem change: wir nehmen."
"Sie null ihre Freunde.","trifft","treffen","e → i","She meets her friends.","Stem change e → i for sie: treffen → sie trifft."
"null du mich heute?","Triffst","treffen","e → i","Do you meet me today?","Stem change e → i for du: treffen → du triffst."
"Ich null ihn morgen.","treffe","treffen","no change","I meet him tomorrow.","ich form has no stem change: ich treffe."
"Er null mir ein Buch.","gibt","geben","e → i","He gives me a book.","Stem change e → i for er: geben → er gibt."
"null du mir Geld?","Gibst","geben","e → i","Do you give me money?","Stem change e → i for du: geben → du gibst."
"Wir null nichts.","geben","geben","no change","We give nothing.","wir form has no stem change: wir geben."
"Sie null viel.","vergisst","vergessen","e → i","She forgets a lot.","Stem change e → i for sie: vergessen → sie vergisst."
"null du immer?","Vergisst","vergessen","e → i","Do you always forget?","Stem change e → i for du: vergessen → du vergisst."
"Ich null nie.","vergesse","vergessen","no change","I never forget.","ich form has no stem change: ich vergesse."
"Er null gern.","liest","lesen","e → ie","He likes to read.","Stem change e → ie for er: lesen → er liest."
"null du Zeitung?","Liest","lesen","e → ie","Do you read the newspaper?","Stem change e → ie for du: lesen → du liest."
"Wir null Bücher.","lesen","lesen","no change","We read books.","wir form has no stem change: wir lesen."
"Sie null den Hund.","sieht","sehen","e → ie","She sees the dog.","Stem change e → ie for sie: sehen → sie sieht."
"null du den Vogel?","Siehst","sehen","e → ie","Do you see the bird?","Stem change e → ie for du: sehen → du siehst."
"Ich null nichts.","sehe","sehen","no change","I see nothing.","ich form has no stem change: ich sehe."
"Er null nach Berlin.","fährt","fahren","a → ä","He drives to Berlin.","Stem change a → ä for er: fahren → er fährt."
"null du nach Hause?","Fährst","fahren","a → ä","Do you drive home?","Stem change a → ä for du: fahren → du fährst."
"Wir null in Urlaub.","fahren","fahren","no change","We drive on vacation.","wir form has no stem change: wir fahren."
"Ich null um 7 Uhr null.","stehe auf","aufstehen","auf- + stehen","I get up at 7 o'clock.","Separable verb: prefix (auf-) goes to the end → Ich stehe um 7 Uhr auf."
"Du null früh null.","stehst auf","aufstehen","auf- + stehen","You get up early.","du form: stem changes, prefix at end → Du stehst früh auf."
"Er null seine Mutter null.","ruft an","anrufen","an- + rufen","He calls his mother.","Separable verb: anrufen → er ruft ... an."
"null du mich später null?","Rufst an","anrufen","an- + rufen","Will you call me later?","Question: verb first, prefix at end → Rufst du mich später an?"
"Wir null im Supermarkt null.","kaufen ein","einkaufen","ein- + kaufen","We shop at the supermarket.","wir kaufen ... ein → prefix ein- at the end."
"Ihr null ins Kino null?","kommt mit","mitkommen","mit- + kommen","Are you guys coming along to the cinema?","ihr kommt ... mit → prefix mit- at the end."
"Sie null uns null.","besuchen","besuchen","be- is inseparable","They visit us.","Inseparable prefix: no separation → Sie besuchen uns."
"null du mich null?","Hörst zu","zuhören","zu- + hören","Are you listening to me?","zuhören: du hörst ... zu → prefix zu- at end."
"Die Kinder null gern null.","sehen fern","fernsehen","fern- + sehen","The children like to watch TV.","fernsehen: sie sehen ... fern → prefix fern- at end."
"Ich null um 8 Uhr null.","komme an","ankommen","an- + kommen","I arrive at 8 o'clock.","ankommen: ich komme ... an → prefix an- at end."
"Der Zug null pünktlich null.","kommt an","ankommen","an- + kommen","The train arrives on time.","er kommt ... an → prefix an- at end."
"null du morgen früh null?","Fährst ab","abfahren","ab- + fahren","Are you departing tomorrow morning?","abfahren: du fährst ... ab → prefix ab- at end."
"Wir null heute null.","fahren ab","abfahren","ab- + fahren","We depart today.","wir fahren ... ab → prefix ab- at end."
"Er null seine Oma null.","holt ab","abholen","ab- + holen","He picks up his grandma.","abholen: er holt ... ab → prefix ab- at end."
"null du mich vom Bahnhof null?","Holst ab","abholen","ab- + holen","Will you pick me up from the station?","Frage: Holst du mich ... ab?"
"Ich null das Buch null.","gebe ab","abgeben","ab- + geben","I hand in the book.","abgeben: ich gebe ... ab → prefix ab- at end."
"Sie null die Tickets null.","gibt ab","abgeben","ab- + geben","She hands in the tickets.","sie gibt ... ab → prefix ab- at end."
"Wir null die Party null.","sagen ab","absagen","ab- + sagen","We cancel the party.","absagen: wir sagen ... ab → prefix ab- at end."
"Ihr null die Prüfung null?","sagt ab","absagen","ab- + sagen","Are you guys cancelling the exam?","ihr sagt ... ab → prefix ab- at end."
"Ich null dich morgen null.","lade ein","einladen","ein- + laden","I invite you tomorrow.","einladen: ich lade ... ein → prefix ein- at end."
"null du deine Freunde null?","Lädst ein","einladen","ein- + laden","Do you invite your friends?","einladen: du lädst ... ein → a→ä stem change."
"Er null uns zur Party null.","lädt ein","einladen","ein- + laden","He invites us to the party.","er lädt ... ein → a→ä stem change."
"Wir null euch null.","laden ein","einladen","ein- + laden","We invite you guys.","wir laden ... ein → no stem change in wir form."
"null du mit null?","Machst mit","mitmachen","mit- + machen","Are you joining in?","mitmachen: du machst ... mit → prefix mit- at end."
"Die Kinder null beim Spiel null.","machen mit","mitmachen","mit- + machen","The children join in the game.","sie machen ... mit → prefix mit- at end."
"Ich null den Text null.","schreibe ab","abschreiben","ab- + schreiben","I copy the text.","abschreiben: ich schreibe ... ab → prefix ab- at end."
"null du die Adresse null?","Schreibst ab","abschreiben","ab- + schreiben","Are you copying the address?","abschreiben: du schreibst ... ab."
"Wir null das Geld null.","zahlen zurück","zurückzahlen","zurück- + zahlen","We pay back the money.","zurückzahlen: wir zahlen ... zurück → prefix zurück- at end."
"Er null mir das Buch null.","gibt zurück","zurückgeben","zurück- + geben","He gives me back the book.","zurückgeben: er gibt ... zurück → stem change e→i."
"null du mich heute null?","Rufst zurück","zurückrufen","zurück- + rufen","Will you call me back today?","zurückrufen: du rufst ... zurück → prefix zurück- at end."
"Die Vorstellung null um 20 Uhr null.","findet statt","stattfinden","statt- + finden","The performance takes place at 8 p.m.","stattfinden: sie findet ... statt → prefix statt- at end."
"Ich null Deutsch sprechen.","kann","können","ability","I can speak German.","Modal verb in position 2, main verb infinitive at end: Ich kann Deutsch sprechen."
"null du mir helfen?","Kannst","können","ability/question","Can you help me?","Yes/no question: modal verb first (Kannst du...?), main verb at end."
"Er null gut kochen.","kann","können","ability","He can cook well.","er form: kann (stem change, no ending)."
"Wir null heute kommen.","können","können","possibility","We can come today.","wir form: können (same as infinitive)."
"Ihr null hier warten.","könnt","können","possibility","You (plural) can wait here.","ihr form: könnt (regular -t ending, with umlaut)."
"null Sie mich verstehen?","Können","können","ability/formal","Can you understand me?","Formal Sie: Können Sie...? (capital K for politeness)."
"Sie null Klavier spielen.","kann","können","ability","She can play piano.","sie (she) form: kann (stem change)."
"null du Englisch?","Kannst","können","ability/omission","Do you know English?","Main verb often omitted when obvious: Kannst du Englisch (sprechen)?"
"Ich null Deutsch lernen.","will","wollen","intention","I want to learn German.","wollen: ich will (irregular, no ending)."
"Was null du essen?","willst","wollen","desire","What do you want to eat?","du form: willst (stem change will- + -st)."
"Er null nach Berlin fahren.","will","wollen","intention","He wants to go to Berlin.","er form: will (same as ich)."
"Wir null ein Haus kaufen.","wollen","wollen","desire/plan","We want to buy a house.","wir form: wollen (same as infinitive)."
"null ihr mitkommen?","Wollt","wollen","desire/question","Do you (plural) want to come along?","ihr form: wollt (regular -t ending)."
"Sie null uns besuchen.","wollen","wollen","intention","They want to visit us.","sie (they) form: wollen."
"null du einen Kaffee?","Willst","wollen","desire/omission","Do you want a coffee?","Main verb often omitted: Willst du (einen Kaffee trinken)?"
"Frau Schmidt, null Sie zahlen?","Wollen","wollen","desire/formal","Mrs. Schmidt, do you want to pay?","Formal Sie: Wollen Sie...?"
"Ich null Schokolade.","mag","mögen","liking","I like chocolate.","mögen + noun: ich mag (irregular, no ending)."
"null du Katzen?","Magst","mögen","liking","Do you like cats?","du form: magst (stem mag- + -st)."
"Er null Fußball.","mag","mögen","liking","He likes soccer.","er form: mag (same as ich)."
"Wir null italienisches Essen.","mögen","mögen","liking","We like Italian food.","wir form: mögen (same as infinitive)."
"null ihr Musik?","Mögt","mögen","liking","Do you (plural) like music?","ihr form: mögt (regular -t ending, with umlaut)."
"Sie null Filme.","mögen","mögen","liking","They like movies.","sie (they) form: mögen."
"null Sie Tee oder Kaffee?","Mögen","mögen","liking/formal","Do you like tea or coffee?","Formal Sie: Mögen Sie...?"
"Ich null einen Kaffee trinken.","möchte","möchten","polite wish","I would like to drink a coffee.","möchten (polite form) → ich möchte + infinitive at end."
"null du etwas essen?","Möchtest","möchten","polite question","Would you like to eat something?","du form: möchtest (most common for polite offers)."
"Er null nach Hause gehen.","möchte","möchten","polite wish","He would like to go home.","er form: möchte (same as ich)."
"Wir null zahlen.","möchten","möchten","polite request","We would like to pay.","Common restaurant phrase: Wir möchten zahlen."
"null ihr ins Kino gehen?","Möchtet","möchten","polite question","Would you (plural) like to go to the cinema?","ihr form: möchtet."
"null Sie einen Tee?","Möchten","möchten","polite/formal","Would you like a tea?","Formal Sie: Möchten Sie...? (main verb often omitted)."
"Ich null dich.","mag","mögen","liking people","I like you.","mögen used without second verb for liking people: Ich mag dich."
"null bin müde.","Ich","ich","1st person singular","I am tired.","Personal pronoun for 1st person singular: ich (always capitalized in German, but not at start of sentence here)."
"null bist mein Freund.","Du","du","2nd person informal","You are my friend.","Personal pronoun for addressing one person informally: du."
"null kommt aus Spanien.","Er","er","3rd person masculine","He comes from Spain.","Personal pronoun for masculine nouns/people: er."
"null heißt Anna.","Sie","sie","3rd person feminine","She is called Anna.","Personal pronoun for feminine nouns/people: sie (lowercase s for 'she')."
"null regnet heute.","Es","es","3rd person neuter","It is raining today.","Personal pronoun for neuter nouns and impersonal expressions: es."
"null gehen ins Kino.","Wir","wir","1st person plural","We are going to the cinema.","Personal pronoun for 1st person plural (we): wir."
"null seid sehr nett.","Ihr","ihr","2nd person plural","You guys are very nice.","Personal pronoun for addressing multiple people informally: ihr."
"null wohnen in Berlin.","Sie","sie","3rd person plural","They live in Berlin.","Personal pronoun for 3rd person plural (they): sie (lowercase s)."
"Frau Schmidt, null sind sehr freundlich.","Sie","Sie","formal singular","Mrs. Schmidt, you are very friendly.","Formal personal pronoun: Sie (always capitalized) for one or more people."
"null lerne Deutsch.","Ich","ich","1st person singular","I learn German.","ich + verb with -e ending: Ich lerne."
"null lernst schnell.","Du","du","2nd person informal","You learn quickly.","du + verb with -st ending: Du lernst."
"null spielt Fußball.","Er","er","3rd person masculine","He plays soccer.","er + verb with -t ending: Er spielt."
"null kocht gut.","Sie","sie","3rd person feminine","She cooks well.","sie (she) + verb with -t ending: Sie kocht."
"null ist kalt.","Es","es","3rd person neuter/impersonal","It is cold.","es + ist for weather expressions: Es ist kalt."
"null haben Zeit.","Wir","wir","1st person plural","We have time.","wir + verb infinitive: Wir haben."
"null habt ein Auto.","Ihr","ihr","2nd person plural","You guys have a car.","ihr + verb with -t ending: Ihr habt."
"null kommen morgen.","Sie","sie","3rd person plural","They are coming tomorrow.","sie (they) + verb infinitive: Sie kommen."
"null sind Herr Schmidt?","Sie","Sie","formal singular","Are you Mr. Schmidt?","Formal Sie + verb infinitive: Sind Sie...?"
"null heiße Maria.","Ich","ich","1st person singular","My name is Maria.","ich + heiße (irregular but ich form): Ich heiße."
"null heißt du?","Wie","wie","question word","What is your name?","Question word wie + verb + subject: Wie heißt du?"
"null wohnt in Berlin?","Wer","wer","question word for people","Who lives in Berlin?","Question word wer asks for a person/subject."
"null ist das?","Was","was","question word for things","What is that?","Question word was asks for a thing/object."
"null kommt heute?","Wer","wer","question word for people","Who is coming today?","wer + verb in 3rd person singular: Wer kommt?"
"null machst du?","Was","was","question word for activities","What are you doing?","was + verb + subject: Was machst du?"
"null geht es dir?","Wie","wie","question word for manner","How are you?","wie + verb + subject + dative pronoun: Wie geht es dir?"
"null alt bist du?","Wie","wie","question word + adjective","How old are you?","wie + adjective asks for specific attribute: Wie alt...?"
"null viele Kinder hast du?","Wie","wie","question word + adjective","How many children do you have?","wie + viele asks for countable quantity."
"null viel kostet das?","Wie","wie","question word + adjective","How much does that cost?","wie + viel asks for uncountable amount or price."
"null lange lernst du schon?","Wie","wie","question word + adjective","How long have you been learning?","wie + lange asks for duration."
"null spät ist es?","Wie","wie","question word + adjective","What time is it? (How late is it?)","wie + spät asks for time of day."
"Das ist null Buch.","mein","mein","my (neuter)","This is my book.","Possessive article must match noun gender: das Buch → mein Buch (neuter, no ending)."
"Ist das null Lampe?","deine","dein","your (feminine)","Is that your lamp?","Feminine nouns add -e: die Lampe → deine Lampe."
"null Bruder heißt Paul.","Mein","mein","my (masculine)","My brother is called Paul.","Masculine nouns: no ending (mein Bruder)."
"null Mutter ist Ärztin.","Meine","mein","my (feminine)","My mother is a doctor.","Feminine nouns add -e: meine Mutter."
"null Kinder sind klein.","Meine","mein","my (plural)","My children are small.","Plural nouns add -e: meine Kinder."
"Ist das null Freund?","dein","dein","your (masculine)","Is that your friend?","Masculine nouns: no ending (dein Freund)."
"Wo ist null Schwester?","deine","dein","your (feminine)","Where is your sister?","Feminine nouns add -e: deine Schwester."
"Sind das null Eltern?","deine","dein","your (plural)","Are those your parents?","Plural nouns add -e: deine Eltern."
"Das ist null Auto.","sein","sein","his (neuter)","That is his car.","Possessive for 'er' (he): sein + neuter noun (das Auto)."
"null Hund heißt Bello.","Sein","sein","his (masculine)","His dog is called Bello.","sein + masculine noun: sein Hund."
"Ich kenne null Frau.","seine","sein","his (feminine)","I know his wife.","Feminine noun adds -e: seine Frau."
"null Kinder sind noch klein.","Seine","sein","his (plural)","His children are still small.","Plural noun adds -e: seine Kinder."
"null Wohnung ist klein.","Ihre","ihr","her (feminine)","Her apartment is small.","Possessive for 'sie' (she): feminine noun → ihre Wohnung."
"Ist das null Bruder?","ihr","ihr","her (masculine)","Is that her brother?","Masculine noun: ihr Bruder (no ending)."
"Ich mag null Freundin.","ihre","ihr","her (feminine)","I like her friend (female).","Feminine noun: ihre Freundin."
"null Eltern sind nett.","Ihre","ihr","her (plural)","Her parents are nice.","Plural noun: ihre Eltern."
"Das ist null Haus.","unser","unser","our (neuter)","This is our house.","Possessive for 'wir' (we): neuter noun → unser Haus."
"null Vater arbeitet in Berlin.","Unser","unser","our (masculine)","Our father works in Berlin.","Masculine noun: unser Vater (no ending)."
"null Mutter kocht gut.","Unsere","unser","our (feminine)","Our mother cooks well.","Feminine noun: unsere Mutter."
"null Kinder spielen draußen.","Unsere","unser","our (plural)","Our children are playing outside.","Plural noun: unsere Kinder."
"Ist das null Hund?","euer","euer","your (plural, masc)","Is that your (guys') dog?","Possessive for 'ihr' (you plural): masculine noun → euer Hund."
"Wo ist null Schule?","eure","euer","your (plural, fem)","Where is your (guys') school?","euer loses -er- with ending: eure Schule."
"null Haus ist schön.","Euer","euer","your (plural, neut)","Your (guys') house is beautiful.","Neuter noun: euer Haus."
"null Bücher sind neu.","Eure","euer","your (plural, plural)","Your (guys') books are new.","Plural noun: eure Bücher."
"null Eltern kommen morgen.","Ihre","ihr","their (plural)","Their parents are coming tomorrow.","Possessive for 'sie' (they): plural noun → ihre Eltern."
"Das ist null Problem.","Ihr","ihr","their (neuter)","That is their problem.","Neuter noun: ihr Problem (no ending)."
"null Tochter heißt Anna.","Ihre","ihr","their (feminine)","Their daughter is called Anna.","Feminine noun: ihre Tochter."
"Frau Schmidt, ist das null Tasche?","Ihre","Ihr","your (formal, fem)","Mrs. Schmidt, is that your bag?","Formal 'Sie' possessive: Ihre Tasche (capital I, feminine ending)."
"Herr Müller, null Sohn ist sehr nett.","Ihr","Ihr","your (formal, masc)","Mr. Müller, your son is very nice.","Formal: Ihr Sohn (masculine, no ending)."
"null Kinder sind schon in der Schule.","Ihre","Ihr","your (formal, plural)","Your children are already in school.","Formal plural: Ihre Kinder."
"null heißt du?","Wie","wie","how/name","What is your name?","wie asks for name: Wie heißt du? (lit. How are you called?)"
"null wohnst du?","Wo","wo","where/location","Where do you live?","wo asks for static location: Wo wohnst du?"
"null kommst du?","Woher","woher","where from/origin","Where do you come from?","woher asks for origin/source: Woher kommst du?"
"null gehst du?","Wohin","wohin","where to/direction","Where are you going?","wohin asks for direction/movement: Wohin gehst du?"
"null ist das?","Wer","wer","who/person","Who is that?","wer asks for a person (subject): Wer ist das?"
"null ist das?","Was","was","what/thing","What is that?","was asks for a thing/object: Was ist das?"
"null kommst du?","Wann","wann","when/time","When are you coming?","wann asks for time: Wann kommst du?"
"null lernst du Deutsch?","Warum","warum","why/reason","Why are you learning German?","warum asks for reason: Warum lernst du Deutsch?"
"null alt bist du?","Wie","wie","how + adjective","How old are you?","wie + adjective asks for specific attribute: Wie alt...?"
"null groß ist dein Bruder?","Wie","wie","how + adjective","How tall is your brother?","wie + groß asks for height/size."
"null viele Kinder hast du?","Wie","wie","how + viele","How many children do you have?","wie viele asks for countable quantity."
"null viel kostet das?","Wie","wie","how + viel","How much does that cost?","wie viel asks for uncountable amount or price."
"null lange lernst du schon?","Wie","wie","how + lange","How long have you been learning?","wie lange asks for duration."
"null oft gehst du ins Kino?","Wie","wie","how + oft","How often do you go to the cinema?","wie oft asks for frequency."
"null spät ist es?","Wie","wie","how + spät","What time is it?","wie spät asks for time of day (lit. how late)."
"null geht es dir?","Wie","wie","how/manner","How are you?","wie + verb + dative: Wie geht es dir?"
"null Bus fährt nach Berlin?","Welcher","welcher","which + masc","Which bus goes to Berlin?","welcher + masculine noun (der Bus): Welcher Bus...?"
"null Übung machen wir jetzt?","Welche","welche","which + fem","Which exercise are we doing now?","welche + feminine noun (die Übung): Welche Übung...?"
"null Buch liest du?","Welches","welches","which + neut","Which book are you reading?","welches + neuter noun (das Buch): Welches Buch...?"
"null Filme magst du?","Welche","welche","which + plural","Which movies do you like?","welche + plural noun (die Filme): Welche Filme...?"
"null heißen Sie?","Wie","wie","formal name","What is your name? (formal)","Formal: Wie heißen Sie? (verb in plural form)"
"null wohnen Sie?","Wo","wo","formal location","Where do you live? (formal)","Formal: Wo wohnen Sie? (Sie with plural verb)"
"null kommen Sie?","Woher","woher","formal origin","Where do you come from? (formal)","Formal: Woher kommen Sie?"
"null gehen Sie?","Wohin","wohin","formal direction","Where are you going? (formal)","Formal: Wohin gehen Sie?"
"null sind Sie?","Wer","wer","formal person","Who are you? (formal)","Formal: Wer sind Sie? (wer + plural verb with Sie)"
"null ist passiert?","Was","was","what happened","What happened?","was + ist + past participle: Was ist passiert?"
"null kommt heute?","Wer","wer","who subject","Who is coming today?","wer + verb in 3rd person singular: Wer kommt?"
"null suchst du?","Wen","wen","whom object","Whom are you looking for?","wen (accusative) asks for person as object."
"null hilfst du?","Wem","wem","to whom","To whom are you helping?","wem (dative) asks for person as indirect object."
"null denkst du?","Woran","woran","what about","What are you thinking about?","woran (an + was) asks about a topic/idea."
"null Farben magst du?","Welche","welche","which colors","Which colors do you like?","welche + plural noun: Welche Farben...?"
"null Tisch ist neu.","Dieser","dieser","this (masculine)","This table is new.","dieser is used for masculine nouns (der Tisch) in nominative case."
"null Lampe ist kaputt.","Diese","diese","this (feminine)","This lamp is broken.","diese is used for feminine nouns (die Lampe) in nominative case."
"null Buch ist interessant.","Dieses","dieses","this (neuter)","This book is interesting.","dieses is used for neuter nouns (das Buch) in nominative case."
"null Schuhe sind zu klein.","Diese","diese","these (plural)","These shoes are too small.","diese is used for plural nouns (die Schuhe) in nominative case."
"Ich kaufe null Stuhl.","diesen","dieser","this one (accusative)","I'm buying this chair.","Accusative masculine: diesen Stuhl (der → den)."
"Ich mag null Lampe.","diese","dieser","this one (accusative fem)","I like this lamp.","Feminine nouns don't change in accusative: diese Lampe."
"Ich nehme null Buch.","dieses","dieser","this one (accusative neut)","I'll take this book.","Neuter nouns don't change in accusative: dieses Buch."
"null hier ist meins.","Dieser","dieser","this one (masculine)","This one here is mine.","Pronoun use: dieser replaces a masculine noun."
"null da drüben gehört mir.","Das","das","that one (neuter)","That one over there belongs to me.","das used as demonstrative pronoun for neuter nouns."
"null Frau dort kenne ich nicht.","Die","die","that one (feminine)","I don't know that woman there.","die used as demonstrative pronoun for feminine nouns."
"null Mann da ist mein Vater.","Der","der","that one (masculine)","That man there is my father.","der used as demonstrative pronoun for masculine nouns."
"null Leute dort sind nett.","Die","die","those (plural)","Those people over there are nice.","die used as demonstrative pronoun for plural nouns."
"null Haus da drüben ist alt.","Das","das","that (neuter)","That house over there is old.","das used as demonstrative for distant objects (jener is formal)."
"null Blumen sind schön.","Diese","diese","these (plural)","These flowers are beautiful.","diese + plural noun: diese Blumen."
"null Auto fährt schnell.","Dieses","dieses","this (neuter)","This car drives fast.","dieses + neuter noun: dieses Auto."
"null Pullover gefällt mir.","Dieser","dieser","this (masculine)","I like this sweater.","dieser + masculine noun: dieser Pullover."
"null Tasche ist teuer.","Diese","diese","this (feminine)","This bag is expensive.","diese + feminine noun: diese Tasche."
"Kennst du null Mann?","diesen","dieser","this/that one","Do you know this/that man?","Accusative masculine: diesen Mann (object of kennen)."
"null da drüben ist schön.","Das","das","that one","That one over there is beautiful.","das as demonstrative pronoun pointing to something."
"null sind meine Eltern.","Das","das","these/those","Those are my parents.","das is used as a demonstrative for plural introductions."
"null ist mein Bruder.","Das","das","this/that is","This/that is my brother.","das is used with sein to introduce people."
"null Buch hier ist neu.","Dieses","dieses","this one here","This book here is new.","dieses + hier emphasizes proximity."
"null Stift dort gehört mir.","Der","der","that one there","That pen there belongs to me.","der + dort emphasizes distance."
"null Schuhe sind bequem.","Diese","diese","these","These shoes are comfortable.","diese + plural noun: diese Schuhe."
"null hier schmeckt gut.","Dieses","dieses","this one","This one here tastes good.","Pronoun use: dieses refers to a neuter noun like das Essen."
"null da drüben ist teuer.","Der","der","that one","That one over there is expensive.","Pronoun use: der refers to a masculine noun like der Tisch."
"null Blume riecht gut.","Diese","diese","this one","This flower smells good.","diese refers to a feminine noun like die Blume."
"null sind meine Freunde.","Das","das","these/those","These/those are my friends.","das used for plural introductions: Das sind meine Freunde."
"null Pullover ist warm.","Dieser","dieser","this one","This sweater is warm.","dieser refers to masculine noun der Pullover."
"null Tasche ist leicht.","Diese","diese","this one","This bag is light.","diese refers to feminine noun die Tasche."
"Ich null Deutsch.","lerne","lernen","SVO pattern","I learn German.","Basic word order: Subject (Ich) + Verb (lerne) + Object (Deutsch)."
"Du null in Berlin.","wohnst","wohnen","SVO pattern","You live in Berlin.","Subject (Du) + Verb (wohnst) + place (in Berlin)."
"Er null Kaffee.","trinkt","trinken","SVO pattern","He drinks coffee.","Subject (Er) + Verb (trinkt) + Object (Kaffee)."
"Wir null Pizza.","essen","essen","SVO pattern","We eat pizza.","Subject (Wir) + Verb (essen) + Object (Pizza)."
"Ihr null Fußball.","spielt","spielen","SVO pattern","You (plural) play football.","Subject (Ihr) + Verb (spielt) + Object (Fußball)."
"Meine Mutter null gut.","kocht","kochen","SVO pattern","My mother cooks well.","Subject (Meine Mutter) + Verb (kocht) + adverb (gut)."
"Der Hund null laut.","bellt","bellen","SVO pattern","The dog barks loudly.","Subject (Der Hund) + Verb (bellt) + adverb (laut)."
"Heute null ich Deutsch.","lerne","lernen","inversion","Today I learn German.","Time element first → verb still position 2: Heute lerne ich Deutsch."
"Morgen null wir nach Berlin.","fahren","fahren","inversion","Tomorrow we go to Berlin.","Time first → verb second: Morgen fahren wir nach Berlin."
"Im Sommer null wir reisen.","reisen","reisen","inversion","In summer we travel.","Prepositional phrase first → verb second: Im Sommer reisen wir."
"null du Deutsch?","Lernst","lernen","question","Do you learn German?","Yes/no question: verb first (Lernst du...?)"
"null ihr heute?","Kommt","kommen","question","Are you (plural) coming today?","Yes/no question: verb first (Kommt ihr...?)"
"null wohnst du?","Wo","wo","W-question","Where do you live?","W-word (Wo) first, then verb: Wo wohnst du?"
"null heißt du?","Wie","wie","W-question","What is your name?","W-word (Wie) first, then verb: Wie heißt du?"
"null kommt er?","Wann","wann","W-question","When is he coming?","W-word (Wann) first, then verb: Wann kommt er?"
"Ich null heute null.","lerne nicht","nicht","negation","I am not learning today.","Negation with nicht at the end: Ich lerne heute nicht."
"Er null Kaffee null.","trinkt nicht","nicht","negation","He does not drink coffee.","Negation with nicht at the end: Er trinkt Kaffee nicht."
"Sie null null Deutsch.","spricht nicht","nicht","negation","She does not speak German.","Negation with nicht: Sie spricht nicht Deutsch."
"Ich habe null Hund.","keinen","kein","negation with noun","I have no dog.","Negation with keinen (accusative masculine): Ich habe keinen Hund."
"Das ist null Buch.","kein","kein","negation with noun","That is not a book.","Negation with kein (neuter nominative): Das ist kein Buch."
"Sie hat null Zeit.","keine","kein","negation with noun","She has no time.","Negation with keine (feminine accusative): Sie hat keine Zeit."
"Ich null gern Sport.","mache","machen","SVO with adverb","I like to do sports.","Subject + Verb + adverb (gern) + Object: Ich mache gern Sport."
"Wir null am Wochenende null.","gehen schwimmen","gehen","verb + verb pattern","We go swimming on weekends.","Two verbs: conjugated verb (gehen) in position 2, infinitive (schwimmen) at end."
"Er null heute null.","kommt nicht","nicht","negation position","He is not coming today.","Nicht at end: Er kommt heute nicht."
"Ich null meine Oma null.","besuche nicht","nicht","negation position","I am not visiting my grandma.","Nicht at end: Ich besuche meine Oma nicht."
"null du morgen null?","Kommst mit","mitkommen","separable verb","Are you coming along tomorrow?","Separable verb: Kommst du morgen mit?"
"null null wir heute?","Gehen wir","gehen","question","Are we going today?","Yes/no question: Gehen wir heute?"
"Im Winter null es null.","schneit nicht","schneien","negation + inversion","In winter it does not snow.","Time first + negation at end: Im Winter schneit es nicht."
"Den Film null ich null null.","sehe nicht","sehen","object first","I don't see the film.","Object first (Den Film) + verb + subject + nicht at end."
"Null null du das Buch?","Kaufst du","kaufen","question","Are you buying the book?","Yes/no question: Kaufst du das Buch?"
"null du Deutsch?","Lernst","lernen","verb first","Do you learn German?","Yes/no questions: conjugated verb (lernst) comes first, then subject (du)."
"null du Hunger?","Hast","haben","haben question","Do you have hunger? (Are you hungry?)","Verb-first with haben: Hast du Hunger?"
"null er heute?","Kommt","kommen","verb first","Is he coming today?","Verb (kommt) + subject (er) + time (heute): Kommt er heute?"
"null ihr ins Kino?","Geht","gehen","verb first","Are you guys going to the cinema?","ihr form: Geht ihr...? (verb + subject)."
"null Sie Frau Schmidt?","Sind","sein","formal question","Are you Mrs. Schmidt?","Formal Sie: Sind Sie...? (verb first, Sie capitalized)."
"null du mich?","Siehst","sehen","verb first","Do you see me?","sehen: Siehst du mich? (stem change e→ie in du form)."
"null es heute?","Regnet","regnen","weather question","Is it raining today?","Impersonal verb: Regnet es heute? (es as subject)."
"null du morgen?","Arbeitest","arbeiten","verb first with -t stem","Are you working tomorrow?","Stem ends in -t → add -est: Arbeitest du morgen?"
"null ihr morgen?","Kommt","kommen","ihr form","Are you (plural) coming tomorrow?","ihr form: Kommt ihr morgen? (verb + subject)."
"null deine Mutter zu Hause?","Ist","sein","sein question","Is your mother at home?","sein: Ist deine Mutter...? (verb first)."
"null du ein Auto?","Hast","haben","haben question","Do you have a car?","haben: Hast du ein Auto? (verb first)."
"null ihr Zeit?","Habt","haben","ihr form","Do you guys have time?","ihr form of haben: Habt ihr Zeit?"
"null du Fußball?","Spielst","spielen","verb first","Do you play soccer?","spielen: Spielst du Fußball?"
"null er Klavier?","Spielt","spielen","er form","Does he play piano?","er form: Spielt er Klavier?"
"null du heute Abend?","Kochst","kochen","verb first","Are you cooking this evening?","kochen: Kochst du heute Abend?"
"null ihr morgen früh?","Frühstückt","frühstücken","ihr form","Are you guys having breakfast tomorrow morning?","frühstücken: Frühstückt ihr morgen früh?"
"null Sie Kaffee?","Trinken","trinken","formal question","Do you drink coffee?","Formal: Trinken Sie Kaffee? (infinitive form)."
"null du gern Schokolade?","Magst","mögen","mögen question","Do you like chocolate?","mögen: Magst du Schokolade? (stem change)."
"null er seinen Bruder?","Mag","mögen","er form","Does he like his brother?","er form: Mag er seinen Bruder?"
"null ihr im Kino?","Seid","sein","ihr form","Are you guys at the cinema?","sein: Seid ihr im Kino? (unique ihr form)."
"null du schwimmen?","Kannst","können","modal verb","Can you swim?","Modal verb first: Kannst du schwimmen? (infinitive at end)."
"null er Deutsch sprechen?","Kann","können","er form","Can he speak German?","er form: Kann er Deutsch sprechen?"
"null ihr morgen kommen?","Könnt","können","ihr form","Can you guys come tomorrow?","ihr form: Könnt ihr morgen kommen?"
"null du früh aufstehen?","Musst","müssen","modal verb","Do you have to get up early?","müssen: Musst du früh aufstehen? (separable verb prefix at end)."
"null er nach Berlin fahren?","Muss","müssen","er form","Does he have to go to Berlin?","er form: Muss er nach Berlin fahren?"
"null du mich anrufen?","Willst","wollen","modal verb","Do you want to call me?","wollen: Willst du mich anrufen? (separable verb)."
"null ihr ins Kino mitkommen?","Wollt","wollen","ihr form","Do you guys want to come along to the cinema?","wollen: Wollt ihr ins Kino mitkommen?"
"null du einen Kaffee?","Möchtest","möchten","polite question","Would you like a coffee?","möchten: Möchtest du einen Kaffee? (polite offer)."
"null Sie etwas trinken?","Möchten","möchten","formal polite","Would you like something to drink?","Formal: Möchten Sie etwas trinken?"
"null das Buch?","Ist","sein","question with das","Is that the book?","Ist das...? common pattern for identification."
"null das dein Hund?","Ist","sein","question with das","Is that your dog?","Ist das dein Hund? (dein without ending for masculine)."
"null heißt du?","Wie","wie","name question","What is your name?","W-question: W-word first (Wie), then verb (heißt), then subject (du)."
"null wohnst du?","Wo","wo","location question","Where do you live?","Wo asks for static location: Wo + verb + subject."
"null kommst du?","Woher","woher","origin question","Where do you come from?","Woher asks for origin/source: Woher + verb + subject."
"null gehst du?","Wohin","wohin","direction question","Where are you going?","Wohin asks for direction/movement: Wohin + verb + subject."
"null ist das?","Wer","wer","person question","Who is that?","Wer asks for a person (subject): Wer + verb (3rd person singular)."
"null ist das?","Was","was","thing question","What is that?","Was asks for a thing/object: Was + verb (3rd person singular)."
"null kommst du?","Wann","wann","time question","When are you coming?","Wann asks for time: Wann + verb + subject."
"null lernst du Deutsch?","Warum","warum","reason question","Why are you learning German?","Warum asks for reason: Warum + verb + subject."
"null alt bist du?","Wie","wie","age question","How old are you?","Wie + adjective (alt) asks for specific attribute: Wie alt bist du?"
"null groß ist dein Bruder?","Wie","wie","height question","How tall is your brother?","Wie + adjective (groß) asks for size/height."
"null viele Kinder hast du?","Wie","wie","quantity question","How many children do you have?","Wie viele asks for countable quantity: Wie viele + noun + verb?"
"null viel kostet das?","Wie","wie","price question","How much does that cost?","Wie viel asks for uncountable amount/price."
"null lange lernst du schon?","Wie","wie","duration question","How long have you been learning?","Wie lange asks for duration: Wie lange + verb + subject?"
"null oft gehst du ins Kino?","Wie","wie","frequency question","How often do you go to the cinema?","Wie oft asks for frequency: Wie oft + verb + subject?"
"null spät ist es?","Wie","wie","time of day question","What time is it?","Wie spät asks for time of day (lit. how late)."
"null geht es dir?","Wie","wie","manner question","How are you?","Wie + verb + dative pronoun: Wie geht es dir?"
"null Bus fährt nach Berlin?","Welcher","welcher","which + masculine","Which bus goes to Berlin?","welcher + masculine noun (der Bus): Welcher Bus...?"
"null Übung machen wir jetzt?","Welche","welche","which + feminine","Which exercise are we doing now?","welche + feminine noun (die Übung): Welche Übung...?"
"null Buch liest du?","Welches","welches","which + neuter","Which book are you reading?","welches + neuter noun (das Buch): Welches Buch...?"
"null Filme magst du?","Welche","welche","which + plural","Which movies do you like?","welche + plural noun (die Filme): Welche Filme...?"
"null heißen Sie?","Wie","wie","formal name","What is your name? (formal)","Formal: Wie heißen Sie? (verb in plural form with Sie)."
"null wohnen Sie?","Wo","wo","formal location","Where do you live? (formal)","Formal: Wo wohnen Sie? (Sie with plural verb)."
"null kommen Sie?","Woher","woher","formal origin","Where do you come from? (formal)","Formal: Woher kommen Sie?"
"null gehen Sie?","Wohin","wohin","formal direction","Where are you going? (formal)","Formal: Wohin gehen Sie?"
"null sind Sie?","Wer","wer","formal person","Who are you? (formal)","Formal: Wer sind Sie? (wer + plural verb with Sie)."
"null ist passiert?","Was","was","what happened","What happened?","was + ist + past participle: Was ist passiert?"
"null suchst du?","Wen","wen","accusative person","Whom are you looking for?","wen (accusative) asks for person as direct object."
"null hilfst du?","Wem","wem","dative person","To whom are you helping?","wem (dative) asks for person as indirect object."
"null denkst du?","Woran","woran","about what","What are you thinking about?","woran (an + was) asks about a topic/idea."
"null Farben magst du?","Welche","welche","which colors","Which colors do you like?","welche + plural noun: Welche Farben...?"
"Ich habe null Auto.","kein","kein","negate indefinite noun","I have no car / I don't have a car.","Use kein for nouns with ein/eine or no article: kein Auto (neuter accusative)."
"Das ist null Hund.","kein","kein","negate indefinite noun","That is not a dog.","Nominative neuter: kein Hund (der Hund is masculine? Wait, der Hund is masculine! Correction needed.)"
"Das ist null Katze.","keine","kein","negate feminine noun","That is not a cat.","Feminine noun: keine Katze (nominative)."
"Er hat null Bruder.","keinen","kein","negate masculine noun","He has no brother.","Masculine accusative: keinen Bruder (haben + accusative)."
"Sie hat null Schwester.","keine","kein","negate feminine noun","She has no sister.","Feminine accusative: keine Schwester."
"Wir haben null Kinder.","keine","kein","negate plural noun","We have no children.","Plural accusative: keine Kinder."
"Ich habe null Zeit.","keine","kein","negate abstract noun","I have no time.","Feminine noun with no article: keine Zeit (accusative)."
"Er hat null Hunger.","keinen","kein","negate idiom with haben","He is not hungry.","Idiom: Hunger haben → keinen Hunger haben (masculine accusative)."
"Sie hat null Durst.","keinen","kein","negate idiom with haben","She is not thirsty.","Durst haben → keinen Durst haben."
"Wir haben null Angst.","keine","kein","negate idiom with haben","We are not afraid.","Angst haben → keine Angst haben (feminine)."
"Ich trinke null Kaffee.","keinen","kein","negate drink noun","I don't drink coffee.","Masculine accusative: keinen Kaffee (trinken + accusative)."
"Sie isst null Fleisch.","kein","kein","negate neuter noun","She doesn't eat meat.","Neuter accusative: kein Fleisch."
"Das ist null Problem.","kein","kein","common phrase","That's not a problem.","Kein Problem! is a fixed phrase (neuter nominative)."
"Er spricht null Deutsch.","kein","kein","negate language","He doesn't speak German.","Languages are often neuter: kein Deutsch."
"Ich lerne null.","nicht","nicht","negate verb","I am not learning.","Verb negation: nicht at the end of simple tenses."
"Er kommt null heute.","nicht","nicht","negate verb with time","He is not coming today.","Verb negation with time adverb: nicht at end after time phrase."
"Sie arbeitet null.","nicht","nicht","negate verb","She is not working.","Verb negation: nicht at end."
"Wir gehen null ins Kino.","nicht","nicht","negate verb phrase","We are not going to the cinema.","Verb negation: nicht before prepositional phrase or at end?"
"Das Wetter ist null gut.","nicht","nicht","negate adjective","The weather is not good.","Adjective negation: nicht before the adjective."
"Das Haus ist null alt.","nicht","nicht","negate adjective","The house is not old.","Adjective negation: nicht before the adjective."
"Sie läuft null schnell.","nicht","nicht","negate adverb","She does not run fast.","Adverb negation: nicht before the adverb."
"Er wohnt null in Berlin.","nicht","nicht","negate place phrase","He does not live in Berlin.","Place phrase negation: nicht before the prepositional phrase."
"Der Zug kommt null um 8 Uhr.","nicht","nicht","negate time phrase","The train does not arrive at 8 o'clock.","Time phrase negation: nicht before the time phrase."
"Das ist null mein Buch.","nicht","nicht","negate possessive","That is not my book.","Possessive pronoun: nicht before the possessive."
"Das ist null die Antwort.","nicht","nicht","negate definite noun","That is not the answer.","Definite article: nicht before the definite article."
"null ich, sondern du.","Nicht","nicht","negate pronoun","Not me, but you.","Pronoun negation: nicht before the pronoun."
"null Maria, sondern Anna.","Nicht","nicht","negate name","Not Maria, but Anna.","Name negation: nicht before the name."
"Ich kann null schwimmen.","nicht","nicht","negate with modal","I cannot swim.","Modal verb: nicht before the infinitive at end."
"Du musst null arbeiten.","nicht","nicht","negate with modal","You don't have to work.","Modal verb: nicht before the infinitive."
"Sie ruft null an.","nicht","nicht","negate separable verb","She does not call.","Separable verb: nicht before the prefix at end."
"Ich stehe null früh auf.","nicht","nicht","negate separable verb","I do not get up early.","Separable verb: nicht before the prefix (auf)."
"null Mann ist groß.","Der","der","definite article masc.","The man is tall.","Nominative case: subject of the sentence (der Mann) answers 'who?' (Wer ist groß?)."
"null Frau heißt Anna.","Die","die","definite article fem.","The woman is called Anna.","Nominative case: subject (die Frau) determines verb conjugation (heißt)."
"null Kind spielt.","Das","das","definite article neut.","The child is playing.","Nominative case: subject (das Kind) is in basic form."
"null Tisch ist neu.","Der","der","definite article masc.","The table is new.","Masculine noun stays der in nominative (subject)."
"null Lampe leuchtet.","Die","die","definite article fem.","The lamp is shining.","Feminine noun stays die in nominative."
"null Buch ist spannend.","Das","das","definite article neut.","The book is exciting.","Neuter noun stays das in nominative."
"null Kinder spielen.","Die","die","definite article plural","The children are playing.","Plural nouns use die in nominative regardless of gender."
"null Mann ist hier.","Ein","ein","indefinite article masc.","A man is here.","Indefinite article ein for masculine nominative."
"null Frau kommt.","Eine","eine","indefinite article fem.","A woman is coming.","Indefinite article eine for feminine nominative."
"null Kind schreit.","Ein","ein","indefinite article neut.","A child is crying.","Indefinite article ein for neuter nominative."
"Das ist null Tisch.","ein","ein","indefinite after sein","That is a table.","After sein, the predicate noun is also nominative: ein Tisch."
"Das ist null Lampe.","eine","eine","indefinite after sein","That is a lamp.","Predicate noun after sein: eine Lampe (feminine nominative)."
"Das ist null Buch.","ein","ein","indefinite after sein","That is a book.","Predicate noun after sein: ein Buch (neuter nominative)."
"Das ist null Auto.","ein","ein","indefinite after sein","That is a car.","sein links two nominative nouns: subject and predicate."
"null bin müde.","Ich","ich","personal pronoun 1st sg","I am tired.","Personal pronoun ich is nominative subject."
"null bist mein Freund.","Du","du","personal pronoun 2nd sg","You are my friend.","Personal pronoun du is nominative subject."
"null kommt aus Spanien.","Er","er","personal pronoun 3rd masc","He comes from Spain.","Personal pronoun er refers to masculine nouns."
"null heißt Anna.","Sie","sie","personal pronoun 3rd fem","She is called Anna.","Personal pronoun sie (lowercase) for feminine."
"null regnet heute.","Es","es","personal pronoun 3rd neut","It is raining today.","Personal pronoun es for neuter and impersonal."
"null gehen ins Kino.","Wir","wir","personal pronoun 1st pl","We are going to the cinema.","wir is nominative plural subject."
"null seid sehr nett.","Ihr","ihr","personal pronoun 2nd pl","You guys are very nice.","ihr is nominative plural informal subject."
"null wohnen in Berlin.","Sie","sie","personal pronoun 3rd pl","They live in Berlin.","sie (plural) is nominative subject meaning 'they'."
"Frau Schmidt, null sind sehr freundlich.","Sie","Sie","formal pronoun","Mrs. Schmidt, you are very friendly.","Formal Sie is always capitalized in nominative."
"null ist das?","Wer","wer","interrogative for people","Who is that?","wer asks for a person as subject (nominative)."
"null liegt auf dem Tisch?","Was","was","interrogative for things","What is lying on the table?","was asks for a thing as subject (nominative)."
"null Vater arbeitet hier.","Mein","mein","possessive masc.","My father works here.","Possessive mein + masculine noun (Vater) in nominative."
"null Mutter kocht.","Meine","mein","possessive fem.","My mother cooks.","Possessive meine + feminine noun in nominative."
"null Haus ist groß.","Mein","mein","possessive neut.","My house is big.","Possessive mein + neuter noun (Haus) in nominative."
"null Kinder sind klein.","Meine","mein","possessive plural","My children are small.","Possessive meine + plural noun in nominative."
"Er ist null Lehrer.","–","null","profession no article","He is a teacher.","Professions after sein often take no article in nominative."
"Ich sehe null Mann.","den","der","definite article masc.","I see the man.","Accusative case: direct object (den Mann) answers 'wen?' (whom?). Masculine der → den."
"Er kauft null Tisch.","den","der","definite article masc.","He buys the table.","Accusative: der Tisch (masc.) becomes den Tisch after verbs like kaufen."
"Sie hat null Hund.","den","der","definite article masc.","She has the dog.","haben + accusative: der Hund → den Hund."
"Wir sehen null Film.","den","der","definite article masc.","We see the film.","sehen + accusative: der Film → den Film."
"Ich mag null Mann.","den","der","definite article masc.","I like the man.","mögen + accusative: der Mann → den Mann."
"Sie liebt null Freund.","den","der","definite article masc.","She loves her friend (boyfriend).","lieben + accusative: der Freund → den Freund."
"Ich lese null Text.","den","der","definite article masc.","I read the text.","lesen + accusative: der Text → den Text."
"Er sucht null Schlüssel.","den","der","definite article masc.","He is looking for the key.","suchen + accusative: der Schlüssel → den Schlüssel."
"Sie findet null Stift.","den","der","definite article masc.","She finds the pen.","finden + accusative: der Stift → den Stift."
"Er hat null Auto.","das","das","definite article neut.","He has the car.","Neuter nouns (das Auto) stay das in accusative."
"Sie kauft null Haus.","das","das","definite article neut.","She buys the house.","Neuter nouns don't change: das Haus remains das Haus."
"Wir essen null Brot.","das","das","definite article neut.","We eat the bread.","das Brot stays das in accusative."
"Ich lese null Buch.","das","das","definite article neut.","I read the book.","das Buch remains das Buch in accusative."
"Er trinkt null Bier.","das","das","definite article neut.","He drinks the beer.","das Bier stays das in accusative."
"Sie mag null Eis.","das","das","definite article neut.","She likes the ice cream.","das Eis remains das in accusative."
"Er hat null Lampe.","die","die","definite article fem.","He has the lamp.","Feminine nouns (die Lampe) stay die in accusative."
"Sie sucht null Tasche.","die","die","definite article fem.","She is looking for the bag.","die Tasche remains die in accusative."
"Wir hören null Musik.","die","die","definite article fem.","We listen to the music.","die Musik stays die in accusative."
"Ich liebe null Frau.","die","die","definite article fem.","I love the woman.","die Frau remains die in accusative."
"Sie kauft null Blumen.","die","die","definite article plural","She buys the flowers.","Plural nouns (die Blumen) stay die in accusative."
"Ich habe null Bruder.","einen","ein","indefinite article masc.","I have a brother.","Indefinite article: ein (masc.) → einen in accusative."
"Sie sucht null Freund.","einen","ein","indefinite article masc.","She is looking for a friend.","ein Freund → einen Freund (accusative masculine)."
"Er kauft null Tisch.","einen","ein","indefinite article masc.","He buys a table.","ein Tisch → einen Tisch (accusative)."
"Wir essen null Apfel.","einen","ein","indefinite article masc.","We eat an apple.","ein Apfel → einen Apfel (accusative)."
"Ich trinke null Kaffee.","einen","ein","indefinite article masc.","I drink a coffee.","ein Kaffee → einen Kaffee (accusative)."
"Sie hat null Schwester.","eine","ein","indefinite article fem.","She has a sister.","Feminine nouns (eine Schwester) stay eine in accusative."
"Er kauft null Lampe.","eine","ein","indefinite article fem.","He buys a lamp.","eine Lampe stays eine in accusative."
"Wir haben null Haus.","ein","ein","indefinite article neut.","We have a house.","Neuter nouns (ein Haus) stay ein in accusative."
"Sie liest null Buch.","ein","ein","indefinite article neut.","She reads a book.","ein Buch stays ein in accusative."
"null suchst du?","Wen","wen","question word for people","Whom are you looking for?","wen asks for a person as direct object (accusative)."
"null kaufst du?","Was","was","question word for things","What are you buying?","was asks for a thing as direct object (accusative)."
"Ich helfe null Mann.","dem","der","definite article masc.","I help the man.","Dative case: indirect object (dem Mann) answers 'wem?' (to whom?). Masculine der → dem after dative verbs like helfen."
"Sie dankt null Frau.","der","die","definite article fem.","She thanks the woman.","Feminine die → der in dative case. danken requires dative."
"Das Buch gehört null Kind.","dem","das","definite article neut.","The book belongs to the child.","Neuter das → dem in dative case. gehören + dative."
"Er hilft null Kindern.","den","die","definite article plural","He helps the children.","Plural die → den in dative, and noun adds -n: den Kindern."
"Wir danken null Lehrerin.","der","die","definite article fem.","We thank the teacher (female).","Feminine die → der in dative. danken + dative."
"Ich gebe null Freund ein Geschenk.","dem","der","definite article masc.","I give the friend a gift.","Indirect object (dem Freund) receives the direct object (das Geschenk)."
"Sie schickt null Mutter eine Karte.","der","die","definite article fem.","She sends the mother a card.","Dative: der Mutter (wem?). Accusative: eine Karte (was?)."
"Wir kaufen null Kindern Spielzeug.","den","die","definite article plural","We buy the children toys.","Plural dative: den Kindern + -n ending."
"Das ist null Freundin.","meiner","mein","possessive fem.","That is my friend's. (belongs to my friend)","Possessive mein → meiner in dative feminine: meiner Freundin."
"Ich helfe null Bruder.","meinem","mein","possessive masc.","I help my brother.","Possessive mein → meinem in dative masculine."
"Er dankt null Eltern.","seinen","sein","possessive plural","He thanks his parents.","Possessive sein → seinen in dative plural: seinen Eltern (+ -n)."
"Das Geschenk gehört null Schwester.","meiner","mein","possessive fem.","The gift belongs to my sister.","gehören + dative: meiner Schwester."
"Wie geht es null?","dir","du","pronoun 2nd sg","How are you? (informal)","Fixed phrase: Wie geht es dir? (du → dir in dative)."
"null geht es gut.","Mir","ich","pronoun 1st sg","I'm doing well.","Answer to Wie geht es dir?: Mir geht es gut."
"Kannst du null helfen?","mir","ich","pronoun 1st sg","Can you help me?","helfen + dative: mir (ich → mir)."
"Ich danke null.","dir","du","pronoun 2nd sg","I thank you.","danken + dative: dir (du → dir)."
"Wir folgen null.","ihm","er","pronoun 3rd masc","We follow him.","folgen + dative: ihm (er → ihm)."
"Sie antwortet null.","ihr","sie","pronoun 3rd fem","She answers her.","antworten + dative: ihr (sie → ihr)."
"Das gehört null.","ihnen","sie (plural)","pronoun 3rd pl","That belongs to them.","gehören + dative: ihnen (sie plural → ihnen)."
"Kann ich null helfen?","Ihnen","Sie","formal pronoun","Can I help you? (formal)","Formal Sie → Ihnen in dative, always capitalized."
"Ich fahre null dem Bus.","mit","mit","preposition + dative","I travel by bus.","mit always takes dative: mit dem Bus."
"Er kommt null der Schweiz.","aus","aus","preposition + dative","He comes from Switzerland.","aus always takes dative: aus der Schweiz."
"Wir gehen null Arzt.","zum","zu","zu + dem contraction","We are going to the doctor.","zu + dem = zum (contraction with dative)."
"Sie wohnt null ihrer Tante.","bei","bei","preposition + dative","She lives at her aunt's place.","bei always takes dative: bei ihrer Tante."
"Das Buch ist null meinem Bruder.","von","von","preposition + dative","The book is from my brother.","von always takes dative: von meinem Bruder."
"Ich lerne null einem Jahr Deutsch.","seit","seit","preposition + dative","I have been learning German for a year.","seit (for time duration) always takes dative."
"Wir fahren null Hause.","nach","nach","preposition + dative","We are going home.","nach Hause is a fixed phrase (direction). nach always takes dative."
"Sie ist null der Schule.","nach","nach","preposition + dative","She is after school.","nach can mean 'after' (time) + dative: nach der Schule."
"null dem Film gehen wir essen.","Nach","nach","preposition + dative","After the movie we go to eat.","nach (time) + dative: nach dem Film."
"Er wohnt gegenüber null Kirche.","der","die","preposition + dative","He lives opposite the church.","gegenüber takes dative: gegenüber der Kirche."
"null meiner Meinung nach ist das gut.","Nach","nach","fixed phrase","In my opinion, that is good.","Fixed phrase: meiner Meinung nach (nach follows the noun in dative)."
"Er null nach Hause gehen.","muss","müssen","necessity","He must go home / He has to go home.","müssen expresses necessity: er muss (ich/er same form). Main verb (gehen) goes to end."
"Du null lernen.","musst","müssen","necessity","You have to learn.","müssen: du form is musst (stem change muss- + -t)."
"Wir null arbeiten.","müssen","müssen","necessity","We have to work.","müssen: wir form is müssen (same as infinitive)."
"Ihr null pünktlich sein.","müsst","müssen","necessity","You guys must be on time.","müssen: ihr form is müsst (with umlaut)."
"Ich null zum Arzt.","muss","müssen","necessity phrase","I have to go to the doctor.","Main verb often omitted when obvious: Ich muss zum Arzt (gehen)."
"null du morgen arbeiten?","Musst","müssen","question","Do you have to work tomorrow?","Yes/no question with müssen: Musst du...?"
"Hier null man parken.","darf","dürfen","permission","One may park here. / Parking is allowed here.","dürfen expresses permission: man darf (impersonal)."
"Du null hier nicht rauchen.","darfst","dürfen","prohibition","You are not allowed to smoke here.","Negative dürfen = prohibition: nicht dürfen = must not."
"Er null heute ausgehen.","darf","dürfen","permission","He is allowed to go out today.","dürfen: er darf (ich/er same form)."
"Wir null im Kino telefonieren.","dürfen","dürfen","permission","We are allowed to use phones in the cinema.","dürfen: wir form is dürfen."
"Ihr null hier parken.","dürft","dürfen","permission","You guys may park here.","dürfen: ihr form is dürft."
"Sie null morgen kommen.","darf","dürfen","permission","She is allowed to come tomorrow.","sie (she) form: darf."
"null ich bitte auf die Toilette?","Darf","dürfen","polite request","May I please go to the toilet?","Essential classroom phrase: Darf ich...? (polite request)."
"Hier null man nicht rauchen.","darf","dürfen","prohibition","Smoking is not allowed here.","nicht dürfen = prohibition: Hier darf man nicht rauchen."
"Du null mehr Gemüse essen.","sollst","sollen","recommendation","You should eat more vegetables.","sollen expresses recommendation/obligation from others."
"Er null zum Arzt gehen.","soll","sollen","recommendation","He should go to the doctor.","sollen: er soll (ich/er same form)."
"null ich das Fenster aufmachen?","Soll","sollen","asking for advice","Should I open the window?","Common for asking advice/recommendations."
"Wir null pünktlich sein.","sollen","sollen","expectation","We should be on time.","sollen: wir form is sollen."
"Ihr null leise sein.","sollt","sollen","expectation","You guys should be quiet.","sollen: ihr form is sollt."
"Sie null die Hausaufgaben machen.","soll","sollen","expectation","She should do the homework.","sie (she) form: soll."
"Was null ich tun?","soll","sollen","advice question","What should I do?","Common question asking for advice/recommendation."
"Du null nicht so viel rauchen.","sollst","sollen","advice","You shouldn't smoke so much.","Negative sollen = advice against something."
"Man null höflich sein.","soll","sollen","general rule","One should be polite.","man soll expresses general expectation."
"null ich Ihnen helfen?","Soll","sollen","formal offer","Should I help you? (formal)","Formal question: Soll ich Ihnen helfen? (Ihnen is formal dative)."
"Du null das nicht machen.","darfst","dürfen","prohibition","You must not do that.","dürfen nicht = prohibition (stronger than nicht sollen)."
"Er null nicht kommen, wenn er krank ist.","muss","müssen","lack of necessity","He doesn't have to come if he's sick.","nicht müssen = no obligation (different from prohibition!)."
"null ich hier sitzen?","Darf","dürfen","asking permission","May I sit here?","Polite request for permission: Darf ich hier sitzen?"
"Sie null Deutsch sprechen.","kann","können","ability review","She can speak German.","Review: können expresses ability (er/sie kann)."
"null du morgen früher kommen?","Kannst","können","ability question","Can you come earlier tomorrow?","Review: Kannst du...? for ability/possibility."
"Das null nicht sein!","kann","können","impossibility","That cannot be!","Fixed expression: Das kann nicht sein! (expressing disbelief)."
"null bitte leise!","Sei","sein","du form (irregular)","Please be quiet! (to one friend)","sein is irregular: du imperative is sei. The pronoun 'du' is omitted."
"null bitte leise!","Seid","sein","ihr form (irregular)","Please be quiet! (to a group of friends)","sein: ihr imperative is seid. Remove 'ihr', keep verb form."
"null Sie bitte leise!","Seien","sein","Sie form (irregular)","Please be quiet! (formal)","Formal imperative: Seien Sie (verb + Sie, verb first). 'bitte' can be added."
"null mir!","Hilf","helfen","du form (stem change)","Help me! (to one friend)","helfen (e→i): du imperative uses stem change: hilf. No -e ending, pronoun omitted."
"null mir!","Helft","helfen","ihr form","Help me! (to a group of friends)","ihr imperative = ihr form without pronoun: Helft (from ihr helft)."
"null Sie mir!","Helfen","helfen","Sie form","Help me! (formal)","Formal imperative: Helfen Sie (infinitive + Sie)."
"null bitte hier!","Komm","kommen","du form (regular)","Please come here! (to one friend)","Regular verb: du kommst → remove -st → Komm. Pronoun omitted."
"null bitte hier!","Kommt","kommen","ihr form (regular)","Please come here! (to a group of friends)","ihr imperative = ihr form without pronoun: Kommt (from ihr kommt)."
"null Sie bitte hier!","Kommen","kommen","Sie form (regular)","Please come here! (formal)","Formal: Kommen Sie (infinitive + Sie, verb first)."
"null das Buch!","Lies","lesen","du form (stem change)","Read the book! (to one friend)","lesen (e→ie): du imperative uses stem change: Lies. No -e ending."
"null das Buch!","Lest","lesen","ihr form","Read the book! (to a group of friends)","ihr imperative: Lest (from ihr lest)."
"null Sie das Buch!","Lesen","lesen","Sie form","Read the book! (formal)","Formal: Lesen Sie (infinitive + Sie)."
"null bitte langsam!","Sprich","sprechen","du form (stem change)","Please speak slowly! (to one friend)","sprechen (e→i): du imperative: Sprich. No -e ending."
"null bitte langsam!","Sprecht","sprechen","ihr form","Please speak slowly! (to a group of friends)","ihr imperative: Sprecht (from ihr sprecht)."
"null Sie bitte langsam!","Sprechen","sprechen","Sie form","Please speak slowly! (formal)","Formal: Sprechen Sie (infinitive + Sie)."
"null bitte den Kaffee!","Nimm","nehmen","du form (stem change)","Please take the coffee! (to one friend)","nehmen (e→i): du imperative: Nimm (double m)."
"null bitte den Kaffee!","Nehmt","nehmen","ihr form","Please take the coffee! (to a group of friends)","ihr imperative: Nehmt (from ihr nehmt)."
"null Sie bitte den Kaffee!","Nehmen","nehmen","Sie form","Please take the coffee! (formal)","Formal: Nehmen Sie (infinitive + Sie)."
"null bitte nicht so schnell!","Fahr","fahren","du form (no umlaut)","Please don't drive so fast! (to one friend)","fahren (a→ä) removes umlaut in imperative: Fahr (not Fähr)."
"null bitte nicht so schnell!","Fahrt","fahren","ihr form","Please don't drive so fast! (to a group of friends)","ihr imperative: Fahrt (from ihr fahrt)."
"null Sie bitte nicht so schnell!","Fahren","fahren","Sie form","Please don't drive so fast! (formal)","Formal: Fahren Sie (infinitive + Sie)."
"null bitte das Fenster!","Öffne","öffnen","du form (add -e)","Please open the window! (to one friend)","Stem ends in -fn → add -e for pronunciation: Öffne."
"null bitte das Fenster!","Öffnet","öffnen","ihr form","Please open the window! (to a group of friends)","ihr imperative: Öffnet (from ihr öffnet)."
"null Sie bitte das Fenster!","Öffnen","öffnen","Sie form","Please open the window! (formal)","Formal: Öffnen Sie (infinitive + Sie)."
"null bitte auf mich!","Warte","warten","du form (add -e)","Please wait for me! (to one friend)","Stem ends in -t → add -e: Warte."
"null bitte auf mich!","Wartet","warten","ihr form","Please wait for me! (to a group of friends)","ihr imperative: Wartet (from ihr wartet)."
"null Sie bitte auf mich!","Warten","warten","Sie form","Please wait for me! (formal)","Formal: Warten Sie (infinitive + Sie)."
"null mich morgen an!","Ruf","anrufen","du form (separable)","Call me tomorrow! (to one friend)","Separable verb: prefix at end → Ruf mich morgen an."
"null mich morgen an!","Ruft","anrufen","ihr form (separable)","Call me tomorrow! (to a group of friends)","Separable: Ruft mich morgen an."
"null Sie mich morgen an!","Rufen","anrufen","Sie form (separable)","Call me tomorrow! (formal)","Separable: Rufen Sie mich morgen an."
"null früh auf!","Steh","aufstehen","du form (separable)","Get up early! (to one friend)","aufstehen: Steh früh auf (prefix at end)."
"null früh auf!","Steht","aufstehen","ihr form (separable)","Get up early! (to a group of friends)","aufstehen: Steht früh auf."
"null Sie früh auf!","Stehen","aufstehen","Sie form (separable)","Get up early! (formal)","aufstehen: Stehen Sie früh auf."
"null bitte keine Angst!","Hab","haben","du form (irregular)","Please don't be afraid! (to one friend)","haben: du imperative is Hab (no -e)."
"null bitte keine Angst!","Habt","haben","ihr form (irregular)","Please don't be afraid! (to a group of friends)","ihr imperative: Habt (from ihr habt)."
"null Sie bitte keine Angst!","Haben","haben","Sie form (irregular)","Please don't be afraid! (formal)","Formal: Haben Sie (infinitive + Sie)."
"Ich null gestern einen Film null.","habe gesehen","sehen","regular/irregular","I watched a film yesterday.","Perfect tense: helping verb (haben) in position 2, past participle (gesehen) at end."
"Wir null nach Berlin null.","sind gefahren","fahren","movement verb","We drove to Berlin.","sein + past participle for verbs of movement: fahren → ist gefahren."
"Er null eine Pizza null.","hat gegessen","essen","irregular verb","He ate a pizza.","haben + past participle for most verbs. essen → gegessen (irregular)."
"null du das Buch null?","Hast gelesen","lesen","irregular verb","Did you read the book?","Question: helping verb first (Hast du...?), participle at end."
"Sie null früh null.","ist aufgestanden","aufstehen","separable verb + sein","She got up early.","Separable verb: ge- between prefix and stem → aufgestanden. Movement → sein."
"Was null ihr gestern null?","habt gemacht","machen","regular verb","What did you guys do yesterday?","Regular verb: ge + stem + t → gemacht. helping verb: haben."
"Ich null gestern lange null.","habe geschlafen","schlafen","irregular verb","I slept long yesterday.","schlafen → geschlafen (a→ä stem change in participle)."
"null Sie schon in Berlin null?","Sind gewesen","sein","sein as main verb","Have you been to Berlin before? (formal)","sein as main verb uses sein as helping verb: ist gewesen."
"Er null mich gestern null.","hat angerufen","anrufen","separable verb","He called me yesterday.","anrufen → angerufen (ge- between prefix and stem)."
"Wir null im Hotel null.","haben gewohnt","wohnen","regular verb","We stayed in a hotel.","wohnen is not movement → haben + gewohnt."
"null du gestern null?","Hast gearbeitet","arbeiten","regular -t verb","Did you work yesterday?","Stem ends in -t → ge + stem + et: gearbeitet."
"Sie null mit dem Zug null.","ist gefahren","fahren","movement verb","She traveled by train.","fahren with movement → sein. fahren → gefahren."
"Ich null meine Oma null.","habe besucht","besuchen","inseparable prefix","I visited my grandma.","Inseparable prefix (be-) → no ge-: besucht."
"null ihr gestern null?","Seid geschwommen","schwimmen","movement verb","Did you guys swim yesterday?","schwimmen can use sein (movement) or haben (activity)."
"Er null das Buch null.","hat gefunden","finden","irregular verb","He found the book.","finden → gefunden (i→u stem change)."
"Wir null gestern null.","sind geblieben","bleiben","sein verb","We stayed at home yesterday.","bleiben always uses sein: ist geblieben."
"null du deinen Schlüssel null?","Hast verloren","verlieren","inseparable prefix","Did you lose your key?","ver- prefix → no ge-: verloren (irregular)."
"Ich null noch nie in der Schweiz null.","bin gewesen","sein","sein as main verb","I have never been to Switzerland.","sein + gewesen (double sein construction)."
"Er null spät nach Hause null.","ist gekommen","kommen","movement verb","He came home late.","kommen → gekommen. movement → sein."
"null ihr schon gefrühstückt?","Habt","frühstücken","regular verb","Have you guys had breakfast yet?","frühstücken → gefrühstückt. helping verb: haben."
"Sie null das Fenster null.","hat geöffnet","öffnen","regular -t verb","She opened the window.","Stem ends in -t → ge + öffn + et: geöffnet."
"Wir null gestern einen Film null.","haben gesehen","sehen","irregular verb","We saw a film yesterday.","sehen → gesehen (e→e stem change)."
"null du gestern null?","Bist gerannt","rennen","movement verb","Did you run yesterday?","rennen (movement) → sein + gerannt."
"Er null sein Handy null.","hat vergessen","vergessen","inseparable prefix","He forgot his phone.","ver- prefix → no ge-: vergessen (e→a stem change)."
"Ich null gestern lange null.","habe gearbeitet","arbeiten","regular -t verb","I worked for a long time yesterday.","arbeiten → gearbeitet (ge- + stem + -et)."
"null ihr ins Kino null?","Seid gegangen","gehen","movement verb","Did you guys go to the cinema?","gehen → gegangen. movement → sein."
"Sie null mir geholfen.","hat","helfen","irregular verb + dativ","She helped me.","helfen → geholfen (e→o). helping verb: haben (dative verb but still haben)."
"Wir null gestern null.","haben gegessen","essen","irregular verb","We ate yesterday.","essen → gegessen (e→a). helping verb: haben."
"null du gut null?","Hast geschlafen","schlafen","irregular verb","Did you sleep well?","schlafen → geschlafen. helping verb: haben."
"Er null nach Hause null.","ist gegangen","gehen","movement verb","He went home.","gehen → gegangen. movement → sein."
"Das Buch liegt null dem Tisch.","auf","auf","on (horizontal)","The book is lying on the table.","auf + dative (Wo?): auf dem Tisch indicates location on a horizontal surface."
"Ich lege das Buch null den Tisch.","auf","auf","on (horizontal)","I put the book on the table.","auf + accusative (Wohin?): auf den Tisch indicates movement onto a horizontal surface."
"Die Lampe hängt null der Wand.","an","an","on (vertical)","The lamp is hanging on the wall.","an + dative (Wo?): an der Wand indicates location on a vertical surface."
"Ich hänge die Lampe null die Wand.","an","an","on (vertical)","I hang the lamp on the wall.","an + accusative (Wohin?): an die Wand indicates movement onto a vertical surface."
"Der Wein steht null dem Regal.","in","in","in (location)","The wine is standing in the shelf.","in + dative (Wo?): in dem Regal indicates location inside something."
"Ich stelle den Wein null das Regal.","in","in","in (movement)","I put the wine into the shelf.","in + accusative (Wohin?): in das (ins) Regal indicates movement into something."
"Die Kinder sind null der Schule.","in","in","in (building)","The children are in the school.","in + dative (Wo?): in der Schule indicates location inside a building."
"Die Kinder gehen null die Schule.","in","in","into (building)","The children go into the school.","in + accusative (Wohin?): in die Schule indicates movement into a building."
"Die Tasse steht null dem Tisch.","auf","auf","on (table)","The cup is standing on the table.","auf + dative (Wo?): auf dem Tisch."
"Stell die Tasse null den Tisch!","auf","auf","onto (table)","Put the cup onto the table!","auf + accusative (Wohin?): auf den Tisch (command)."
"Das Bild hängt null der Wand.","an","an","on (wall)","The picture is hanging on the wall.","an + dative: an der Wand."
"Häng das Bild null die Wand!","an","an","onto (wall)","Hang the picture on the wall!","an + accusative: an die Wand (command)."
"Er wohnt null Berlin.","in","in","in (city)","He lives in Berlin.","Cities use in + dative: in Berlin (Wo?)."
"Er fährt null Berlin.","nach","nach","to (city)","He's driving to Berlin.","Cities without article use nach for direction: nach Berlin."
"Wir sind null der Schweiz.","in","in","in (country)","We are in Switzerland.","Countries with article use in + dative: in der Schweiz."
"Wir fahren null die Schweiz.","in","in","to (country)","We're driving to Switzerland.","Countries with article use in + accusative: in die Schweiz."
"Das Kind sitzt null dem Tisch.","an","an","at (table)","The child is sitting at the table.","an + dative: am Tisch (an dem) means sitting at the table."
"Setz dich null den Tisch!","an","an","at (table)","Sit down at the table!","an + accusative: an den Tisch."
"Die Zeitung liegt null dem Sofa.","auf","auf","on (sofa)","The newspaper is lying on the sofa.","auf + dative: auf dem Sofa."
"Ich lege die Zeitung null das Sofa.","auf","auf","onto (sofa)","I put the newspaper onto the sofa.","auf + accusative: auf das (aufs) Sofa."
"Der Hund schläft null dem Bett.","unter","unter","under (bed)","The dog is sleeping under the bed.","unter + dative (Wo?): unter dem Bett."
"Der Hund kriecht null das Bett.","unter","unter","under (bed)","The dog crawls under the bed.","unter + accusative (Wohin?): unter das Bett."
"Das Auto steht null dem Haus.","vor","vor","in front of","The car is standing in front of the house.","vor + dative (Wo?): vor dem Haus."
"Das Auto fährt null das Haus.","vor","vor","in front of","The car drives in front of the house.","vor + accusative (Wohin?): vor das Haus."
"Die Garage ist null dem Haus.","hinter","hinter","behind","The garage is behind the house.","hinter + dative (Wo?): hinter dem Haus."
"Er stellt das Auto null das Haus.","hinter","hinter","behind","He puts the car behind the house.","hinter + accusative (Wohin?): hinter das Haus."
"Die Bushaltestelle ist null der Bank.","neben","neben","next to","The bus stop is next to the bank.","neben + dative (Wo?): neben der Bank."
"Er stellt sich null mich.","neben","neben","next to","He stands next to me.","neben + accusative (Wohin?): neben mich (personal pronoun accusative)."
"Das Restaurant ist null dem Kino und dem Museum.","zwischen","zwischen","between","The restaurant is between the cinema and the museum.","zwischen + dative (Wo?): zwischen dem Kino und dem Museum."
"Er setzt sich null seine Eltern.","zwischen","zwischen","between","He sits down between his parents.","zwischen + accusative (Wohin?): zwischen seine Eltern."
"null dem Tisch ist ein Teppich.","Unter","unter","under","Under the table there is a carpet.","unter + dative (Wo?): unter dem Tisch."
"null dem Haus ist ein Keller.","Unter","unter","under","Under the house there is a basement.","unter + dative: unter dem Haus."
"Der Kurs beginnt null 8 Uhr.","um","um","specific time","The course starts at 8 o'clock.","um is used for exact clock times: um + time [citation:5]."
"Ich stehe null 7 Uhr auf.","um","um","specific time","I get up at 7 o'clock.","um answers 'Um wie viel Uhr?' (At what time?) [citation:5]."
"null wie viel Uhr kommst du?","Um","um","question phrase","(At) what time are you coming?","The question phrase is always 'Um wie viel Uhr...?' [citation:5]."
"Wir treffen uns null 19 Uhr.","um","um","specific time","We're meeting at 7 p.m.","24-hour time is common: um 19 Uhr [citation:5]."
"null Montag habe ich Unterricht.","Am","am","day of week","On Monday I have class.","am + day of week = on Monday (am = an + dem) [citation:1][citation:5]."
"null Wochenende schlafe ich lange.","Am","am","weekend","On weekends I sleep late.","am Wochenende = on the weekend [citation:1]."
"null Abend trinke ich Tee.","Am","am","part of day","In the evening I drink tea.","am Abend = in the evening (generally) [citation:1]."
"null Morgen trinke ich Kaffee.","Am","am","part of day","In the morning I drink coffee.","am Morgen = in the morning [citation:1]."
"null Nachmittag lerne ich.","Am","am","part of day","In the afternoon I study.","am Nachmittag = in the afternoon [citation:1]."
"null Freitag gehen wir ins Kino.","Am","am","day of week","On Friday we're going to the cinema.","am Freitag = on Friday [citation:1][citation:5]."
"null 15. Mai habe ich Geburtstag.","Am","am","specific date","On May 15th I have a birthday.","am + date (ordinal number) [citation:1]."
"null ersten Januar ist Neujahr.","Am","am","specific date","On January 1st is New Year's Day.","am + ordinal number + month [citation:1]."
"Ich bin null 24. Dezember geboren.","am","am","date of birth","I was born on December 24th.","Dates always use am [citation:1]."
"null Sommer ist es heiß.","Im","im","season","In summer it's hot.","im + season = in the summer (im = in + dem) [citation:1]."
"null Winter schneit es.","Im","im","season","In winter it snows.","im Winter = in winter [citation:1]."
"null Frühling blühen die Blumen.","Im","im","season","In spring the flowers bloom.","im Frühling = in spring [citation:1]."
"null Herbst fallen die Blätter.","Im","im","season","In autumn the leaves fall.","im Herbst = in autumn [citation:1]."
"null Januar ist es kalt.","Im","im","month","In January it is cold.","im + month = in January [citation:1]."
"null August fahren wir in Urlaub.","Im","im","month","In August we go on vacation.","im August = in August [citation:1]."
"null Dezember ist Weihnachten.","Im","im","month","In December is Christmas.","im Dezember = in December [citation:1]."
"null Jahr 2023 war ich in Berlin.","Im","im","year","In 2023 I was in Berlin.","im Jahr + year = in the year... [citation:1]."
"null Jahr 2024 habe ich Deutsch gelernt.","Im","im","year","In 2024 I learned German.","im Jahr can be shortened to just the year in spoken German."
"Der Kurs dauert null 9 null 17 Uhr.","von bis","von/bis","time range","The course lasts from 9 to 5 o'clock.","von + time + bis + time = from...to... [citation:1][citation:5]."
"Ich arbeite null 8 null 16 Uhr.","von bis","von/bis","time range","I work from 8 to 4 o'clock.","Use von...bis to express time ranges [citation:5]."
"null Montag null Freitag arbeite ich.","Von bis","von/bis","day range","From Monday to Friday I work.","von + day + bis + day = from...to... [citation:1]."
"null September null Dezember habe ich Kurs.","Von bis","von/bis","month range","From September to December I have class.","von + month + bis + month = from...to... [citation:1]."
"Heute ist null Montag.","nicht","null","exception","Today is not Monday.","Time expressions can be negated with nicht: Heute ist nicht Montag."
"null heute, sondern morgen.","Nicht","nicht","negation","Not today, but tomorrow.","To negate a specific time word, use nicht before it."
"null Abend gehe ich ins Kino.","Heute","heute","exception","Tonight I'm going to the cinema.","Exception: 'tonight' is heute Abend (no preposition) [citation:1]."
"null Morgen habe ich Zeit.","Heute","heute","exception","This morning I have time.","Exception: 'this morning' is heute Morgen (no preposition)."
"Ich trinke Kaffee null Tee.","und","und","and","I drink coffee and tea.","und connects words or sentences without changing word order [citation:10]."
"Magst du Tee null Kaffee?","oder","oder","or","Do you like tea or coffee?","oder offers a choice between options [citation:10]."
"Ich mag Kaffee, null mein Freund trinkt Tee.","aber","aber","but","I like coffee, but my friend drinks tea.","aber shows contrast. A comma is usually placed before it [citation:2][citation:5]."
"Ich lerne Deutsch null mein Bruder lernt Englisch.","und","und","and","I learn German and my brother learns English.","und connects two main clauses. Word order stays normal in both parts [citation:2]."
"Gehst du ins Kino, null bleibst du zu Hause?","oder","oder","or","Are you going to the cinema, or are you staying home?","oder connects two questions [citation:1]."
"Er ist müde, null er kann nicht schlafen.","aber","aber","but","He is tired, but he can't sleep.","aber connects contrasting ideas. The verb is still in second position [citation:5]."
"Ich habe einen Bruder null eine Schwester.","und","und","and","I have a brother and a sister.","und connects nouns. No comma is needed [citation:2]."
"Kommst du heute null morgen?","oder","oder","or","Are you coming today or tomorrow?","oder connects time expressions [citation:1]."
"Der Film war lang, null gut.","aber","aber","but","The film was long but good.","aber connects adjectives. No comma needed for short phrases."
"Wir gehen ins Kino, null danach essen wir Pizza.","und","und","and","We are going to the cinema, and afterwards we eat pizza.","und connects two actions in sequence [citation:1]."
"Ich möchte reisen, null ich habe kein Geld.","aber","aber","but","I would like to travel, but I have no money.","aber expresses a limitation or obstacle."
"Kaufen wir Brot null Milch?","oder","oder","or","Shall we buy bread or milk?","oder connects items in a list question."
"Mein Bruder null meine Schwester sind hier.","und","und","and","My brother and my sister are here.","und connects two subjects (plural verb required)."
"Er ist groß, stark null intelligent.","und","und","and","He is tall, strong and intelligent.","und connects a list of adjectives."
"Soll ich dich um 8 null um 9 Uhr abholen?","oder","oder","or","Should I pick you up at 8 or 9 o'clock?","oder connects two time options."
"Ich mag Pizza, null ich mag keine Spaghetti.","aber","aber","but","I like pizza, but I don't like spaghetti.","aber contrasts positive and negative statements."
"Wir können ins Kino gehen null zu Hause bleiben.","oder","oder","or","We can go to the cinema or stay at home.","oder connects two verb phrases [citation:1]."
"Er sucht eine Wohnung null ein Haus.","oder","oder","or","He is looking for an apartment or a house.","oder connects two noun objects."
"Sie ist klein, null stark.","aber","aber","but","She is small but strong.","aber connects contrasting adjectives."
"Ich rufe dich an null schicke dir eine Nachricht.","oder","oder","or","I will call you or send you a message.","oder connects two future actions."
"null ich, sondern du.","Nicht","nicht","negation","Not me, but you.","aber is not used with negatives; sondern is used for 'but rather' at higher levels [citation:2]."
"Ich trinke null Kaffee null Tee.","und und","und","and and","I drink coffee and tea.","Multiple und conjunctions can be used in a list."
"Er wohnt in Berlin null arbeitet in Hamburg.","und","und","and","He lives in Berlin and works in Hamburg.","und connects two clauses with the same subject [citation:2]."
"Fährst du mit dem Auto null mit dem Zug?","oder","oder","or","Are you going by car or by train?","oder connects two prepositional phrases."
"Sie ist müde, null sie will noch nicht schlafen.","aber","aber","but","She is tired, but she doesn't want to sleep yet.","aber contrasts a state with a desire."
"Ich mag Hunde, null ich habe Angst vor großen Hunden.","aber","aber","but","I like dogs, but I'm afraid of big dogs.","aber adds a specific exception."
"Willst du essen null trinken?","oder","oder","or","Do you want to eat or drink?","oder connects two verb infinitives."
"Das Buch ist spannend null lustig.","und","und","and","The book is exciting and funny.","und connects two positive attributes."
"Er kommt heute null morgen.","oder","oder","or","He is coming today or tomorrow.","oder connects time adverbs."
"Die Kinder spielen null die Eltern kochen.","und","und","and","The children are playing and the parents are cooking.","und connects two simultaneous actions [citation:1]."
"Ich möchte ___ Apfel.","einen",",","to want","I would like an apple.","Accusative case: masculine nouns (der Apfel) change to 'einen'."
"Hast du ___ Zeit?","die",",","to have","Do you have the time?","Accusative case: feminine nouns (die Zeit) stay 'die'."
"Er sucht ___ Buch.","das",",","to look for","He is looking for the book.","Accusative case: neuter nouns (das Buch) stay 'das'."
"Ich danke ___ Frau.","der",",","to thank","I thank the woman.","Dative case: verb 'danken' requires dative; feminine 'die' -> 'der'."
"Wir helfen ___ Mann.","dem",",","to help","We help the man.","Dative case: verb 'helfen' requires dative; masculine 'der' -> 'dem'."
"Kannst du ___ Kind helfen?","dem",",","to help","Can you help the child?","Dative case: verb 'helfen' requires dative; neuter 'das' -> 'dem'."
"Das ist ___ Auto von mein___ Vater.","das, meinem",",","to be","That is the car of my father.","Possessive + dative after 'von': mein -> meinem (masculine dative)."
"Ich gehe zu ___ Arzt.","dem",",","to go","I am going to the doctor.","Dative after 'zu': zu + dem = zum."
"Wir fahren mit ___ Bus.","dem",",","to drive","We are going by bus.","Dative after 'mit': mit + dem = mit dem."
"Ich interessiere mich ___ Musik.","für",",","to be interested","I am interested in music.","Fixed preposition: 'sich interessieren für' + accusative."
"Sie warten ___ den Bus.","auf",",","to wait","They are waiting for the bus.","Fixed preposition: 'warten auf' + accusative."
"Er denkt ___ seine Freundin.","an",",","to think","He is thinking about his girlfriend.","Fixed preposition: 'denken an' + accusative."
"Ich freue mich ___ das Geschenk.","über",",","to be happy","I am happy about the gift.","Fixed preposition: 'sich freuen über' + accusative."
"___ du morgen Geburtstag?","Hast","haben","to have","Do you have a birthday tomorrow?","Question word order: verb comes first (Hast du...?)."
"Wann ___ du aufstehen?","musst","müssen","must/have to","When do you have to get up?","Modal verb in question: conjugated verb second, main verb at end."
"Gestern ___ ich ins Kino gegangen.","bin","sein","to be","Yesterday I went to the cinema.","Perfekt tense: verb 'gehen' takes 'sein' as auxiliary."
"Ich habe meine Schlüssel ___ (lose).","verloren","verlieren","to lose","I have lost my keys.","Irregular past participle: verlieren -> verloren."
"Das Buch ist ___ (read) worden.","gelesen","lesen","to read","The book has been read.","Past participle: lesen -> gelesen."
"___ du bitte das Fenster?","Öffnest","öffnen","to open","Do you open the window please?","Verb conjugation: du = öffnest."
"Er ___ immer spät nach Hause.","kommt","kommen","to come","He always comes home late.","Verb conjugation: er = kommt."
"Wir ___ heute Abend aus.","gehen","ausgehen","to go out","We are going out tonight.","Separable verb: 'ausgehen' in main clause splits."
"Wann ___ du morgen auf?","stehst","aufstehen","to get up","When do you get up tomorrow?","Separable verb question: conjugated part (stehst) in position 2."
"Ich habe gestern Fußball ___ (played).","gespielt","spielen","to play","I played football yesterday.","Regular past participle: ge + stem + t."
"Sie ist nach Berlin ___ (driven).","gefahren","fahren","to drive","She drove to Berlin.","Irregular past participle: fahren -> gefahren."
"Hast du das Buch ___ (read)?","gelesen","lesen","to read","Have you read the book?","Irregular past participle: lesen -> gelesen."
"Das ist ___ interessant Buch.","ein",",","to be","That is an interesting book.","Indefinite article + adjective: neuter nominative = ein."
"Ich trage ___ rot Rock.","einen",",","to wear","I am wearing a red skirt.","Indefinite article + adjective: masculine accusative = einen."
"___ du heute Abend Zeit?","Hast","haben","to have","Do you have time tonight?","Question formation: verb before subject."
"___ ist das? - Das ist mein Bruder.","Wer",",","who","Who is that? That is my brother.","Question word 'wer' for people."
"___ Buch ist das? - Das ist meins.","Wessen",",","whose","Whose book is that? That is mine.","Genitive question word 'wessen'."
"Kommst du mit, ___ du Zeit hast?","wenn",",","if/when","Are you coming along if you have time?","Subordinating conjunction 'wenn' sends verb to end."
"Ich bleibe zu Hause, ___ ich krank bin.","weil",",","because","I am staying home because I am sick.","Subordinating conjunction 'weil' sends verb to end."
"___ du bitte leise sein?","Kannst","können","can","Can you please be quiet?","Modal verb in question: 'können' first."
"Wir ___ morgen früher kommen.","sollen","sollen","should","We should come earlier tomorrow.","Modal verb 'sollen' expresses obligation/recommendation."
"Ich ___ das nicht essen.","darf","dürfen","may/be allowed","I am not allowed to eat that.","Modal verb 'dürfen' for permission; 'nicht' negates."
"Er ___ ein neues Auto kaufen.","will","wollen","want to","He wants to buy a new car.","Modal verb 'wollen' expresses intention."
"Ich habe ___ Hunger.","keinen",",","to have","I am not hungry. (I have no hunger.)","Negation with 'kein': masculine accusative = keinen."
"Das ist ___ gute Idee.","keine",",","to be","That is not a good idea.","Negation with 'kein': feminine nominative = keine."
"Er hat ___ Kinder.","keine",",","to have","He has no children.","Negation with 'kein': plural accusative = keine."
"Das ist ___ mein Buch.","nicht",",","to be","That is not my book.","'Nicht' negates the possessive pronoun phrase."
"Ich verstehe ___ .","nicht",",","to understand","I do not understand.","'Nicht' negates the verb at the end."
"___ du morgen Zeit?","Hast","haben","to have","Do you have time tomorrow?","Question formation: conjugated verb in position 1."
"Wann ___ du Geburtstag?","hast","haben","to have","When is your birthday?","W-question: question word (position 1) + verb (position 2)."
"___ du Fußball oder Tennis?","Spielst","spielen","to play","Do you play football or tennis?","Question with 'oder': verb in position 1."
"___ das dein Auto?","Ist","sein","to be","Is that your car?","Yes/no question with 'sein': verb first."
"___ viel kostet das?","Wie",",","how","How much does that cost?","Question word 'wie viel' for price/quantity."
"___ kommst du? - Aus Berlin.","Woher",",","from where","Where are you from? - From Berlin.","'Woher' asks for origin; answer with 'aus'."
"___ gehst du? - Nach Hause.","Wohin",",","where to","Where are you going? - Home.","'Wohin' asks for destination (movement)."
"___ liegt der Bahnhof?","Wo",",","where","Where is the station located?","'Wo' asks for static location."
"Das ist der Mann, ___ ich kenne.","den",",","whom","That is the man whom I know.","Relative pronoun in accusative: der -> den."
"Das ist die Frau, ___ mir hilft.","die",",","who","That is the woman who helps me.","Relative pronoun in nominative: die stays die."
"Das ist das Kind, ___ ich ein Buch gebe.","dem",",","to whom","That is the child to whom I give a book.","Relative pronoun in dative: das -> dem."
"Kannst du ___ das Geld geben?","mir",",","to me","Can you give me the money?","Dative pronoun 'mir' (to me) after verb 'geben'."
"Ich sehe ___ im Spiegel.","dich",",","you","I see you in the mirror.","Accusative pronoun 'dich' (you) after verb 'sehen'."
"Wir treffen ___ um acht.","uns",",","ourselves","We meet (each other) at eight.","Reflexive pronoun 'uns' for wir."
"___ du dich für Sport?","Interessierst","sich interessieren","to be interested","Are you interested in sports?","Reflexive verb question: verb + du + dich."
"Ich ___ mich über das Geschenk.","freue","sich freuen","to be happy","I am happy about the gift.","Reflexive verb 'sich freuen': ich freue mich."
"Er ___ sich die Hände.","wäscht","sich waschen","to wash","He is washing his hands.","Reflexive verb with body part: 'sich die Hände waschen'."
"Setz ___ bitte!","dich",",","yourself","Please sit down! (informal)","Imperative with reflexive: setz dich (du form)."
"___ Sie bitte!","Setzen","sich setzen","to sit","Please sit down! (formal)","Imperative formal: verb + Sie (setzen Sie)."
"___ leise, bitte!","Sei","sein","to be","Be quiet, please! (informal)","Imperative du form of 'sein' is irregular: sei."
"___ ihr pünktlich!","Seid","sein","to be","Be on time! (plural informal)","Imperative ihr form of 'sein': seid."
"Das Wetter ist heute ___ als gestern.","schlechter","schlecht","bad","The weather is worse today than yesterday.","Comparative form: schlecht -> schlechter."
"Das ist ___ schönste Tag.","der",",","to be","That is the most beautiful day.","Superlative with definite article: der schönste."
"Mein Auto ist ___ teuer wie deins.","so",",","to be","My car is as expensive as yours.","Equality comparison: so + adjective + wie."
"Ich laufe ___ (fast) als du.","schneller","schnell","to run","I run faster than you.","Comparative + 'als' for inequality."
"Dieses Buch ist ___ interessant.","weniger",",","to be","This book is less interesting.","'Weniger' expresses lesser degree."
"___ ist die Toilette?","Wo",",","where","Where is the toilet?","Basic location question."
"Kann ich ___ helfen?","Ihnen",",","you (formal)","Can I help you? (formal)","Dative pronoun for formal 'Sie' is 'Ihnen'."
"Wie ___ es dir?","geht","gehen","to go","How are you? (informal)","Fixed greeting phrase: Wie geht es dir?"
"Mir ___ gut.","geht","gehen","to go","I am fine.","Dative expression: Mir geht es gut."
"___ du Lust, ins Kino zu gehen?","Hast","haben","to have","Do you feel like going to the cinema?","Phrase: Lust haben + zu + infinitive."
"Ich habe keine Lust, ___ arbeiten.","zu",",","to","I don't feel like working.","Infinitive with 'zu' after 'Lust haben'."
"Es ist wichtig, früh ___ kommen.","zu",",","to","It is important to come early.","Infinitive with 'zu' after 'es ist + adjective'."
"Er versucht, Deutsch ___ lernen.","zu",",","to","He is trying to learn German.","Infinitive with 'zu' after 'versuchen'."
"Wir gehen ___ Hause.","nach",",","to","We are going home.","Fixed phrase: nach Hause (direction)."
"Ich bin ___ Hause.","zu",",","at","I am at home.","Fixed phrase: zu Hause (location)."
"Das Buch liegt ___ dem Tisch.","auf",",","on","The book is lying on the table.","Two-way preposition: location = dative."
"Ich lege das Buch ___ den Tisch.","auf",",","onto","I put the book onto the table.","Two-way preposition: movement = accusative."
"Die Bilder hängen ___ der Wand.","an",",","on","The pictures are hanging on the wall.","Two-way preposition: location = dative."
"Er hängt die Bilder ___ die Wand.","an",",","onto","He hangs the pictures onto the wall.","Two-way preposition: movement = accusative."
"Der Hund ist ___ dem Haus.","vor",",","in front of","The dog is in front of the house.","Two-way preposition: location = dative."
"Der Hund läuft ___ das Haus.","vor",",","in front of","The dog runs to the front of the house.","Two-way preposition: movement = accusative."
"Ich stelle den Stuhl ___ den Tisch.","neben",",","next to","I put the chair next to the table.","Two-way preposition: movement = accusative."
"Der Stuhl steht ___ dem Tisch.","neben",",","next to","The chair is standing next to the table.","Two-way preposition: location = dative."
"___ dir das bitte an!","Schau","anschauen","to look at","Please look at that! (informal)","Imperative with separable verb: schau... an."
"___ Sie mich bitte an!","Sehen","ansehen","to look at","Please look at me! (formal)","Imperative formal with separable verb: sehen Sie... an."
"Fang ___ an!","jetzt",",","now","Start now!","Time adverb 'jetzt' in imperative sentence."
"Ich habe gestern ___ Film gesehen.","einen",",","to see","I saw a film yesterday.","Indefinite article in accusative: ein -> einen."
"Sie hat ___ neue Tasche gekauft.","eine",",","to buy","She bought a new bag.","Indefinite article in accusative: eine stays eine."
"Wir haben ___ altes Haus gekauft.","ein",",","to buy","We bought an old house.","Indefinite article in accusative: ein stays ein."
"Ich möchte ___ Kaffee trinken.","einen",",","to want","I would like to drink a coffee.","Accusative object after 'möchte'."
"Kann ich ___ Wasser haben?","ein",",","to have","Can I have some water?","Partitive use: 'ein' (a/one) with neuter."
"Hast du ___ Geschwister?","keine",",","to have","Do you have any siblings? (No siblings?)","Negation in question expecting 'no' answer."
"Nein, ich habe ___ Geschwister.","keine",",","to have","No, I have no siblings.","'Keine' for plural negation."
"Ja, ich habe ___ Bruder.","einen",",","to have","Yes, I have one brother.","Affirmative answer with indefinite article."
"___ du morgen Zeit? - Ja, ich habe Zeit.","Hast","haben","to have","Do you have time tomorrow? - Yes, I have time.","Yes/no question pattern."
"___ Uhr ist es?","Wie viel",",","what","What time is it?","Fixed phrase for asking time: Wie viel Uhr...?"
"Es ist ___ Uhr.","ein",",","to be","It is one o'clock.","Time expression: Es ist ein Uhr (singular)."
"Es ist ___ Uhr.","zwei",",","to be","It is two o'clock.","Time expression: Es ist zwei Uhr (plural)."
"Um ___ Uhr treffen wir uns?","wie viel",",","what","What time are we meeting?","Question with preposition: Um wie viel Uhr...?"
"Wir treffen uns ___ acht Uhr.","um",",","at","We are meeting at eight o'clock.","Preposition 'um' for specific times."
"Am ___ gehe ich immer schwimmen.","Samstag",",","Saturday","On Saturdays I always go swimming.","'Am' + weekday for regular activities."
"___ Sommer fahren wir nach Italien.","Im",",","in","In summer we are going to Italy.","'Im' + season (in + dem = im)."
"___ Januar ist es kalt.","Im",",","in","In January it is cold.","'Im' + month (in + dem = im)."
"Ich arbeite ___ Montag bis Freitag.","von",",","from","I work from Monday to Friday.","Fixed phrase: von... bis..."
"___ Wochentag hast du frei?","Welchen",",","which","Which weekday do you have off?","Interrogative 'welcher' in accusative: welchen."
"Das ist ___ tolle Idee!","eine",",","to be","That is a great idea!","Exclamation with indefinite article."
"___ schönes Haus!","Ein",",","a","What a beautiful house!","Exclamation structure: Ein + adjective + noun."
"Ich habe ___ Hunger!","solchen",",","such","I am so hungry! (I have such hunger!)","'Solch-' expresses intensity; accusative masculine = solchen."
"Er ist ___ netter Mensch.","ein",",","to be","He is such a nice person.","Indefinite article with adjective: ein netter Mensch."
"Das war ___ toller Urlaub!","ein",",","to be","That was a great vacation!","Indefinite article in nominative: ein toller Urlaub."
"___ Wetter heute!","Welch",",","what","What weather today!","Exclamation: Welch + noun (without article)."
"Ich habe das ___ verstanden.","nicht",",","to understand","I did not understand that.","'Nicht' negates the verb phrase."
"Das ist ___ wahr.","nicht",",","to be","That is not true.","'Nicht' negates the adjective 'wahr'."
"Er kommt heute ___ .","nicht",",","to come","He is not coming today.","'Nicht' at end negates the verb."
"___ hast du das gesagt?","Wem",",","to whom","To whom did you say that?","Dative question word 'wem' (to whom)."
"___ Buch ist das?","Wessen",",","whose","Whose book is that?","Genitive question word 'wessen'."
"___ von euch kann mir helfen?","Wer",",","who","Who among you can help me?","Nominative question word 'wer' (who)."
"Mit ___ fährst du?","wem",",","whom","With whom are you travelling?","Preposition + question word: mit + wem (dative)."
"Für ___ ist das Geschenk?","wen",",","whom","For whom is the gift?","Preposition + question word: für + wen (accusative)."
"An ___ denkst du?","wen",",","whom","About whom are you thinking?","Preposition + question word: an + wen (accusative)."
"Von ___ hast du das gehört?","wem",",","whom","From whom did you hear that?","Preposition + question word: von + wem (dative)."
"Ich habe ___ gesehen.","niemanden",",","to see","I saw nobody.","Negative pronoun 'niemand' in accusative: niemanden."
"___ war da.","Niemand",",","to be","Nobody was there.","Negative pronoun in nominative: niemand."
"Hast du ___ gesehen?","jemanden",",","to see","Did you see anyone?","Indefinite pronoun 'jemand' in accusative: jemanden."
"Ist da ___?","jemand",",","to be","Is anyone there?","Indefinite pronoun in nominative: jemand."
"Ich habe ___ gehört.","etwas",",","to hear","I heard something.","Indefinite pronoun 'etwas' (something) is invariable."
"Hast du ___ gehört?","nichts",",","to hear","Did you hear nothing? (Anything?)","Negative pronoun 'nichts' (nothing) is invariable."
"Ich möchte ___ essen.","etwas",",","to want","I want to eat something.","'Etwas' as object of verb."
"Er will ___ trinken.","nichts",",","to want","He wants to drink nothing.","'Nichts' as object of verb."
"Ich habe alles ___ richtig gemacht.","nicht",",","to do","I did not do everything correctly.","'Nicht' negates the adverb 'richtig'."
"Das ist ___ mein Problem.","nicht",",","to be","That is not my problem.","'Nicht' negates the possessive phrase."
"Er ist ___ mein Freund.","nicht",",","to be","He is not my friend.","'Nicht' negates the predicate noun phrase."
"Sie hat ___ Geld.","kein",",","to have","She has no money.","'Kein' with uncountable noun 'Geld' (neuter accusative = kein)."
"Wir haben ___ Zeit.","keine",",","to have","We have no time.","'Kein' with feminine noun 'Zeit' (accusative = keine)."
"Das ist ___ Problem.","kein",",","to be","That is no problem.","'Kein' with neuter noun 'Problem' (nominative = kein)."
"Ich habe ___ Ahnung.","keine",",","to have","I have no idea.","Fixed phrase: keine Ahnung (feminine accusative)."
"Das macht ___ Sinn.","keinen",",","to make","That makes no sense.","Fixed phrase: keinen Sinn machen (masculine accusative)."
"Er hat ___ Interesse.","kein",",","to have","He has no interest.","'Kein' with neuter noun 'Interesse' (accusative = kein)."
"___ du das Fenster schließen?","Kannst","können","can","Can you close the window?","Modal verb question: 'können' first, main verb at end."
"___ ich Ihnen helfen?","Darf","dürfen","may","May I help you? (formal)","Polite offer with 'dürfen' (permission)."
"___ wir morgen kommen?","Sollen","sollen","should","Should we come tomorrow?","Modal verb 'sollen' for suggestion/obligation."
"___ du mitkommen?","Willst","wollen","want to","Do you want to come along?","Modal verb 'wollen' for intention."
"Ich ___ das nicht machen.","möchte","möchten","would like to","I would not like to do that.","Polite form 'möchte' + negation."
"Er ___ nicht arbeiten.","muss","müssen","must","He must not work? (He doesn't have to work?)","Modal verb 'müssen' with negation."
"Ich ___ das nicht sagen.","darf","dürfen","may","I am not allowed to say that.","'Nicht' with 'dürfen' expresses prohibition."
"Wir ___ früh aufstehen.","müssen","müssen","must","We have to get up early.","Modal verb expressing necessity."
"___ ihr Deutsch sprechen?","Könnt","können","can","Can you (plural) speak German?","Modal verb question with 'ihr'."
"Sie ___ Englisch verstehen.","kann","können","can","She can understand English.","Modal verb 'können' for ability."
"Das ___ nicht sein.","kann","können","can","That cannot be.","Modal verb expressing possibility/impossibility."
"___ ich hier parken?","Darf","dürfen","may","May I park here?","Asking for permission with 'dürfen'."
"Hier ___ man nicht rauchen.","darf","dürfen","may","One is not allowed to smoke here.","Impersonal 'man' + dürfen + negation."
"Was ___ das bedeuten?","soll",",","should","What is that supposed to mean?","Modal verb 'sollen' in question about meaning."
"___ ich dir helfen?","Kann","können","can","Can I help you? (informal)","Offering help with modal verb."
"Das ___ ich nicht glauben.","kann","können","can","I cannot believe that.","Modal verb expressing disbelief."
"Er ___ gestern nicht kommen.","konnte","können","could","He could not come yesterday.","Modal verb in past tense: konnte (Präteritum)."
"Ich ___ das nicht verstehen.","konnte","können","could","I could not understand that.","Past tense modal for inability."
"Wir ___ leider nicht bleiben.","konnten","können","could","We unfortunately could not stay.","Past tense modal 'konnten' (wir form)."
"___ du mich hören?","Konntest","können","could","Could you hear me?","Past tense modal in question."
"Ich ___ das nicht wissen.","wusste","wissen","to know","I did not know that.","Irregular verb 'wissen' in past tense: ich wusste."
"Er ___ nicht, dass du kommst.","wusste","wissen","to know","He did not know that you were coming.","Past tense 'wissen' + subordinate clause."
"Wir ___ nichts davon.","wussten","wissen","to know","We knew nothing about it.","Past tense 'wissen' with negation."
"___ ihr das schon?","Wusstet","wissen","to know","Did you (plural) already know that?","Past tense 'wissen' question."
"___ Sie das?","Wussten","wissen","to know","Did you (formal) know that?","Past tense 'wissen' with formal Sie."
"Das ___ ich nicht.","wusste","wissen","to know","I did not know that.","Common phrase: Das wusste ich nicht."
"Ich habe ihn lange nicht ___ (seen).","gesehen","sehen","to see","I have not seen him for a long time.","Past participle: sehen -> gesehen."
"Sie ist gestern ___ (come).","gekommen","kommen","to come","She came yesterday.","Past participle: kommen -> gekommen (with 'sein')."
"Wir haben gut ___ (eaten).","gegessen","essen","to eat","We ate well.","Past participle: essen -> gegessen."
"Er hat ein neues Auto ___ (bought).","gekauft","kaufen","to buy","He bought a new car.","Regular past participle: ge + kauf + t."
"Hast du das Buch ___ (read)?","gelesen","lesen","to read","Have you read the book?","Past participle: lesen -> gelesen."
"Ich bin nach Berlin ___ (driven).","gefahren","fahren","to drive","I drove to Berlin.","Past participle: fahren -> gefahren (with 'sein')."
"Sie hat mir ___ (helped).","geholfen","helfen","to help","She helped me.","Past participle: helfen -> geholfen (irregular)."
"Wir haben den Film ___ (seen).","gesehen","sehen","to see","We saw the film.","Past participle: sehen -> gesehen."
"Was hast du ___ (done)?","gemacht","machen","to do","What did you do?","Regular past participle: ge + mach + t."
"Er ist schnell ___ (run).","gelaufen","laufen","to run","He ran fast.","Past participle: laufen -> gelaufen (with 'sein')."
"Ich habe viel ___ (learned).","gelernt","lernen","to learn","I learned a lot.","Regular past participle: ge + lern + t."
"Sie hat gut ___ (sung).","gesungen","singen","to sing","She sang well.","Past participle: singen -> gesungen."
"Wir haben den ganzen Tag ___ (worked).","gearbeitet","arbeiten","to work","We worked all day.","Past participle: verbs ending -ten -> ge + arbeit + et."
"Hast du gut ___ (slept)?","geschlafen","schlafen","to sleep","Did you sleep well?","Past participle: schlafen -> geschlafen."
"Ich habe ihn ___ (called).","angerufen","anrufen","to call","I called him.","Separable verb past participle: ge between prefix and stem."
"Sie ist früh ___ (got up).","aufgestanden","aufstehen","to get up","She got up early.","Separable verb past participle with 'sein': auf + ge + standen."
"Wir haben uns ___ (met).","getroffen","treffen","to meet","We met (each other).","Reflexive verb past participle: getroffen."
"Ich habe mich ___ (hurried).","beeilt","sich beeilen","to hurry","I hurried.","Reflexive verb: sich beeilen -> beeilt."
"Er hat sich ___ (washed).","gewaschen","sich waschen","to wash","He washed (himself).","Reflexive verb past participle: gewaschen."
"Sie hat sich ___ (interested).","interessiert","sich interessieren","to be interested","She was interested.","Reflexive verb: sich interessieren -> interessiert."
"Wir haben uns ___ (happy).","gefreut","sich freuen","to be happy","We were happy.","Reflexive verb: sich freuen -> gefreut."
"Hast du dich ___ (phrased)?","gefreut","sich freuen","to be happy","Were you happy?","Reflexive verb question in Perfekt."
"___ du heute Abend?","Kommst","kommen","to come","Are you coming tonight?","Present tense for future meaning."
"Morgen ___ wir nach Berlin.","fahren","fahren","to go","Tomorrow we are going to Berlin.","Present tense for planned future."
"Nächstes Jahr ___ ich nach Deutschland.","fliege","fliegen","to fly","Next year I am flying to Germany.","Present tense with future time adverbial."
"Wann ___ du Geburtstag?","hast","haben","to have","When is your birthday?","Present tense for fixed dates."
"Heute Abend ___ ich ins Kino.","gehe","gehen","to go","Tonight I am going to the cinema.","Present tense for immediate future."
"Bald ___ wir uns wiedersehen.","werden","werden","will","We will see each other soon.","Future tense with 'werden' + infinitive."
"Es ___ morgen regnen.","wird","werden","will","It will rain tomorrow.","Future tense for weather prediction."
"Ich ___ dir später schreiben.","werde","werden","will","I will write to you later.","Future tense for intention."
"___ du mich morgen anrufen?","Wirst","werden","will","Will you call me tomorrow?","Future tense question."
"Er ___ nächste Woche kommen.","wird","werden","will","He will come next week.","Future tense for planned event."
"Wir ___ das schaffen!","werden","werden","will","We will manage it!","Future tense for determination."
"___ ihr uns besuchen?","Werdet","werden","will","Will you (plural) visit us?","Future tense question with 'ihr'."
"Sie ___ sicher pünktlich sein.","werden","werden","will","They will surely be on time.","Future tense for assumption."
"Das ___ schon werden.","wird","werden","will","It will be fine.","Fixed optimistic phrase: Das wird schon."
"Wenn ich Zeit habe, ___ ich kommen.","werde","werden","will","If I have time, I will come.","Future in main clause after subordinate clause."
"Ich ___, dass du recht hast.","glaube","glauben","to believe","I believe that you are right.","Verb + dass-clause."
"Er sagt, ___ er krank ist.","dass",",","that","He says that he is sick.","Subordinating conjunction 'dass' sends verb to end."
"Ich weiß nicht, ___ er kommt.","ob",",","whether","I do not know whether he is coming.","Subordinating conjunction 'ob' for indirect questions."
"Kannst du mir sagen, ___ der Bus fährt?","wann",",","when","Can you tell me when the bus leaves?","Indirect question with 'wann' + verb at end."
"Ich frage mich, ___ das stimmt.","ob",",","whether","I wonder whether that is true.","Indirect question with 'ob'."
"Weißt du, ___ das ist?","wer",",","who","Do you know who that is?","Indirect question with 'wer'."
"Er möchte wissen, ___ du kommst.","wann",",","when","He wants to know when you are coming.","Indirect question with 'wann'."
"Sag mir, ___ du das gemacht hast.","warum",",","why","Tell me why you did that.","Indirect question with 'warum'."
"Ich verstehe nicht, ___ er weint.","warum",",","why","I do not understand why he is crying.","Indirect question with 'warum'."
"Zeig mir, ___ das funktioniert.","wie",",","how","Show me how that works.","Indirect question with 'wie'."
"Ich bin mir nicht sicher, ___ das richtig ist.","ob",",","whether","I am not sure whether that is correct.","Indirect question after 'sicher sein'."
"Kannst du mir erklären, ___ das passiert ist?","wie",",","how","Can you explain to me how that happened?","Indirect question with 'wie'."
"Weißt du, ___ Uhr wir gehen?","um wie viel",",","what time","Do you know what time we are leaving?","Indirect question with time phrase."
"Er fragt, ___ ich schon gegessen habe.","ob",",","whether","He asks whether I have already eaten.","Indirect question in Perfekt."
"Sie will wissen, ___ ich gestern war.","wo",",","where","She wants to know where I was yesterday.","Indirect question with 'wo' + past tense."
"Ich habe gehört, ___ du umziehst.","dass",",","that","I heard that you are moving.","'Dass' clause after hearing verb."
"Es freut mich, ___ du da bist.","dass",",","that","I am happy that you are here.","'Dass' clause after emotional expression."
"Es tut mir leid, ___ ich zu spät bin.","dass",",","that","I am sorry that I am late.","'Dass' clause after apology."
"Ich bin froh, ___ du gesund bist.","dass",",","that","I am glad that you are healthy.","'Dass' clause after emotional state."
"Sie denkt, ___ das eine gute Idee ist.","dass",",","that","She thinks that this is a good idea.","'Dass' clause after thinking verb."
"Wir hoffen, ___ das Wetter gut wird.","dass",",","that","We hope that the weather will be good.","'Dass' clause after hoping verb."
"Das Wetter ___ heute schön.","ist","sein","to be","The weather is nice today.","'Das Wetter' is neuter (das) → 'ist'"
"Die Blumen ___ schön.","sind","sein","to be","The flowers are beautiful.","Plural noun 'die Blumen' → 'sind'"
"___ du einen Hund?","Hast","haben","to have","Do you have a dog?","Question: verb first (Hast du...?)"
"Ich ___ kein Auto.","habe","haben","to have","I don't have a car.","'haben' + accusative object"
"Meine Schwester ___ 15 Jahre alt.","ist","sein","to be","My sister is 15 years old.","'Meine Schwester' is feminine singular → 'ist'"
"___ ihr morgen Zeit?","Habt","haben","to have","Do you (plural) have time tomorrow?","'ihr' conjugation: habt"
"Das ___ meine Mutter.","ist","sein","to be","That is my mother.","'Das' as subject → 'ist'"
"Wo ___ du gestern?","warst","sein","to be (past)","Where were you yesterday?","Simple past of 'sein': du warst"
"Ich ___ gestern im Kino.","war","sein","to be (past)","I was at the cinema yesterday.","Simple past of 'sein': ich war"
"Wir ___ letzte Woche in Berlin.","waren","sein","to be (past)","We were in Berlin last week.","Simple past of 'sein': wir waren"
"___ du schon in Deutschland?","Warst","sein","to be (past)","Have you been to Germany?","Simple past question: Warst du...?"
"Ich ___ gestern Geburtstag.","hatte","haben","to have (past)","I had birthday yesterday.","Simple past of 'haben': ich hatte"
"Sie ___ keine Zeit.","hatte","haben","to have (past)","She had no time.","Simple past of 'haben': sie hatte"
"Wir ___ viel Spaß.","hatten","haben","to have (past)","We had a lot of fun.","Simple past of 'haben': wir hatten"
"___ du gestern Hunger?","Hattest","haben","to have (past)","Were you hungry yesterday?","Simple past question: Hattest du...?"
"Ich ___ drei Äpfel gekauft.","habe","haben","to have (present perfect)","I have bought three apples.","Present perfect auxiliary: 'haben' for most verbs"
"Er ___ nach Berlin gefahren.","ist","sein","to be (present perfect)","He has driven to Berlin.","Present perfect with 'sein' for movement"
"Wir ___ gestern angekommen.","sind","sein","to be (present perfect)","We arrived yesterday.","'ankommen' uses 'sein' as auxiliary"
"Sie ___ schon gegessen.","hat","haben","to have (present perfect)","She has already eaten.","'essen' uses 'haben' as auxiliary"
"___ du das Buch gelesen?","Hast","haben","to have (present perfect)","Have you read the book?","Present perfect question with 'haben'"
"___ ihr spät nach Hause gekommen?","Seid","sein","to be (present perfect)","Did you (plural) come home late?","'kommen' uses 'sein'"
"Ich ___ noch nie in Wien gewesen.","bin","sein","to be (present perfect)","I have never been to Vienna.","'sein' uses 'sein' as auxiliary"
"Mein Bruder ___ Fußballprofi geworden.","ist","sein","to be (present perfect)","My brother has become a professional soccer player.","'werden' uses 'sein' as auxiliary"
"Was ___ du gestern gemacht?","hast","haben","to have (present perfect)","What did you do yesterday?","Present perfect question with 'haben'"
"Wann ___ Sie geboren?","wurden","werden","to be (passive past)","When were you born?","Passive past: 'wurden' for formal Sie"
"Ich ___ 1990 geboren.","wurde","werden","to be (passive past)","I was born in 1990.","Passive past: 'wurde' + born"
"Das Haus ___ 1950 gebaut.","wurde","werden","to be (passive past)","The house was built in 1950.","Passive past with 'wurde'"
"Hier ___ nicht geraucht.","wird","werden","to be (passive present)","Smoking is not allowed here.","Passive present: 'wird' + participle"
"Das ___ gemacht.","wird","werden","to be (passive present)","That will be done.","Passive present for ongoing action"
"___ du morgen kommen?","Wirst","werden","will (future)","Will you come tomorrow?","Future tense with 'werden'"
"Es ___ bald regnen.","wird","werden","will (future)","It will rain soon.","Future tense for weather"
"Wir ___ dich besuchen.","werden","werden","will (future)","We will visit you.","Future tense for intention"
"Ich ___ das nie vergessen.","werde","werden","will (future)","I will never forget that.","Future tense for promise"
"___ ihr uns helfen?","Werdet","werden","will (future)","Will you (plural) help us?","Future tense question with 'ihr'"
"Ich ___ dich.","liebe","lieben","to love","I love you.","Verb 'lieben' with accusative 'dich'"
"Er ___ seine Arbeit.","hasst","hassen","to hate","He hates his work.","Verb 'hassen' with accusative object"
"Wir ___ Fußball.","lieben","lieben","to love","We love soccer.","'wir' conjugation: lieben"
"___ du Schokolade?","Magst","mögen","to like","Do you like chocolate?","'mögen' conjugation: du magst"
"Ich ___ keinen Fisch.","mag","mögen","to like","I don't like fish.","'mögen' with negation: keinen"
"Meine Eltern ___ Reisen.","mögen","mögen","to like","My parents like traveling.","Plural 'mögen' for 'sie' (they)"
"___ ihr klassische Musik?","Mögt","mögen","to like","Do you (plural) like classical music?","'ihr' conjugation: mögt"
"Das ___ gut.","schmeckt","schmecken","to taste","That tastes good.","Verb 'schmecken' for food"
"Wie ___ dir das Essen?","schmeckt","schmecken","to taste","How do you like the food?","'schmecken' + dative 'dir'"
"Die Suppe ___ salzig.","schmeckt","schmecken","to taste","The soup tastes salty.","Adjective after 'schmeckt'"
"___ dir der Kaffee?","Schmeckt","schmecken","to taste","Do you like the coffee?","Question with 'schmecken' + dative"
"Die Blumen ___ schön.","duften","duften","to smell","The flowers smell nice.","Verb 'duften' for pleasant smell"
"Es ___ nach Rauch.","riecht","riechen","to smell","It smells like smoke.","Verb 'riechen' + nach + dative"
"___ du das Parfüm?","Riechst","riechen","to smell","Do you smell the perfume?","'riechen' with accusative object"
"Das ___ komisch.","klingt","klingen","to sound","That sounds strange.","Verb 'klingen' for sounds/impressions"
"Die Musik ___ laut.","klingt","klingen","to sound","The music sounds loud.","'klingen' + adjective"
"Wie ___ das?","klingt","klingen","to sound","How does that sound?","Question with 'klingen'"
"Das Kleid ___ dir gut.","steht","stehen","to suit","The dress suits you well.","'stehen' + dative for clothing"
"Die Farbe ___ dir nicht.","steht","stehen","to suit","The color doesn't suit you.","Negation with 'nicht' after verb"
"Wie ___ mir die Hose?","steht","stehen","to suit","How do the pants look on me?","Question with 'stehen' + dative"
"Die Schuhe ___ mir perfekt.","passen","passen","to fit","The shoes fit me perfectly.","'passen' + dative for size/fit"
"___ dir die Jacke?","Passt","passen","to fit","Does the jacket fit you?","Question with 'passen' + dative"
"Der Schlüssel ___ ins Schloss.","passt","passen","to fit","The key fits into the lock.","'passen' + in + accusative for location"
"Das ___ mich nichts an.","geht","angehen","to concern","That doesn't concern me.","Fixed phrase: 'Das geht mich nichts an'"
"Was ___ dich das an?","geht","angehen","to concern","What concern is that of yours?","Question with 'angehen' + accusative"
"Das ___ mich nicht.","interessiert","interessieren","to interest","That doesn't interest me.","Verb 'interessieren' + accusative"
"___ dich das?","Interessiert","interessieren","to interest","Does that interest you?","Question with 'interessieren' + accusative"
"Mich ___ Fußball.","interessiert","interessieren","to interest","Soccer interests me.","Inversion: object first then verb"
"Das ___ mich sehr.","wundert","wundern","to surprise","That surprises me a lot.","Verb 'wundern' + accusative"
"Es ___ mich, dass du kommst.","wundert","wundern","to surprise","It surprises me that you're coming.","'wundern' + dass-clause"
"Das ___ mich nicht.","wundert","wundern","to surprise","That doesn't surprise me.","Negation with 'nicht'"
"Mich ___ deine Meinung.","interessiert","interessieren","to interest","Your opinion interests me.","Object first for emphasis"
"___ du dich für Politik?","Interessierst","sich interessieren","to be interested","Are you interested in politics?","Reflexive verb: sich interessieren für"
"Ich interessiere ___ für Kunst.","mich","sich interessieren","to be interested","I am interested in art.","Reflexive pronoun: mich"
"Er interessiert ___ für Sport.","sich","sich interessieren","to be interested","He is interested in sports.","Reflexive pronoun: sich"
"Wir interessieren ___ für Musik.","uns","sich interessieren","to be interested","We are interested in music.","Reflexive pronoun: uns"
"___ ihr euch für Fußball?","Interessiert","sich interessieren","to be interested","Are you (plural) interested in soccer?","Reflexive question: Interessiert ihr euch...?"
"Sie interessieren ___ für Reisen.","sich","sich interessieren","to be interested","They are interested in traveling.","Reflexive pronoun: sich (plural)"
"Ich freue ___ auf den Urlaub.","mich","sich freuen","to look forward","I am looking forward to vacation.","Reflexive: sich freuen auf + accusative"
"Er freut ___ auf das Wochenende.","sich","sich freuen","to look forward","He is looking forward to the weekend.","Reflexive: er freut sich"
"Wir freuen ___ auf dich!","uns","sich freuen","to look forward","We are looking forward to you!","Reflexive: wir freuen uns"
"___ du dich auf deinen Geburtstag?","Freust","sich freuen","to look forward","Are you looking forward to your birthday?","Question with reflexive"
"Ich freue ___ über das Geschenk.","mich","sich freuen","to be happy","I am happy about the gift.","sich freuen über + accusative (about something)"
"Sie freut ___ über die Blumen.","sich","sich freuen","to be happy","She is happy about the flowers.","Reflexive: sie freut sich"
"Wir ___ uns über das gute Wetter.","freuen","sich freuen","to be happy","We are happy about the good weather.","Present tense: wir freuen uns"
"Ich ärgere ___ über den Fehler.","mich","sich ärgern","to be annoyed","I am annoyed about the mistake.","Reflexive: sich ärgern über"
"___ du dich über mich?","Ärgerst","sich ärgern","to be annoyed","Are you annoyed with me?","Question with reflexive"
"Er ärgert ___ über den Lärm.","sich","sich ärgern","to be annoyed","He is annoyed about the noise.","Reflexive: er ärgert sich"
"Wir ___ uns über die Verspätung.","ärgern","sich ärgern","to be annoyed","We are annoyed about the delay.","Reflexive: wir ärgern uns"
"Ich beeile ___ .","mich","sich beeilen","to hurry","I am hurrying.","Reflexive: sich beeilen"
"___ du dich?","Beeilst","sich beeilen","to hurry","Are you hurrying?","Question with reflexive"
"Wir müssen ___ beeilen.","uns","sich beeilen","to hurry","We have to hurry.","Reflexive with modal verb"
"Beeil ___ !","dich","sich beeilen","to hurry","Hurry up!","Imperative with reflexive"
"Ich setze ___ auf den Stuhl.","mich","sich setzen","to sit down","I sit down on the chair.","Reflexive: sich setzen + auf + accusative"
"___ du dich zu mir?","Setzt","sich setzen","to sit down","Are you sitting down next to me?","Question with reflexive"
"Er setzt ___ ans Fenster.","sich","sich setzen","to sit down","He sits down by the window.","'ans' = an das"
"Setz ___ bitte!","dich","sich setzen","to sit down","Please sit down! (informal)","Imperative with reflexive"
"Ich fühle ___ gut.","mich","sich fühlen","to feel","I feel good.","Reflexive: sich fühlen"
"Wie ___ du dich?","fühlst","sich fühlen","to feel","How do you feel?","Question with reflexive"
"Er fühlt ___ krank.","sich","sich fühlen","to feel","He feels sick.","Reflexive + adjective"
"Wir fühlen ___ wohl.","uns","sich fühlen","to feel","We feel comfortable.","Reflexive: wir fühlen uns"
"Ich erinnere ___ an dich.","mich","sich erinnern","to remember","I remember you.","Reflexive: sich erinnern an + accusative"
"___ du dich an mich?","Erinnerst","sich erinnern","to remember","Do you remember me?","Question with reflexive"
"Er erinnert ___ an seine Kindheit.","sich","sich erinnern","to remember","He remembers his childhood.","Reflexive: er erinnert sich"
"Wir erinnern ___ an den Urlaub.","uns","sich erinnern","to remember","We remember the vacation.","Reflexive: wir erinnern uns"
"Ich entschuldige ___ .","mich","sich entschuldigen","to apologize","I apologize.","Reflexive: sich entschuldigen"
"___ du dich bei ihr?","Entschuldigst","sich entschuldigen","to apologize","Do you apologize to her?","'bei' + dative for person"
"Er entschuldigt ___ für den Fehler.","sich","sich entschuldigen","to apologize","He apologizes for the mistake.","'für' + accusative for reason"
"Wir ___ uns für die Verspätung.","entschuldigen","sich entschuldigen","to apologize","We apologize for the delay.","Reflexive: wir entschuldigen uns"
"Ich kann ___ gut konzentrieren.","mich","sich konzentrieren","to concentrate","I can concentrate well.","Reflexive with modal verb"
"___ du dich auf die Prüfung?","Konzentrierst","sich konzentrieren","to concentrate","Are you concentrating on the exam?","'auf' + accusative"
"Er konzentriert ___ auf die Arbeit.","sich","sich konzentrieren","to concentrate","He concentrates on work.","Reflexive: er konzentriert sich"
"Wir müssen ___ konzentrieren.","uns","sich konzentrieren","to concentrate","We have to concentrate.","Reflexive with modal verb"
"Ich ___ mir die Zähne.","putze","sich putzen","to brush","I brush my teeth.","Reflexive with body part: mir"
"___ du dir die Haare?","Wäschst","sich waschen","to wash","Do you wash your hair?","Reflexive with body part: dir"
"Er ___ sich die Hände.","wäscht","sich waschen","to wash","He washes his hands.","Reflexive with body part: sich"
"Wir ___ uns die Füße.","waschen","sich waschen","to wash","We wash our feet.","Reflexive with body part: uns"
"Ich ___ mir die Haare.","schneide","sich schneiden","to cut","I cut my hair.","Reflexive with body part: mir"
"Er hat ___ geschnitten.","sich","sich schneiden","to cut","He cut himself.","Reflexive past participle"
"Ich habe ___ verbrannt.","mich","sich verbrennen","to burn","I burned myself.","Reflexive past participle"
"Pass auf, verbrenn ___ nicht!","dich","sich verbrennen","to burn","Be careful, don't burn yourself!","Imperative with reflexive"
"Ich ___ mich jeden Tag.","rasiere","sich rasieren","to shave","I shave every day.","Reflexive: sich rasieren"
"Er rasiert ___ jeden Morgen.","sich","sich rasieren","to shave","He shaves every morning.","Reflexive: er rasiert sich"
"___ du dich heute?","Rasierst","sich rasieren","to shave","Are you shaving today?","Question with reflexive"
"Ich ___ mich an.","ziehe","sich anziehen","to get dressed","I get dressed.","Reflexive: sich anziehen"
"___ du dich warm an?","Ziehst","sich anziehen","to get dressed","Are you dressing warmly?","Question with reflexive"
"Er zieht ___ schnell an.","sich","sich anziehen","to get dressed","He gets dressed quickly.","Reflexive: er zieht sich an"
"Zieh ___ warm an!","dich","sich anziehen","to get dressed","Dress warmly!","Imperative with reflexive"
"Ich ___ mich aus.","ziehe","sich ausziehen","to undress","I undress.","Reflexive: sich ausziehen"
"___ du dich im Bad aus?","Ziehst","sich ausziehen","to undress","Do you undress in the bathroom?","Question with reflexive"
"Das Kind zieht ___ aus.","sich","sich ausziehen","to undress","The child undresses.","Reflexive: das Kind zieht sich aus"
"Ich ___ mich um.","ziehe","sich umziehen","to change clothes","I change clothes.","Reflexive: sich umziehen"
"___ du dich nach der Arbeit um?","Ziehst","sich umziehen","to change clothes","Do you change after work?","Question with reflexive"
"Wir müssen ___ umziehen.","uns","sich umziehen","to change clothes","We have to change clothes.","Reflexive with modal verb"
"Ich habe ___ verlaufen.","mich","sich verlaufen","to get lost","I got lost (walking).","Reflexive past participle"
"Hast du ___ verfahren?","dich","sich verfahren","to get lost (driving)","Did you get lost (driving)?","Reflexive past participle question"
"Wir haben ___ verirrt.","uns","sich verirren","to get lost","We got lost.","Reflexive past participle"
"Ich ___ mich auf dich.","verlasse","sich verlassen","to rely on","I rely on you.","Reflexive: sich verlassen auf + accusative"
"___ du dich auf ihn?","Verlässt","sich verlassen","to rely on","Do you rely on him?","Question with reflexive"
"Man kann ___ auf sie verlassen.","sich","sich verlassen","to rely on","You can rely on her.","Reflexive with modal verb"
"Ich ___ mich sehr.","wundere","sich wundern","to wonder","I wonder a lot.","Reflexive: sich wundern"
"___ du dich nicht?","Wunderst","sich wundern","to wonder","Aren't you surprised?","Question with reflexive"
"Er wundert ___ über nichts.","sich","sich wundern","to wonder","He is surprised by nothing.","Reflexive + über + accusative"
"Ich ___ dich.","sehe","sehen","to see","I see you.","Verb 'sehen' with accusative 'dich'"
"___ du den Vogel?","Siehst","sehen","to see","Do you see the bird?","Irregular: du siehst"
"Er ___ den Film.","sieht","sehen","to see","He sees the movie.","Irregular: er sieht"
"Wir ___ fern.","sehen","fernsehen","to watch TV","We watch TV.","Separable verb: fernsehen"
"___ du gern fern?","Siehst","fernsehen","to watch TV","Do you like watching TV?","Separable verb question: Siehst du... fern?"
"Was ___ du heute Abend?","siehst","sehen","to see","What are you watching tonight?","Question with 'sehen'"
"Ich ___ dich nicht.","höre","hören","to hear","I don't hear you.","Verb 'hören' with negation"
"___ du die Musik?","Hörst","hören","to hear","Do you hear the music?","Question with 'hören'"
"Er ___ die Nachrichten.","hört","hören","to hear/listen","He listens to the news.","'hören' + accusative"
"Wir ___ Radio.","hören","hören","to listen","We listen to the radio.","'Radio hören' is fixed phrase"
"Ich ___ dir zu.","höre","zuhören","to listen to","I am listening to you.","Separable verb: zuhören + dative"
"___ du mir zu?","Hörst","zuhören","to listen to","Are you listening to me?","Separable verb question: Hörst du... zu?"
"Bitte hör ___ zu!","mir","zuhören","to listen to","Please listen to me!","Imperative with dative object"
"Ich ___ auf dich.","warte","warten","to wait","I am waiting for you.","'warten auf' + accusative"
"___ du auf den Bus?","Wartest","warten","to wait","Are you waiting for the bus?","Question with 'warten auf'"
"Wir ___ auf dich.","warten","warten","to wait","We are waiting for you.","'warten' + auf + accusative"
"Ich ___ dich.","suche","suchen","to look for","I am looking for you.","Verb 'suchen' + accusative"
"Was ___ du?","suchst","suchen","to look for","What are you looking for?","Question with 'suchen'"
"Er ___ seine Schlüssel.","sucht","suchen","to look for","He is looking for his keys.","'suchen' + accusative object"
"Ich ___ dich.","finde","finden","to find","I find you.","Verb 'finden' + accusative"
"___ du das gut?","Findest","finden","to find","Do you think that's good?","'finden' for opinion"
"Er ___ den Film langweilig.","findet","finden","to find","He finds the movie boring.","'finden' + adjective"
"Ich ___ dich.","brauche","brauchen","to need","I need you.","Verb 'brauchen' + accusative"
"___ du Hilfe?","Brauchst","brauchen","to need","Do you need help?","Question with 'brauchen'"
"Wir ___ Geld.","brauchen","brauchen","to need","We need money.","'brauchen' + accusative"
"Ich ___ dich.","liebe","lieben","to love","I love you.","Verb 'lieben' + accusative"
"___ du mich?","Liebst","lieben","to love","Do you love me?","Question with 'lieben'"
"Er ___ sie.","liebt","lieben","to love","He loves her.","'lieben' + accusative 'sie'"
"Ich ___ dich.","hasse","hassen","to hate","I hate you.","Verb 'hassen' + accusative"
"___ du ihn?","Hasst","hassen","to hate","Do you hate him?","Question with 'hassen'"
"Sie ___ ihn nicht.","hasst","hassen","to hate","She doesn't hate him.","Negation with 'nicht'"
"Ich ___ dich.","kenne","kennen","to know","I know you.","Verb 'kennen' + accusative (familiar)"
"___ du ihn?","Kennst","kennen","to know","Do you know him?","Question with 'kennen'"
"Wir ___ uns seit 10 Jahren.","kennen","kennen","to know","We have known each other for 10 years.","Reflexive meaning: uns kennen"
"Ich ___ das nicht.","weiß","wissen","to know","I don't know that.","'wissen' for facts"
"___ du, wo er wohnt?","Weißt","wissen","to know","Do you know where he lives?","'wissen' + indirect question"
"Er ___ die Antwort.","weiß","wissen","to know","He knows the answer.","'wissen' + accusative object"
"Ich ___ dich verstehen.","kann","können","can","I can understand you.","Modal verb: können + infinitive"
"___ du mir helfen?","Kannst","können","can","Can you help me?","Modal verb question"
"Er ___ gut singen.","kann","können","can","He can sing well.","Modal verb for ability"
"Wir ___ morgen kommen.","können","können","can","We can come tomorrow.","Modal verb for possibility"
"Ihr ___ hier warten.","könnt","können","can","You (plural) can wait here.","Modal verb: ihr könnt"
"Sie ___ Deutsch sprechen.","können","können","can","They can speak German.","Modal verb: sie können"
"Ich ___ nach Hause gehen.","muss","müssen","must/have to","I have to go home.","Modal verb: müssen"
"___ du arbeiten?","Musst","müssen","must/have to","Do you have to work?","Modal verb question"
"Er ___ früh aufstehen.","muss","müssen","must/have to","He has to get up early.","Modal verb: er muss"
"Wir ___ lernen.","müssen","müssen","must/have to","We have to study.","Modal verb: wir müssen"
"Ihr ___ pünktlich sein.","müsst","müssen","must/have to","You (plural) have to be on time.","Modal verb: ihr müsst"
"Sie ___ noch einkaufen.","müssen","müssen","must/have to","They still have to shop.","Modal verb: sie müssen"
"Ich ___ das nicht machen.","muss","müssen","must/have to","I don't have to do that.","Negation of 'müssen' = not have to"
"Ich ___ ein Eis essen.","will","wollen","want to","I want to eat an ice cream.","Modal verb: wollen"
"___ du mitkommen?","Willst","wollen","want to","Do you want to come along?","Modal verb question"
"Er ___ neues Auto kaufen.","will","wollen","want to","He wants to buy a new car.","Modal verb: er will"
"Wir ___ ins Kino gehen.","wollen","wollen","want to","We want to go to the cinema.","Modal verb: wir wollen"
"Ihr ___ Fußball spielen.","wollt","wollen","want to","You (plural) want to play soccer.","Modal verb: ihr wollt"
"Sie ___ uns besuchen.","wollen","wollen","want to","They want to visit us.","Modal verb: sie wollen"
"Ich ___ nicht stören.","will","wollen","want to","I don't want to disturb.","Negation with 'nicht'"
"Ich ___ einen Kaffee trinken.","möchte","möchten","would like to","I would like to drink a coffee.","Polite form: möchte"
"___ du etwas essen?","Möchtest","möchten","would like to","Would you like to eat something?","Polite question: möchtest"
"Er ___ nach Berlin fliegen.","möchte","möchten","would like to","He would like to fly to Berlin.","Polite form: er möchte"
"Wir ___ bezahlen.","möchten","möchten","would like to","We would like to pay.","Polite form: wir möchten"
"Ihr ___ Tee oder Kaffee?","Möchtet","möchten","would like to","Would you (plural) like tea or coffee?","Polite form: ihr möchtet"
"Sie ___ bitte warten.","möchten","möchten","would like to","They would like to wait, please.","Polite form: sie möchten"
"Ich ___ das nicht.","möchte","möchten","would like to","I wouldn't like that.","Negation with 'nicht'"
"Ich ___ rauchen.","darf","dürfen","may/be allowed","I may smoke.","Modal verb: dürfen"
"___ du hier parken?","Darfst","dürfen","may/be allowed","Are you allowed to park here?","Modal verb question"
"Er ___ nicht kommen.","darf","dürfen","may/be allowed","He is not allowed to come.","Negation with 'nicht'"
"Wir ___ draußen spielen.","dürfen","dürfen","may/be allowed","We are allowed to play outside.","Modal verb: wir dürfen"
"Ihr ___ heute länger aufbleiben.","dürft","dürfen","may/be allowed","You (plural) may stay up longer today.","Modal verb: ihr dürft"
"Hier ___ man nicht rauchen.","darf","dürfen","may/be allowed","One is not allowed to smoke here.","Impersonal 'man'"
"Ich ___ nach Hause.","soll","sollen","should","I should go home.","Modal verb: sollen"
"___ ich das Fenster öffnen?","Soll","sollen","should","Should I open the window?","Modal verb question"
"Er ___ zum Arzt gehen.","soll","sollen","should","He should go to the doctor.","Modal verb: er soll"
"Wir ___ mehr lernen.","sollen","sollen","should","We should study more.","Modal verb: wir sollen"
"Ihr ___ pünktlich sein.","sollt","sollen","should","You (plural) should be on time.","Modal verb: ihr sollt"
"Sie ___ früher kommen.","sollen","sollen","should","They should come earlier.","Modal verb: sie sollen"
"Was ___ das bedeuten?","soll","sollen","should","What is that supposed to mean?","Modal verb for meaning"
"Ich ___ gestern kommen, aber...","sollte","sollen","should (past)","I should have come yesterday, but...","Past tense: sollte"
"___ ich dir helfen?","Soll","sollen","should","Should I help you?","Polite offer"
"Das ___ man nicht tun.","sollte","sollen","should","One shouldn't do that.","Past subjunctive for advice"
"Ich ___ gern nach Berlin.","würde","werden","would","I would like to go to Berlin.","'würde gern' for wishes"
"___ du mich heiraten?","Würdest","werden","would","Would you marry me?","Polite question with 'würdest'"
"Er ___ gern ein Bier trinken.","würde","werden","would","He would like to drink a beer.","'würde gern' + infinitive"
"Wir ___ dich besuchen, aber...","würden","werden","would","We would visit you, but...","Conditional: wir würden"
"Ihr ___ das nicht verstehen.","würdet","werden","would","You (plural) wouldn't understand that.","Conditional with negation"
"Sie ___ gern mitkommen.","würden","werden","would","They would like to come along.","Conditional: sie würden"
"Das ___ ich nicht machen.","würde","werden","would","I wouldn't do that.","Conditional for advice"
"___ das möglich sein?","Wäre","sein","would be","Would that be possible?","Subjunctive of 'sein'"
"Ich ___ gern dabei.","wäre","sein","would be","I would like to be there.","Subjunctive: ich wäre"
"___ du so nett?","Wärst","sein","would be","Would you be so kind?","Subjunctive: du wärst"
"Das ___ schön!","wäre","sein","would be","That would be nice!","Subjunctive for wishes"
"Wir ___ froh.","wären","sein","would be","We would be happy.","Subjunctive: wir wären"
"Ich ___ gern Millionär.","wäre","sein","would be","I would like to be a millionaire.","Subjunctive for unreal wishes"
"___ das nicht besser?","Wäre","sein","would be","Wouldn't that be better?","Subjunctive question"
"Das ___ ich nicht.","wäre","sein","would be","I wouldn't be that.","Subjunctive with negation"
"Ich ___ gern mehr Zeit.","hätte","haben","would have","I would like to have more time.","Subjunctive of 'haben'"
"___ du Geld?","Hättest","haben","would have","Would you have money?","Subjunctive: du hättest"
"Er ___ keine Probleme.","hätte","haben","would have","He would have no problems.","Subjunctive: er hätte"
"Wir ___ gern ein Auto.","hätten","haben","would have","We would like to have a car.","Subjunctive: wir hätten"
"Ihr ___ mehr Glück.","hättet","haben","would have","You (plural) would have more luck.","Subjunctive: ihr hättet"
"Sie ___ Zeit.","hätten","haben","would have","They would have time.","Subjunctive: sie hätten"
"Das ___ ich nicht gedacht.","hätte","haben","would have","I wouldn't have thought that.","Subjunctive past"
"Ich ___ dir geholfen.","hätte","haben","would have","I would have helped you.","Subjunctive past with participle"
"___ du das gewusst?","Hättest","haben","would have","Would you have known that?","Subjunctive past question"
"Er ___ kommen können.","hätte","haben","would have","He could have come.","Subjunctive past with modal"
"Wir ___ früher gehen sollen.","hätten","haben","would have","We should have gone earlier.","Subjunctive past with 'sollen'"
"Ich ___ gern ein Stück Kuchen.","hätte","haben","would like","I would like a piece of cake.","Polite request with 'hätte gern'"
"___ du gern etwas zu trinken?","Hättest","haben","would like","Would you like something to drink?","Polite question"
"Wir ___ gern die Rechnung.","hätten","haben","would like","We would like the bill.","Polite request in restaurant"
"Ich ___ jetzt.","gehe","gehen","to go","I am going now.","Present tense: ich gehe"
"Wann ___ du?","gehst","gehen","to go","When are you going?","Question: wann gehst du?"
"Er ___ nach Hause.","geht","gehen","to go","He is going home.","Present tense: er geht"
"Wir ___ ins Kino.","gehen","gehen","to go","We are going to the cinema.","Present tense: wir gehen"
"Ihr ___ spazieren.","geht","gehen","to go","You (plural) are going for a walk.","Present tense: ihr geht"
"Sie ___ einkaufen.","gehen","gehen","to go","They are going shopping.","Present tense: sie gehen"
"Woher ___ du?","kommst","kommen","to come","Where are you from?","Question: woher kommst du?"
"Ich ___ aus Berlin.","komme","kommen","to come","I am from Berlin.","Present tense: ich komme"
"Wann ___ er an?","kommt","ankommen","to arrive","When does he arrive?","Separable verb: ankommen"
"Der Zug ___ um 10 Uhr an.","kommt","ankommen","to arrive","The train arrives at 10 o'clock.","Separable verb in main clause"
"Wir ___ morgen zurück.","kommen","zurückkommen","to come back","We are coming back tomorrow.","Separable verb: zurückkommen"
"___ du mit?","Kommst","mitkommen","to come along","Are you coming along?","Separable verb question"
"Ich ___ nicht mit.","komme","mitkommen","to come along","I am not coming along.","Negation with 'nicht'"
"Er ___ spät nach Hause.","kommt","kommen","to come","He comes home late.","Present tense: er kommt"
"Wie ___ es dir?","geht","gehen","to go","How are you?","Fixed phrase: Wie geht es dir?"
"Mir ___ es gut.","geht","gehen","to go","I am fine.","Fixed phrase: Mir geht es gut"
"Und dir? Wie ___ es?","geht","gehen","to go","And you? How is it going?","Informal follow-up"
"___ euch gut?","Geht","gehen","to go","Are you (plural) doing well?","Question with 'euch'"
"Ich ___ müde.","bin","sein","to be","I am tired.","Adjective after 'sein'"
"___ du hungrig?","Bist","sein","to be","Are you hungry?","Question with adjective"
"Er ___ krank.","ist","sein","to be","He is sick.","Adjective: krank"
"Wir ___ zufrieden.","sind","sein","to be","We are satisfied.","Adjective: zufrieden"
"Ihr ___ willkommen.","seid","sein","to be","You (plural) are welcome.","Adjective: willkommen"
"Sie ___ herzlich eingeladen.","sind","sein","to be","They are cordially invited.","Past participle as adjective"
"Das ___ super!","ist","sein","to be","That is great!","Exclamation with 'ist'"
"Das ___ keine gute Idee.","ist","sein","to be","That is not a good idea.","Negation with 'keine'"
"Ich ___ 25 Jahre alt.","bin","sein","to be","I am 25 years old.","Age with 'sein'"
"Wie alt ___ du?","bist","sein","to be","How old are you?","Question about age"
"Meine Eltern ___ 50 und 52.","sind","sein","to be","My parents are 50 and 52.","Age for plural"
"Das ___ meine Schwester.","ist","sein","to be","That is my sister.","Introducing people"
"Das ___ meine Eltern.","sind","sein","to be","Those are my parents.","Introducing plural"
"___ das dein Bruder?","Ist","sein","to be","Is that your brother?","Question with 'das'"
"Das ___ mein Hund.","ist","sein","to be","That is my dog.","Introducing pets"
"Das ___ meine Katze.","ist","sein","to be","That is my cat.","Feminine noun: meine"
"Das ___ mein Auto.","ist","sein","to be","That is my car.","Neuter noun: mein"
"Das ___ meine Bücher.","sind","sein","to be","Those are my books.","Plural noun: meine"
"Ich habe ___ Bruder.","einen",",","to have","I have a brother.","Indefinite article in accusative"
"Sie hat ___ Schwester.","eine",",","to have","She has a sister.","Indefinite article feminine accusative"
"Wir haben ___ Kind.","ein",",","to have","We have a child.","Indefinite article neuter accusative"
"Er sucht ___ Job.","einen",",","to look for","He is looking for a job.","Masculine accusative: einen"
"Ich kaufe ___ Auto.","ein",",","to buy","I am buying a car.","Neuter accusative: ein"
"Sie trägt ___ Rock.","einen",",","to wear","She is wearing a skirt.","Masculine accusative: einen"
"Er isst ___ Apfel.","einen",",","to eat","He is eating an apple.","Masculine accusative: einen"
"Sie trinkt ___ Saft.","einen",",","to drink","She is drinking a juice.","Masculine accusative: einen"
"Ich möchte ___ Tasse Tee.","eine",",","to want","I would like a cup of tea.","Feminine accusative: eine"
"Wir brauchen ___ neue Wohnung.","eine",",","to need","We need a new apartment.","Feminine accusative: eine"
"Hast du ___ Minute?","eine",",","to have","Do you have a minute?","Feminine accusative: eine"
"Ich habe ___ Idee.","eine",",","to have","I have an idea.","Feminine accusative: eine"
"Das ist ___ gute Frage.","eine",",","to be","That is a good question.","Feminine nominative: eine"
"Das ist ___ interessantes Buch.","ein",",","to be","That is an interesting book.","Neuter nominative: ein"
"Das ist ___ netter Mann.","ein",",","to be","That is a nice man.","Masculine nominative: ein"
"Das ist ___ freundliche Frau.","eine",",","to be","That is a friendly woman.","Feminine nominative: eine"
"Das sind ___ gute Freunde.","-",",","to be","Those are good friends.","Plural: no article"
"Ich habe ___ Hunger.","-",",","to have","I am hungry.","No article with 'Hunger'"
"Ich habe ___ Durst.","-",",","to have","I am thirsty.","No article with 'Durst'"
"Ich habe ___ Zeit.","-",",","to have","I have time.","No article with 'Zeit'"
"Wir haben ___ Glück.","-",",","to have","We are lucky.","No article with 'Glück'"
"Er hat ___ Angst.","-",",","to have","He is afraid.","No article with 'Angst'"
"Ich habe ___ Lust.","-",",","to have","I feel like it.","No article with 'Lust'"
"Ich habe ___ Geld.","-",",","to have","I have money.","No article with 'Geld'"
"Er hat ___ Geduld.","-",",","to have","He has patience.","No article with 'Geduld'"
"Sie hat ___ Mut.","-",",","to have","She has courage.","No article with 'Mut'"
"Wir haben ___ Recht.","-",",","to have","We are right.","No article with 'Recht'"
"Ich habe ___ keine Lust.","-",",","to have","I don't feel like it.","Negation with 'keine'"
"Er hat ___ keinen Hunger.","-",",","to have","He is not hungry.","Negation with 'keinen'"
"Sie hat ___ keine Zeit.","-",",","to have","She has no time.","Negation with 'keine'"
"Wir haben ___ kein Geld.","-",",","to have","We have no money.","Negation with 'kein'"
"Das macht ___ nichts.","-",",","to do","That doesn't matter.","Fixed phrase: 'macht nichts'"
"Das macht ___ keinen Spaß.","-",",","to do","That's no fun.","Negation with 'keinen'"
"Das hat ___ keinen Sinn.","-",",","to have","That makes no sense.","Fixed phrase: 'keinen Sinn'"
"Das ist ___ kein Problem.","-",",","to be","That's no problem.","Negation with 'kein'"
"Das ist ___ keine gute Idee.","-",",","to be","That's not a good idea.","Negation with 'keine'"
"Das ist ___ nicht wahr.","-",",","to be","That's not true.","Negation with 'nicht' + adjective"
"Ich bin ___ nicht müde.","-",",","to be","I am not tired.","Negation with 'nicht' + adjective"
"Er ist ___ nicht krank.","-",",","to be","He is not sick.","Negation with 'nicht' + adjective"
"Wir sind ___ nicht fertig.","-",",","to be","We are not finished.","Negation with 'nicht' + adjective"
"Sie ist ___ nicht da.","-",",","to be","She is not there.","Negation with 'nicht' + adverb"
"Ich wohne ___ nicht in Berlin.","-",",","to live","I don't live in Berlin.","Negation with 'nicht' + place"
"Er arbeitet ___ nicht heute.","-",",","to work","He is not working today.","Negation with 'nicht' + time"
"Sie kommt ___ nicht mit.","-",",","to come along","She is not coming along.","Negation with 'nicht' + separable verb"
"Wir gehen ___ nicht ins Kino.","-",",","to go","We are not going to the cinema.","Negation with 'nicht' + direction"
"Das gefällt mir ___ nicht.","-",",","to like","I don't like that.","Negation with 'nicht' after verb"
"Ich verstehe das ___ nicht.","-",",","to understand","I don't understand that.","Negation with 'nicht' at end"
"Er hat das ___ nicht gemacht.","-",",","to do","He didn't do that.","Negation in Perfekt"
"Sie ist ___ nicht gekommen.","-",",","to come","She didn't come.","Negation in Perfekt with 'sein'"
"Wir haben ___ nicht gewusst.","-",",","to know","We didn't know.","Negation in Perfekt"
"Ich kann ___ nicht kommen.","-",",","can","I can't come.","Negation with modal verb"
"Er will ___ nicht helfen.","-",",","want","He doesn't want to help.","Negation with 'wollen'"
"Sie darf ___ nicht rauchen.","-",",","may","She is not allowed to smoke.","Negation with 'dürfen'"
"Wir sollen ___ nicht laut sein.","-",",","should","We shouldn't be loud.","Negation with 'sollen'"
"Ich mag ___ keinen Kaffee.","-",",","like","I don't like coffee.","Negation with 'keinen' after 'mögen'"
"Er mag ___ keine Hunde.","-",",","like","He doesn't like dogs.","Negation with 'keine' plural"
"Sie mag ___ kein Fleisch.","-",",","like","She doesn't like meat.","Negation with 'kein' neuter"
"Das ist ___ mein Buch.","mein",",","my","That is my book.","Possessive: mein + neuter nominative"
"Das ist ___ meine Tasche.","meine",",","my","That is my bag.","Possessive: meine + feminine nominative"
"Das ist ___ mein Vater.","mein",",","my","That is my father.","Possessive: mein + masculine nominative"
"Das sind ___ meine Eltern.","meine",",","my","Those are my parents.","Possessive: meine + plural"
"Ist das ___ dein Auto?","dein",",","your","Is that your car?","Possessive: dein + neuter nominative"
"Ist das ___ deine Schwester?","deine",",","your","Is that your sister?","Possessive: deine + feminine nominative"
"Ist das ___ dein Bruder?","dein",",","your","Is that your brother?","Possessive: dein + masculine nominative"
"Sind das ___ deine Kinder?","deine",",","your","Are those your children?","Possessive: deine + plural"
"Das ist ___ sein Haus.","sein",",","his","That is his house.","Possessive: sein + neuter nominative"
"Das ist ___ seine Frau.","seine",",","his","That is his wife.","Possessive: seine + feminine nominative"
"Das ist ___ sein Hund.","sein",",","his","That is his dog.","Possessive: sein + masculine nominative"
"Das sind ___ seine Freunde.","seine",",","his","Those are his friends.","Possessive: seine + plural"
"Das ist ___ ihr Kind.","ihr",",","her","That is her child.","Possessive: ihr + neuter nominative"
"Das ist ___ ihre Mutter.","ihre",",","her","That is her mother.","Possessive: ihre + feminine nominative"
"Das ist ___ ihr Vater.","ihr",",","her","That is her father.","Possessive: ihr + masculine nominative"
"Das sind ___ ihre Geschwister.","ihre",",","her","Those are her siblings.","Possessive: ihre + plural"
"Das ist ___ unser Haus.","unser",",","our","That is our house.","Possessive: unser + neuter nominative"
"Das ist ___ unsere Stadt.","unsere",",","our","That is our city.","Possessive: unsere + feminine nominative"
"Das ist ___ unser Lehrer.","unser",",","our","That is our teacher.","Possessive: unser + masculine nominative"
"Das sind ___ unsere Kinder.","unsere",",","our","Those are our children.","Possessive: unsere + plural"
"Das ist ___ euer Haus.","euer",",","your (plural)","That is your (plural) house.","Possessive: euer + neuter nominative"
"Das ist ___ eure Mutter.","eure",",","your (plural)","That is your (plural) mother.","Possessive: eure + feminine nominative"
"Das ist ___ euer Vater.","euer",",","your (plural)","That is your (plural) father.","Possessive: euer + masculine nominative"
"Das sind ___ eure Freunde.","eure",",","your (plural)","Those are your (plural) friends.","Possessive: eure + plural"
"Das ist ___ Ihr Haus.","Ihr",",","your (formal)","That is your (formal) house.","Possessive: Ihr + neuter nominative (capitalized)"
"Das ist ___ Ihre Tochter.","Ihre",",","your (formal)","That is your (formal) daughter.","Possessive: Ihre + feminine nominative"
"Das ist ___ Ihr Sohn.","Ihr",",","your (formal)","That is your (formal) son.","Possessive: Ihr + masculine nominative"
"Das sind ___ Ihre Kinder.","Ihre",",","your (formal)","Those are your (formal) children.","Possessive: Ihre + plural"
"Ich habe ___ Buch gelesen.","ein",",","to read","I read a book.","Indefinite article in accusative"
"Ich habe ___ Buch gelesen.","das",",","to read","I read the book.","Definite article in accusative"
"Ich habe ___ Mann gesehen.","den",",","to see","I saw the man.","Definite article masculine accusative"
"Ich habe ___ Frau gesehen.","die",",","to see","I saw the woman.","Definite article feminine accusative"
"Ich habe ___ Kind gesehen.","das",",","to see","I saw the child.","Definite article neuter accusative"
"Ich habe ___ Kinder gesehen.","die",",","to see","I saw the children.","Definite article plural accusative"
"Ich habe ___ Apfel gegessen.","einen",",","to eat","I ate an apple.","Indefinite article masculine accusative"
"Ich habe ___ Banane gegessen.","eine",",","to eat","I ate a banana.","Indefinite article feminine accusative"
"Ich habe ___ Ei gegessen.","ein",",","to eat","I ate an egg.","Indefinite article neuter accusative"
"Ich habe ___ Äpfel gegessen.","-",",","to eat","I ate apples.","No article in plural"
"Gib mir ___ Apfel!","den",",","to give","Give me the apple!","Definite article in accusative after 'geben'"
"Gib mir ___ Banane!","die",",","to give","Give me the banana!","Definite article feminine accusative"
"Gib mir ___ Geld!","das",",","to give","Give me the money!","Definite article neuter accusative"
"Gib mir ___ Äpfel!","die",",","to give","Give me the apples!","Definite article plural accusative"
"Ich danke ___ Mann.","dem",",","to thank","I thank the man.","Dative after 'danken'"
"Ich danke ___ Frau.","der",",","to thank","I thank the woman.","Dative feminine: der"
"Ich danke ___ Kind.","dem",",","to thank","I thank the child.","Dative neuter: dem"
"Ich danke ___ Eltern.","den",",","to thank","I thank the parents.","Dative plural: den + n"
"Ich helfe ___ Mann.","dem",",","to help","I help the man.","Dative after 'helfen'"
"Ich helfe ___ Frau.","der",",","to help","I help the woman.","Dative feminine: der"
"Ich helfe ___ Kind.","dem",",","to help","I help the child.","Dative neuter: dem"
"Ich helfe ___ Kindern.","den",",","to help","I help the children.","Dative plural: den + n"
"Ich antworte ___ Lehrer.","dem",",","to answer","I answer the teacher.","Dative after 'antworten'"
"Ich antworte ___ Lehrerin.","der",",","to answer","I answer the teacher (female).","Dative feminine: der"
"Ich antworte ___ Schüler.","dem",",","to answer","I answer the student.","Dative neuter? 'Schüler' is masculine"
"Ich antworte ___ Leuten.","den",",","to answer","I answer the people.","Dative plural: den + n"
"Das Buch gehört ___ Mann.","dem",",","to belong","The book belongs to the man.","Dative after 'gehören'"
"Das Buch gehört ___ Frau.","der",",","to belong","The book belongs to the woman.","Dative feminine: der"
"Das Buch gehört ___ Kind.","dem",",","to belong","The book belongs to the child.","Dative neuter: dem"
"Das Buch gehört ___ Eltern.","den",",","to belong","The book belongs to the parents.","Dative plural: den + n"
"Das gefällt ___ Mann.","dem",",","to like","That pleases the man.","Dative after 'gefallen'"
"Das gefällt ___ Frau.","der",",","to like","That pleases the woman.","Dative feminine: der"
"Das gefällt ___ Kind.","dem",",","to like","That pleases the child.","Dative neuter: dem"
"Das gefällt ___ Leuten.","den",",","to like","That pleases people.","Dative plural: den + n"
"Ich gebe ___ Mann das Buch.","dem",",","to give","I give the man the book.","Dative + accusative"
"Ich gebe ___ Frau den Schlüssel.","der",",","to give","I give the woman the key.","Dative feminine: der"
"Ich gebe ___ Kind den Ball.","dem",",","to give","I give the child the ball.","Dative neuter: dem"
"Ich gebe ___ Eltern das Geld.","den",",","to give","I give the parents the money.","Dative plural: den + n"
"Ich schicke ___ Freund eine E-Mail.","dem",",","to send","I send the friend an email.","Dative masculine: dem"
"Ich schicke ___ Freundin eine Karte.","der",",","to send","I send the (female) friend a card.","Dative feminine: der"
"Ich schicke ___ Kind ein Geschenk.","dem",",","to send","I send the child a gift.","Dative neuter: dem"
"Ich schicke ___ Eltern ein Paket.","den",",","to send","I send the parents a package.","Dative plural: den + n"
"Ich kaufe ___ Mann ein Bier.","dem",",","to buy","I buy the man a beer.","Dative masculine: dem"
"Ich kaufe ___ Frau eine Blume.","der",",","to buy","I buy the woman a flower.","Dative feminine: der"
"Ich kaufe ___ Kind ein Eis.","dem",",","to buy","I buy the child an ice cream.","Dative neuter: dem"
"Ich kaufe ___ Eltern ein Geschenk.","den",",","to buy","I buy the parents a gift.","Dative plural: den + n"
"Ich empfehle ___ Mann das Restaurant.","dem",",","to recommend","I recommend the restaurant to the man.","Dative masculine: dem"
"Ich empfehle ___ Frau den Film.","der",",","to recommend","I recommend the movie to the woman.","Dative feminine: der"
"Ich empfehle ___ Kind das Buch.","dem",",","to recommend","I recommend the book to the child.","Dative neuter: dem"
"Ich empfehle ___ Eltern den Arzt.","den",",","to recommend","I recommend the doctor to the parents.","Dative plural: den + n"
"Ich erzähle ___ Mann eine Geschichte.","dem",",","to tell","I tell the man a story.","Dative masculine: dem"
"Ich erzähle ___ Frau ein Geheimnis.","der",",","to tell","I tell the woman a secret.","Dative feminine: der"
"Ich erzähle ___ Kind ein Märchen.","dem",",","to tell","I tell the child a fairy tale.","Dative neuter: dem"
"Ich erzähle ___ Eltern die Wahrheit.","den",",","to tell","I tell the parents the truth.","Dative plural: den + n"
"Ich bringe ___ Mann das Frühstück.","dem",",","to bring","I bring the man breakfast.","Dative masculine: dem"
"Ich bringe ___ Frau die Blumen.","der",",","to bring","I bring the woman the flowers.","Dative feminine: der"
"Ich bringe ___ Kind das Spielzeug.","dem",",","to bring","I bring the child the toy.","Dative neuter: dem"
"Ich bringe ___ Eltern die Post.","den",",","to bring","I bring the parents the mail.","Dative plural: den + n"
"Ich nehme ___ Mann die Tasche ab.","dem",",","to take","I take the bag from the man.","Dative after 'abnehmen'"
"Ich nehme ___ Frau die Arbeit ab.","der",",","to take","I take the work from the woman.","Dative feminine: der"
"Ich nehme ___ Kind den Rucksack ab.","dem",",","to take","I take the backpack from the child.","Dative neuter: dem"
"Ich nehme ___ Eltern die Sorge ab.","den",",","to take","I take the worry from the parents.","Dative plural: den + n"
"Ich wasche ___ Mann die Wäsche.","dem",",","to wash","I wash the man's laundry.","Dative of possession"
"Ich wasche ___ Frau die Haare.","der",",","to wash","I wash the woman's hair.","Dative of possession"
"Ich wasche ___ Kind die Hände.","dem",",","to wash","I wash the child's hands.","Dative of possession"
"Ich wasche ___ Eltern das Auto.","den",",","to wash","I wash the parents' car.","Dative plural: den"
"Ich putze ___ Mann die Schuhe.","dem",",","to clean","I clean the man's shoes.","Dative of possession"
"Ich putze ___ Frau die Brille.","der",",","to clean","I clean the woman's glasses.","Dative feminine: der"
"Ich putze ___ Kind die Zähne.","dem",",","to clean","I clean the child's teeth.","Dative neuter: dem"
"Ich putze ___ Eltern die Wohnung.","den",",","to clean","I clean the parents' apartment.","Dative plural: den"
"Ich schneide ___ Mann die Haare.","dem",",","to cut","I cut the man's hair.","Dative of possession"
"Ich schneide ___ Frau die Nägel.","der",",","to cut","I cut the woman's nails.","Dative feminine: der"
"Ich schneide ___ Kind das Brot.","dem",",","to cut","I cut the child's bread.","Dative neuter: dem"
"Ich schneide ___ Eltern den Kuchen.","den",",","to cut","I cut the parents' cake.","Dative plural: den"
"Ich repariere ___ Mann das Fahrrad.","dem",",","to repair","I repair the man's bicycle.","Dative of possession"
"Ich repariere ___ Frau den Computer.","der",",","to repair","I repair the woman's computer.","Dative feminine: der"
"Ich repariere ___ Kind das Spielzeug.","dem",",","to repair","I repair the child's toy.","Dative neuter: dem"
"Ich repariere ___ Eltern das Auto.","den",",","to repair","I repair the parents' car.","Dative plural: den"
"Ich koche ___ Mann das Essen.","dem",",","to cook","I cook the man's food.","Dative of benefit"
"Ich koche ___ Frau die Suppe.","der",",","to cook","I cook the woman's soup.","Dative feminine: der"
"Ich koche ___ Kind den Brei.","dem",",","to cook","I cook the child's porridge.","Dative neuter: dem"
"Ich koche ___ Eltern das Abendessen.","den",",","to cook","I cook the parents' dinner.","Dative plural: den"
"Ich backe ___ Mann einen Kuchen.","dem",",","to bake","I bake the man a cake.","Dative masculine: dem"
"Ich backe ___ Frau einen Kuchen.","der",",","to bake","I bake the woman a cake.","Dative feminine: der"
"Ich backe ___ Kind Plätzchen.","dem",",","to bake","I bake the child cookies.","Dative neuter: dem"
"Ich backe ___ Eltern einen Kuchen.","den",",","to bake","I bake the parents a cake.","Dative plural: den"
"Ich male ___ Mann ein Bild.","dem",",","to paint","I paint the man a picture.","Dative masculine: dem"
"Ich male ___ Frau eine Blume.","der",",","to paint","I paint the woman a flower.","Dative feminine: der"
"Ich male ___ Kind ein Haus.","dem",",","to paint","I paint the child a house.","Dative neuter: dem"
"Ich male ___ Eltern ein Porträt.","den",",","to paint","I paint the parents a portrait.","Dative plural: den"
"Ich schreibe ___ Mann einen Brief.","dem",",","to write","I write the man a letter.","Dative masculine: dem"
"Ich schreibe ___ Frau eine Karte.","der",",","to write","I write the woman a card.","Dative feminine: der"
"Ich schreibe ___ Kind eine Geschichte.","dem",",","to write","I write the child a story.","Dative neuter: dem"
"Ich schreibe ___ Eltern eine E-Mail.","den",",","to write","I write the parents an email.","Dative plural: den"
"Ich lese ___ Mann ein Buch vor.","dem",",","to read aloud","I read a book aloud to the man.","Dative after 'vorlesen'"
"Ich lese ___ Frau die Zeitung vor.","der",",","to read aloud","I read the newspaper aloud to the woman.","Dative feminine: der"
"Ich lese ___ Kind eine Gute-Nacht-Geschichte vor.","dem",",","to read aloud","I read a bedtime story to the child.","Dative neuter: dem"
"Ich lese ___ Eltern den Brief vor.","den",",","to read aloud","I read the letter aloud to the parents.","Dative plural: den"
"Ich erkläre ___ Mann die Aufgabe.","dem",",","to explain","I explain the task to the man.","Dative masculine: dem"
"Ich erkläre ___ Frau das Problem.","der",",","to explain","I explain the problem to the woman.","Dative feminine: der"
"Ich erkläre ___ Kind die Regel.","dem",",","to explain","I explain the rule to the child.","Dative neuter: dem"
"Ich erkläre ___ Eltern die Situation.","den",",","to explain","I explain the situation to the parents.","Dative plural: den"
"Ich zeige ___ Mann den Weg.","dem",",","to show","I show the man the way.","Dative masculine: dem"
"Ich zeige ___ Frau das Haus.","der",",","to show","I show the woman the house.","Dative feminine: der"
"Ich zeige ___ Kind das Spiel.","dem",",","to show","I show the child the game.","Dative neuter: dem"
"Ich zeige ___ Eltern die Fotos.","den",",","to show","I show the parents the photos.","Dative plural: den"
"Ich leihe ___ Mann das Buch.","dem",",","to lend","I lend the man the book.","Dative masculine: dem"
"Ich leihe ___ Frau den Regenschirm.","der",",","to lend","I lend the woman the umbrella.","Dative feminine: der"
"Ich leihe ___ Kind das Geld.","dem",",","to lend","I lend the child the money.","Dative neuter: dem"
"Ich leihe ___ Eltern das Auto.","den",",","to lend","I lend the parents the car.","Dative plural: den"
"Ich glaube ___ Mann.","dem",",","to believe","I believe the man.","Dative after 'glauben'"
"Ich glaube ___ Frau.","der",",","to believe","I believe the woman.","Dative feminine: der"
"Ich glaube ___ Kind.","dem",",","to believe","I believe the child.","Dative neuter: dem"
"Ich glaube ___ Eltern.","den",",","to believe","I believe the parents.","Dative plural: den"
"Ich vertraue ___ Mann.","dem",",","to trust","I trust the man.","Dative after 'vertrauen'"
"Ich vertraue ___ Frau.","der",",","to trust","I trust the woman.","Dative feminine: der"
"Ich vertraue ___ Kind.","dem",",","to trust","I trust the child.","Dative neuter: dem"
"Ich vertraue ___ Eltern.","den",",","to trust","I trust the parents.","Dative plural: den"
"Ich folge ___ Mann.","dem",",","to follow","I follow the man.","Dative after 'folgen'"
"Ich folge ___ Frau.","der",",","to follow","I follow the woman.","Dative feminine: der"
"Ich folge ___ Kind.","dem",",","to follow","I follow the child.","Dative neuter: dem"
"Ich folge ___ Eltern.","den",",","to follow","I follow the parents.","Dative plural: den"
"Ich gratuliere ___ Mann.","dem",",","to congratulate","I congratulate the man.","Dative after 'gratulieren'"
"Ich gratuliere ___ Frau.","der",",","to congratulate","I congratulate the woman.","Dative feminine: der"
"Ich gratuliere ___ Kind.","dem",",","to congratulate","I congratulate the child.","Dative neuter: dem"
"Ich gratuliere ___ Eltern.","den",",","to congratulate","I congratulate the parents.","Dative plural: den"
"Ich danke ___ Mann.","dem",",","to thank","I thank the man.","Dative after 'danken'"
"Ich danke ___ Frau.","der",",","to thank","I thank the woman.","Dative feminine: der"
"Ich danke ___ Kind.","dem",",","to thank","I thank the child.","Dative neuter: dem"
"Ich danke ___ Eltern.","den",",","to thank","I thank the parents.","Dative plural: den"
"Ich passe ___ Mann auf.","auf",",","to watch out","I watch out for the man.","Separable verb: aufpassen"
"Ich passe auf ___ Mann auf.","den",",","to watch out","I watch out for the man.","'aufpassen auf' + accusative"
"Ich passe auf ___ Frau auf.","die",",","to watch out","I watch out for the woman.","Accusative feminine: die"
"Ich passe auf ___ Kind auf.","das",",","to watch out","I watch out for the child.","Accusative neuter: das"
"Ich passe auf ___ Kinder auf.","die",",","to watch out","I watch out for the children.","Accusative plural: die"
"Ich warte auf ___ Bus.","den",",","to wait","I wait for the bus.","'warten auf' + accusative"
"Ich warte auf ___ Freundin.","die",",","to wait","I wait for my girlfriend.","Accusative feminine: die"
"Ich warte auf ___ Ergebnis.","das",",","to wait","I wait for the result.","Accusative neuter: das"
"Ich warte auf ___ Antwort.","die",",","to wait","I wait for the answer.","Accusative feminine: die"
"Ich denke an ___ dich.","-",",","to think","I think of you.","'denken an' + accusative pronoun"
"Ich denke an ___ meine Mutter.","-",",","to think","I think of my mother.","'an' + accusative"
"Ich denke an ___ Urlaub.","den",",","to think","I think about the vacation.","Accusative masculine: den"
"Ich denke an ___ Zukunft.","die",",","to think","I think about the future.","Accusative feminine: die"
"Ich glaube an ___ Gott.","den",",","to believe","I believe in God.","'glauben an' + accusative"
"Ich glaube an ___ dich.","-",",","to believe","I believe in you.","Accusative pronoun"
"Ich arbeite an ___ Projekt.","dem",",","to work","I work on the project.","'arbeiten an' + dative (location)"
"Ich sitze an ___ Tisch.","dem",",","to sit","I sit at the table.","'an' + dative for location"
"Das Bild hängt an ___ Wand.","der",",","to hang","The picture hangs on the wall.","'an' + dative for location"
"Ich hänge das Bild an ___ Wand.","die",",","to hang","I hang the picture on the wall.","'an' + accusative for movement"
"Der Schlüssel liegt auf ___ Tisch.","dem",",","to lie","The key lies on the table.","'auf' + dative for location"
"Ich lege den Schlüssel auf ___ Tisch.","den",",","to lay","I put the key on the table.","'auf' + accusative for movement"
"Die Kinder spielen auf ___ Straße.","der",",","to play","The children play on the street.","'auf' + dative for location"
"Die Kinder laufen auf ___ Straße.","die",",","to run","The children run onto the street.","'auf' + accusative for movement"
"Das Buch ist in ___ Tasche.","der",",","to be","The book is in the bag.","'in' + dative for location"
"Ich stecke das Buch in ___ Tasche.","die",",","to put","I put the book into the bag.","'in' + accusative for movement"
"Er wohnt in ___ Berlin.","-",",","to live","He lives in Berlin.","Cities: no article"
"Sie lebt in ___ Schweiz.","der",",","to live","She lives in Switzerland.","Countries with article: in + dative"
"Wir fahren in ___ Türkei.","die",",","to go","We are going to Turkey.","Movement: in + accusative"
"Ich fliege in ___ USA.","die",",","to fly","I am flying to the USA.","Plural country: in + accusative"
"Das Haus steht hinter ___ Baum.","dem",",","to stand","The house stands behind the tree.","'hinter' + dative for location"
"Er stellt das Fahrrad hinter ___ Haus.","das",",","to put","He puts the bicycle behind the house.","'hinter' + accusative for movement"
"Die Katze sitzt unter ___ Tisch.","dem",",","to sit","The cat sits under the table.","'unter' + dative for location"
"Die Katze läuft unter ___ Tisch.","den",",","to run","The cat runs under the table.","'unter' + accusative for movement"
"Der Hund liegt neben ___ mir.","-",",","to lie","The dog lies next to me.","'neben' + dative pronoun"
"Stell den Stuhl neben ___ mich.","-",",","to put","Put the chair next to me.","'neben' + accusative pronoun"
"Das Hotel liegt gegenüber ___ Bahnhof.","dem",",","to lie","The hotel is opposite the station.","'gegenüber' + dative"
"Sie wohnt gegenüber ___ Kirche.","der",",","to live","She lives opposite the church.","'gegenüber' + dative"
"Wir gehen durch ___ Park.","den",",","to go","We go through the park.","'durch' + accusative"
"Er fährt durch ___ Stadt.","die",",","to drive","He drives through the city.","'durch' + accusative"
"Sie läuft durch ___ Tür.","die",",","to run","She runs through the door.","'durch' + accusative"
"Das Wasser fließt durch ___ Rohr.","das",",","to flow","The water flows through the pipe.","'durch' + accusative"
"Ich gehe um ___ Ecke.","die",",","to go","I go around the corner.","'um' + accusative"
"Wir sitzen um ___ Tisch.","den",",","to sit","We sit around the table.","'um' + accusative"
"Die Erde dreht sich um ___ Sonne.","die",",","to rotate","The earth rotates around the sun.","'um' + accusative"
"Es geht um ___ Geld.","das",",","to be about","It's about the money.","'es geht um' + accusative"
"Es geht um ___ dich.","-",",","to be about","It's about you.","'um' + accusative pronoun"
"Ich fahre mit ___ Bus.","dem",",","to go","I go by bus.","'mit' + dative"
"Sie kommt mit ___ Zug.","dem",",","to come","She comes by train.","'mit' + dative"
"Wir fahren mit ___ Auto.","dem",",","to drive","We drive by car.","'mit' + dative"
"Er reist mit ___ Freundin.","der",",","to travel","He travels with his girlfriend.","'mit' + dative feminine"
"Ich spiele mit ___ Kindern.","den",",","to play","I play with the children.","'mit' + dative plural"
"Kommst du mit ___ mir?","-",",","to come","Are you coming with me?","'mit' + dative pronoun"
"Ich gehe zu ___ Arzt.","dem",",","to go","I go to the doctor.","'zu' + dative"
"Sie geht zu ___ Oma.","der",",","to go","She goes to grandma's.","'zu' + dative feminine"
"Wir gehen zu ___ Supermarkt.","dem",",","to go","We go to the supermarket.","'zu' + dative"
"Ich fahre zu ___ meinen Eltern.","-",",","to drive","I drive to my parents' house.","'zu' + possessive + dative"
"Zum Wohl!","-",",","Cheers!","Fixed phrase: 'zum' = zu + dem"
"Zur Sache!","-",",","Get to the point!","Fixed phrase: 'zur' = zu + der"
"Ich komme aus ___ Berlin.","-",",","to come","I come from Berlin.","'aus' + city (no article)"
"Er kommt aus ___ Türkei.","der",",","to come","He comes from Turkey.","'aus' + country with article"
"Sie kommt aus ___ Schweiz.","der",",","to come","She comes from Switzerland.","'aus' + dative"
"Das Geschenk ist von ___ mir.","-",",","to be","The gift is from me.","'von' + dative pronoun"
"Der Brief ist von ___ meiner Mutter.","-",",","to be","The letter is from my mother.","'von' + possessive + dative"
"Das ist ein Geschenk von ___ Freunden.","-",",","to be","That's a gift from friends.","'von' + dative plural"
"Ich habe das von ___ Vater bekommen.","meinem",",","to receive","I got that from my father.","'von' + possessive + dative"
"Seit ___ wann?","wann",",","since","Since when?","Question word with 'seit'"
"Seit ___ Jahr lerne ich Deutsch.","einem",",","to learn","I have been learning German for a year.","'seit' + dative"
"Seit ___ drei Jahren wohne ich hier.","-",",","to live","I have been living here for three years.","'seit' + time period (no article)"
"Seit ___ letztem Jahr bin ich in Berlin.","-",",","to be","I have been in Berlin since last year.","'seit' + adjective + dative"
"Nach ___ der Arbeit gehe ich nach Hause.","-",",","to go","After work I go home.","'nach' + dative"
"Nach ___ dem Film gehen wir essen.","-",",","to go","After the movie we go eat.","'nach' + dative"
"Nach ___ dem Unterricht habe ich Zeit.","-",",","to have","After class I have time.","'nach' + dative"
"Nach ___ einer Stunde komme ich.","-",",","to come","I'll come after an hour.","'nach' + dative"
"Vor ___ dem Haus ist ein Garten.","-",",","to be","In front of the house is a garden.","'vor' + dative for location"
"Vor ___ der Tür steht ein Mann.","-",",","to stand","A man is standing in front of the door.","'vor' + dative"
"Vor ___ einer Woche war ich krank.","-",",","to be","A week ago I was sick.","'vor' + dative for time"
"Vor ___ dem Essen wasche ich mir die Hände.","-",",","to wash","Before eating I wash my hands.","'vor' + dative for time"
"Vor ___ dem Schlafengehen lese ich.","-",",","to read","Before going to sleep I read.","'vor' + dative with nominalized verb"
"Bei ___ dem Wetter bleibe ich zu Hause.","-",",","to stay","In this weather I stay home.","'bei' + dative"
"Bei ___ der Arbeit höre ich Musik.","-",",","to listen","At work I listen to music.","'bei' + dative"
"Ich wohne bei ___ meinen Eltern.","-",",","to live","I live with my parents.","'bei' + possessive + dative"
"Kann ich bei ___ dir übernachten?","-",",","to stay","Can I stay at your place?","'bei' + dative pronoun"
"Außer ___ mir war niemand da.","-",",","to be","No one was there except me.","'außer' + dative"
"Außer ___ dem Hund mag ich alle Tiere.","-",",","to like","I like all animals except the dog.","'außer' + dative"
"Außer ___ meinem Bruder habe ich keine Geschwister.","-",",","to have","Apart from my brother, I have no siblings.","'außer' + possessive + dative"
"Gegen ___ den Wind ist schwer anzukommen.","-",",","to be","It's hard to make headway against the wind.","'gegen' + accusative"
"Das Medikament ist gegen ___ Kopfschmerzen.","-",",","to be","The medicine is for headaches.","'gegen' + accusative"
"Ich bin gegen ___ Atomkraft.","-",",","to be","I am against nuclear power.","'gegen' + accusative"
"Er hat gegen ___ die Regeln verstoßen.","-",",","to violate","He violated the rules.","'gegen' + accusative"
"Ohne ___ dich kann ich nicht leben.","-",",","can","I can't live without you.","'ohne' + accusative"
"Ohne ___ Geld kann man nichts machen.","-",",","can","Without money you can't do anything.","'ohne' + accusative"
"Ohne ___ meine Brille sehe ich nichts.","-",",","to see","Without my glasses I don't see anything.","'ohne' + possessive + accusative"
"Ohne ___ einen Kaffee wache ich nicht auf.","-",",","to wake up","Without a coffee I don't wake up.","'ohne' + indefinite article"
"Bis ___ morgen!","-",",","See you tomorrow!","'bis' + adverb"
"Bis ___ bald!","-",",","See you soon!","'bis' + adverb"
"Bis ___ nächste Woche!","-",",","See you next week!","'bis' + adjective"
"Bis ___ zum nächsten Mal!","-",",","Until next time!","'bis zu' + dative"
"Bis ___ zum Bahnhof ist es weit.","-",",","to be","It's far to the station.","'bis zu' + dative"
"Bis ___ Berlin fahren wir mit dem Zug.","-",",","to go","We go to Berlin by train.","'bis' + city (no article)"
"Bis ___ 12 Uhr muss ich fertig sein.","-",",","must","I have to be ready by 12 o'clock.","'bis' + time"
"Bis ___ Ende des Monats habe ich Urlaub.","-",",","to have","I have vacation until the end of the month.","'bis' + genitive phrase"
"Entschuldigung, ___ ist der Bahnhof?","wo",",","where","Excuse me, where is the station?","Question word 'wo' for location"
"___ wohnst du?","Wo",",","to live","Where do you live?","Question word 'wo'"
"___ kommst du?","Woher",",","to come","Where are you from?","Question word 'woher' for origin"
"___ gehst du?","Wohin",",","to go","Where are you going?","Question word 'wohin' for destination"
"___ viel kostet das?","Wie",",","to cost","How much does that cost?","'Wie viel' for price"
"___ alt bist du?","Wie",",","to be","How old are you?","'Wie alt' for age"
"___ lange lernst du schon Deutsch?","Wie",",","to learn","How long have you been learning German?","'Wie lange' for duration"
"___ oft gehst du ins Kino?","Wie",",","to go","How often do you go to the cinema?","'Wie oft' for frequency"
"___ viele Kinder hast du?","Wie",",","to have","How many children do you have?","'Wie viele' for countable nouns"
"___ viel Geld hast du?","Wie",",","to have","How much money do you have?","'Wie viel' for uncountable nouns"
"___ heißen Sie?","Wie",",","to be called","What is your name? (formal)","'Wie' for names"
"___ ist dein Name?","Wie",",","to be","What is your name? (informal)","'Wie' for names"
"___ ist das Wetter heute?","Wie",",","to be","How is the weather today?","'Wie' for weather"
"___ geht es dir?","Wie",",","to go","How are you?","'Wie' for well-being"
"___ ist deine Telefonnummer?","Wie",",","to be","What is your phone number?","'Wie' for numbers"
"___ spät ist es?","Wie",",","to be","What time is it?","'Wie spät' for time"
"___ Uhr ist es?","Wie viel",",","to be","What time is it?","'Wie viel Uhr' for time"
"___ Tag ist heute?","Welcher",",","to be","What day is today?","'Welcher' for specific choice"
"___ Datum haben wir heute?","Welches",",","to have","What's the date today?","'Welches' for neuter"
"___ Monat haben wir?","Welchen",",","to have","What month are we in?","'Welchen' for masculine accusative"
"___ Jahr haben wir?","Welches",",","to have","What year are we in?","'Welches' for neuter"
"___ Farbe magst du?","Welche",",","to like","Which color do you like?","'Welche' for feminine"
"___ Buch liest du gerade?","Welches",",","to read","Which book are you reading?","'Welches' for neuter"
"___ Film siehst du?","Welchen",",","to see","Which movie are you watching?","'Welchen' for masculine accusative"
"___ Frau ist deine Mutter?","Welche",",","to be","Which woman is your mother?","'Welche' for feminine nominative"
"___ Mann ist dein Vater?","Welcher",",","to be","Which man is your father?","'Welcher' for masculine nominative"
"___ Kind ist deins?","Welches",",","to be","Which child is yours?","'Welches' for neuter"
"___ von euch kann mir helfen?","Wer",",","can","Who among you can help me?","'Wer' for people in nominative"
"___ hast du gesehen?","Wen",",","to see","Whom did you see?","'Wen' for accusative"
"___ hast du geholfen?","Wem",",","to help","Whom did you help?","'Wem' for dative"
"___ Auto ist das?","Wessen",",","to be","Whose car is that?","'Wessen' for genitive"
"Mit ___ gehst du ins Kino?","wem",",","to go","With whom are you going to the cinema?","Preposition + 'wem' (dative)"
"Für ___ ist das Geschenk?","wen",",","to be","For whom is the gift?","Preposition + 'wen' (accusative)"
"Von ___ hast du das gehört?","wem",",","to hear","From whom did you hear that?","Preposition + 'wem' (dative)"
"An ___ denkst du?","wen",",","to think","About whom are you thinking?","Preposition + 'wen' (accusative)"
"Zu ___ gehst du?","wem",",","to go","To whom are you going?","Preposition + 'wem' (dative)"
"Bei ___ wohnst du?","wem",",","to live","At whose place do you live?","Preposition + 'wem' (dative)"
"Aus ___ Land kommst du?","welchem",",","to come","From which country do you come?","'aus' + dative + question word"
"In ___ Stadt wohnst du?","welcher",",","to live","In which city do you live?","'in' + dative + question word"
"Seit ___ Jahr lernst du Deutsch?","welchem",",","to learn","Since which year have you been learning German?","'seit' + dative + question word"
"Bis ___ Uhr bleibt ihr?","wie viel",",","to stay","Until what time are you (plural) staying?","'bis' + time question"
"Ab ___ Uhr hast du Zeit?","wie viel",",","to have","From what time do you have time?","'ab' + time question"
"Um ___ Uhr treffen wir uns?","wie viel",",","to meet","At what time are we meeting?","'um' + time question"
"Am ___ Tag hast du Geburtstag?","welchem",",","to have","On which day is your birthday?","'am' + dative + question word"
"Im ___ Monat hast du Urlaub?","welchem",",","to have","In which month do you have vacation?","'im' + dative + question word"
"Im ___ Jahr bist du geboren?","welchem",",","to be","In which year were you born?","'im' + dative + question word"
"Ich weiß, ___ er kommt.","dass",",","to know","I know that he is coming.","'dass' sends verb to end"
"Ich denke, ___ sie recht hat.","dass",",","to think","I think that she is right.","'dass' clause"
"Er sagt, ___ er krank ist.","dass",",","to say","He says that he is sick.","'dass' after 'sagen'"
"Sie glaubt, ___ du lügst.","dass",",","to believe","She believes that you are lying.","'dass' after 'glauben'"
"Wir hoffen, ___ das Wetter gut wird.","dass",",","to hope","We hope that the weather will be good.","'dass' after 'hoffen'"
"Es tut mir leid, ___ ich zu spät bin.","dass",",","to be sorry","I'm sorry that I'm late.","'dass' after apology"
"Ich freue mich, ___ du da bist.","dass",",","to be happy","I'm happy that you're here.","'dass' after emotional expression"
"Ich habe gehört, ___ du umziehst.","dass",",","to hear","I heard that you're moving.","'dass' after 'hören'"
"Ich bin froh, ___ du gesund bist.","dass",",","to be","I'm glad that you're healthy.","'dass' after 'froh sein'"
"Es ist schade, ___ du nicht kommen kannst.","dass",",","to be","It's too bad that you can't come.","'dass' after 'schade sein'"
"Ich weiß nicht, ___ er kommt.","ob",",","to know","I don't know whether he's coming.","'ob' for indirect questions"
"Kannst du mir sagen, ___ der Bus schon abgefahren ist?","ob",",","to tell","Can you tell me whether the bus has already left?","'ob' in indirect question"
"Ich frage mich, ___ das stimmt.","ob",",","to wonder","I wonder whether that's true.","'ob' after 'sich fragen'"
"Sie will wissen, ___ wir kommen.","ob",",","to want","She wants to know whether we're coming.","'ob' after 'wissen wollen'"
"Er fragt, ___ ich ihm helfen kann.","ob",",","to ask","He asks whether I can help him.","'ob' after 'fragen'"
"Weißt du, ___ er schon da ist?","ob",",","to know","Do you know whether he's already there?","'ob' in question"
"Ich bin mir nicht sicher, ___ das richtig ist.","ob",",","to be","I'm not sure whether that's correct.","'ob' after 'sicher sein'"
"Es hängt davon ab, ___ du Zeit hast.","ob",",","to depend","It depends on whether you have time.","'ob' after 'abhängen von'"
"Ich komme, ___ ich Zeit habe.","wenn",",","to come","I'll come if I have time.","'wenn' for condition"
"___ du in Berlin bist, besuch mich!","Wenn",",","to visit","If you're in Berlin, visit me!","'wenn' at beginning"
"Ich rufe dich an, ___ ich zu Hause bin.","wenn",",","to call","I'll call you when I'm home.","'wenn' for time"
"___ es regnet, bleiben wir zu Hause.","Wenn",",","to stay","When it rains, we stay home.","'wenn' at beginning"
"Ich träume von dem Tag, ___ wir uns wiedersehen.","wenn",",","to dream","I dream of the day when we see each other again.","'wenn' for future time"
"___ ich Kind war, hatte ich einen Hund.","Als",",","to have","When I was a child, I had a dog.","'als' for past situations"
"___ wir in Berlin waren, besuchten wir das Museum.","Als",",","to visit","When we were in Berlin, we visited the museum.","'als' for past events"
"___ ich aufwachte, regnete es.","Als",",","to wake up","When I woke up, it was raining.","'als' for one-time past event"
"___ ich 18 wurde, bekam ich ein Auto.","Als",",","to receive","When I turned 18, I got a car.","'als' for past milestone"
"___ ich klein war, hatte ich Angst vor Hunden.","Als",",","to have","When I was little, I was afraid of dogs.","'als' for past state"
"Ich bleibe zu Hause, ___ ich krank bin.","weil",",","to stay","I stay home because I am sick.","'weil' sends verb to end"
"Er kommt nicht, ___ er keine Zeit hat.","weil",",","to come","He's not coming because he has no time.","'weil' clause"
"Sie lernt Deutsch, ___ sie in Berlin lebt.","weil",",","to learn","She learns German because she lives in Berlin.","'weil' reason"
"Wir gehen spazieren, ___ das Wetter schön ist.","weil",",","to go","We go for a walk because the weather is nice.","'weil' reason"
"Ich kaufe das Buch, ___ es interessant ist.","weil",",","to buy","I buy the book because it is interesting.","'weil' reason"
"Ich bin müde, ___ ich wenig geschlafen habe.","weil",",","to be","I'm tired because I slept little.","'weil' with Perfekt"
"Er ist glücklich, ___ er Urlaub hat.","weil",",","to be","He is happy because he has vacation.","'weil' with present"
"Ich mag ihn, ___ er nett ist.","weil",",","to like","I like him because he is nice.","'weil' with adjective"
"Ich trinke Kaffee, ___ ich müde bin.","weil",",","to drink","I drink coffee because I am tired.","'weil' reason"
"Ich nehme den Bus, ___ mein Auto kaputt ist.","weil",",","to take","I take the bus because my car is broken.","'weil' reason"
"Obwohl es regnet, gehe ich spazieren.","-",",","to go","Although it's raining, I go for a walk.","'obwohl' sends verb to end"
"Obwohl ich müde bin, arbeite ich weiter.","-",",","to work","Although I'm tired, I continue working.","'obwohl' concession"
"Obwohl er krank ist, kommt er zur Arbeit.","-",",","to come","Although he is sick, he comes to work.","'obwohl' clause"
"Obwohl sie wenig Geld hat, kauft sie das Kleid.","-",",","to buy","Although she has little money, she buys the dress.","'obwohl' concession"
"Obwohl das Essen teuer ist, schmeckt es nicht gut.","-",",","to taste","Although the food is expensive, it doesn't taste good.","'obwohl' with negation"
"Ich warte, ___ du kommst.","bis",",","to wait","I'll wait until you come.","'bis' sends verb to end"
"Bleib hier, ___ ich zurückkomme.","bis",",","to stay","Stay here until I come back.","'bis' with verb at end"
"Wir spielen, ___ es dunkel wird.","bis",",","to play","We play until it gets dark.","'bis' for time"
"Ich lerne, ___ ich die Prüfung bestehe.","bis",",","to learn","I learn until I pass the exam.","'bis' with goal"
"Er trainiert, ___ er müde ist.","bis",",","to train","He trains until he is tired.","'bis' with state"
"Ich rufe dich an, ___ ich in Berlin bin.","sobald",",","to call","I'll call you as soon as I'm in Berlin.","'sobald' sends verb to end"
"Sobald ich Geld habe, kaufe ich ein Auto.","-",",","to buy","As soon as I have money, I'll buy a car.","'sobald' for immediate action"
"Sobald du fertig bist, können wir gehen.","-",",","can","As soon as you're ready, we can go.","'sobald' condition"
"Sobald es aufhört zu regnen, gehen wir spazieren.","-",",","to go","As soon as it stops raining, we'll go for a walk.","'sobald' with weather"
"Sobald ich Zeit habe, melde ich mich.","-",",","to contact","As soon as I have time, I'll get in touch.","'sobald' for future"
"Seit ___ ich in Berlin wohne, lerne ich Deutsch.","seit",",","to learn","Since I live in Berlin, I learn German.","'seit' for ongoing action"
"Seit ___ ich dich kenne, bin ich glücklich.","seit",",","to be","Since I know you, I am happy.","'seit' with state"
"Seit ___ er hier arbeitet, ist es besser.","seit",",","to be","Since he works here, it's better.","'seit' with improvement"
"Seit ___ wir Kinder haben, haben wir wenig Zeit.","seit",",","to have","Since we have children, we have little time.","'seit' with change"
"Seit ___ sie in München wohnt, ruft sie oft an.","seit",",","to call","Since she lives in Munich, she calls often.","'seit' with action"
"Bevor ___ ich schlafe, lese ich ein Buch.","Bevor",",","to read","Before I sleep, I read a book.","'bevor' sends verb to end"
"Bevor ___ wir essen, waschen wir uns die Hände.","Bevor",",","to wash","Before we eat, we wash our hands.","'bevor' with reflexive"
"Bevor ___ du gehst, musst du bezahlen.","Bevor",",","must","Before you go, you have to pay.","'bevor' with modal"
"Bevor ___ ich einkaufe, mache ich eine Liste.","Bevor",",","to make","Before I shop, I make a list.","'bevor' for preparation"
"Bevor ___ der Film beginnt, kaufen wir Popcorn.","Bevor",",","to buy","Before the movie starts, we buy popcorn.","'bevor' with event"
"Während ___ ich koche, hört er Musik.","Während",",","to listen","While I cook, he listens to music.","'während' for simultaneous action"
"Während ___ sie arbeitet, passt er auf die Kinder auf.","Während",",","to watch","While she works, he watches the children.","'während' with care"
"Während ___ wir im Urlaub waren, hat es viel geregnet.","Während",",","to rain","While we were on vacation, it rained a lot.","'während' with past"
"Während ___ der Vorlesung hat er geschlafen.","Während",",","to sleep","During the lecture he slept.","'während' + genitive (formal)"
"Während ___ des Sommers reisen wir viel.","Während",",","to travel","During the summer we travel a lot.","'während' + genitive"