pos,word,article,gender,gender_tip,plural,meaning,ex1_de,ex1_en,ex2_de,ex2_en,ex3_de,ex3_en,ex4_de,ex4_en,ex5_de,ex5_en
noun,Mann,der,m,Natural gender: male person → usually der.,Männer,man,Der Mann ist hier.,The man is here.,,,,,,,,
noun,Frau,die,f,Natural gender: female person → usually die.,Frauen,woman,Die Frau ist nett.,The woman is nice.,,,,,,,,
noun,Kind,das,n,Many young beings are neuter in German (das Kind).,Kinder,child,Das Kind spielt.,The child is playing.,,,,,,,,
noun,Mädchen,das,n,Diminutive suffix -chen → always neuter (das).,Mädchen,girl,Das Mädchen lernt Deutsch.,The girl is learning German.,,,,,,,,
noun,Haus,das,n,Learn as fixed pair: das Haus.,Häuser,house,Das Haus ist groß.,The house is big.,,,,,,,,
noun,Schule,die,f,Many nouns ending in -e are feminine (die).,Schulen,school,Die Schule ist nah.,The school is near.,,,,,,,,
noun,Name,der,m,Exception: der Name (masculine).,Namen,name,Wie ist dein Name?,What is your name?,,,,,,,,
noun,Zeit,die,f,Abstract noun; learn as chunk: die Zeit.,Zeiten,time,Ich habe keine Zeit.,I have no time.,,,,,,,,
noun,Wasser,das,n,Mass noun; often neuter: das Wasser.,,water,Ich trinke Wasser.,I drink water.,,,,,,,,
noun,Kaffee,der,m,Many drinks are masculine: der Kaffee.,,coffee,Ich trinke Kaffee.,I drink coffee.,,,,,,,,
noun,Tee,der,m,Many drinks are masculine: der Tee.,,tea,Er trinkt Tee.,He drinks tea.,,,,,,,,
noun,Milch,die,f,Common exception: die Milch (feminine).,,milk,Ich kaufe Milch.,I buy milk.,,,,,,,,
noun,Brot,das,n,Food item learned as chunk: das Brot.,Brote,bread,Wir essen Brot.,We eat bread.,,,,,,,,
noun,Apfel,der,m,Many fruits are masculine: der Apfel.,Äpfel,apple,Der Apfel ist rot.,The apple is red.,,,,,,,,
noun,Banane,die,f,Ending -e → usually feminine (die Banane).,Bananen,banana,Die Banane ist gelb.,The banana is yellow.,,,,,,,,
noun,Zug,der,m,Vehicle noun commonly masculine: der Zug.,Züge,train,Der Zug kommt gleich.,The train is coming soon.,,,,,,,,
noun,Bus,der,m,Vehicle noun commonly masculine: der Bus.,Busse,bus,Der Bus ist voll.,The bus is full.,,,,,,,,
noun,Bahnhof,der,m,Compound ending -hof is often masculine: der Bahnhof.,Bahnhöfe,station,Der Bahnhof ist weit.,The station is far.,,,,,,,,
noun,Straße,die,f,Common street nouns are feminine: die Straße.,Straßen,street,Die Straße ist breit.,The street is wide.,,,,,,,,
noun,Zimmer,das,n,Exception to -er rule: das Zimmer (neuter).,Zimmer,room,Das Zimmer ist sauber.,The room is clean.,,,,,,,,
noun,Tisch,der,m,Many furniture items are masculine: der Tisch.,Tische,table,Der Tisch ist klein.,The table is small.,,,,,,,,
noun,Stuhl,der,m,Many furniture items are masculine: der Stuhl.,Stühle,chair,Der Stuhl ist bequem.,The chair is comfortable.,,,,,,,,
noun,Fenster,das,n,Exception: das Fenster (neuter).,Fenster,window,Das Fenster ist zu.,The window is closed.,,,,,,,,
noun,Tür,die,f,Door nouns often feminine: die Tür.,Türen,door,Die Tür ist offen.,The door is open.,,,,,,,,
noun,Frage,die,f,Ending -e → usually feminine: die Frage.,Fragen,question,Ich habe eine Frage.,I have a question.,,,,,,,,
noun,Antwort,die,f,Many nouns ending -t are feminine: die Antwort.,Antworten,answer,Das ist die Antwort.,That is the answer.,,,,,,,,
noun,Woche,die,f,Ending -e → usually feminine: die Woche.,Wochen,week,Die Woche ist lang.,The week is long.,,,,,,,,
noun,Jahr,das,n,Fixed chunk: das Jahr.,Jahre,year,Dieses Jahr ist gut.,This year is good.,,,,,,,,
noun,Morgen,der,m,Time-of-day noun often masculine: der Morgen.,Morgen,morning;tomorrow,Am Morgen trinke ich Kaffee.,In the morning I drink coffee.,Morgen habe ich Zeit.,Tomorrow I have time.,,,,,,
noun,Abend,der,m,Time-of-day noun often masculine: der Abend.,Abende,evening,Guten Abend!,Good evening!,Der Abend ist schön.,The evening is beautiful.,,,,,,
noun,Nacht,die,f,Fixed chunk: die Nacht.,Nächte,night,Gute Nacht!,Good night!,In der Nacht schlafe ich.,At night I sleep.,,,,,,
noun,Arbeit,die,f,Often feminine; learn as chunk: die Arbeit.,Arbeiten,work;job,Ich gehe zur Arbeit.,I go to work.,,,,,,,,
noun,Familie,die,f,Suffix -ie → often feminine: die Familie.,Familien,family,Meine Familie ist groß.,My family is big.,,,,,,,,
noun,Freund,der,m,Natural gender (male friend) → der Freund.,Freunde,friend (male),Er ist mein Freund.,He is my friend.,,,,,,,,
noun,Freundin,die,f,Suffix -in marks feminine: die Freundin.,Freundinnen,friend (female),Sie ist meine Freundin.,She is my friend.,,,,,,,,
noun,Telefon,das,n,Many -on loanwords are neuter: das Telefon.,Telefone,phone,Wo ist das Telefon?,Where is the phone?,,,,,,,,
noun,Computer,der,m,Many device loanwords are masculine; learn: der Computer.,Computer,computer,Mein Computer ist alt.,My computer is old.,,,,,,,,
verb,sein,,,—,,to be,Ich bin müde.,I am tired.,Bist du hier?,Are you here?,,,,,,
verb,haben,,,—,,to have,Ich habe Zeit.,I have time.,Wir haben ein Auto.,We have a car.,,,,,,
verb,gehen,,,—,,to go,Wir gehen nach Hause.,We go home.,Ich gehe zur Schule.,I go to school.,,,,,,
verb,kommen,,,—,,to come,Er kommt später.,He comes later.,Kommst du heute?,Are you coming today?,,,,,,
verb,machen,,,—,,to do;to make,Ich mache Kaffee.,I make coffee.,Was machst du?,What are you doing?,,,,,,
verb,lernen,,,—,,to learn,Ich lerne Deutsch.,I learn German.,Wir lernen zusammen.,We learn together.,,,,,,
verb,sprechen,,,—,,to speak,Sie spricht Deutsch.,She speaks German.,Sprichst du Englisch?,Do you speak English?,,,,,,
verb,essen,,,—,,to eat,Wir essen Brot.,We eat bread.,Ich esse einen Apfel.,I eat an apple.,,,,,,
verb,trinken,,,—,,to drink,Ich trinke Wasser.,I drink water.,Trinkst du Tee?,Do you drink tea?,,,,,,
verb,lesen,,,—,,to read,Ich lese ein Buch.,I read a book.,Liest du gern?,Do you like reading?,,,,,,
adj,groß,,,—,,big;large,Das Haus ist groß.,The house is big.,,,,,,,,
adj,klein,,,—,,small,Die Stadt ist klein.,The city is small.,,,,,,,,
noun,Mann,der,m,"Natural gender: male person → usually der.",Männer,man,"Der Mann ist hier.","The man is here.","Der Mann kommt aus Deutschland.","The man comes from Germany.",,,,,,
noun,Frau,die,f,"Natural gender: female person → usually die.",Frauen,woman,"Die Frau ist nett.","The woman is nice.","Die Frau arbeitet heute.","The woman works today.",,,,,,
noun,Kind,das,n,"Many young beings are neuter in German (das Kind).",Kinder,child,"Das Kind spielt.","The child is playing.","Das Kind lernt Deutsch.","The child is learning German.",,,,,,
noun,Mädchen,das,n,"Diminutive suffix -chen → always neuter (das).",Mädchen,girl,"Das Mädchen ist 8 Jahre alt.","The girl is 8 years old.","Das Mädchen geht zur Schule.","The girl goes to school.",,,,,,
noun,Name,der,m,"Some common -e nouns are masculine: der Name.",Namen,name,"Mein Name ist Ali.","My name is Ali.","Wie ist dein Name?","What is your name?",,,,,,
noun,Familie,die,f,"Many nouns ending in -ie are feminine: die Familie.",Familien,family,"Meine Familie ist groß.","My family is big.","Die Familie wohnt in Berlin.","The family lives in Berlin.",,,,,,
noun,Freund,der,m,"Male person word → usually der.",Freunde,friend,"Das ist mein Freund.","That is my friend.","Mein Freund ist hier.","My friend is here.",,,,,,
noun,Haus,das,n,"Many buildings/places are neuter: das Haus.",Häuser,house,"Das Haus ist alt.","The house is old.","Wir haben ein Haus.","We have a house.",,,,,,
noun,Wohnung,die,f,"Nouns ending -ung are almost always feminine: die Wohnung.",Wohnungen,apartment,"Die Wohnung ist klein.","The apartment is small.","Ich suche eine Wohnung.","I am looking for an apartment.",,,,,,
noun,Zimmer,das,n,"Many rooms are neuter: das Zimmer.",Zimmer,room,"Mein Zimmer ist sauber.","My room is clean.","Das Zimmer hat ein Fenster.","The room has a window.",,,,,,
noun,Küche,die,f,"Many nouns ending -e are feminine: die Küche.",Küchen,kitchen,"Die Küche ist neu.","The kitchen is new.","In der Küche steht ein Tisch.","A table is in the kitchen.",,,,,,
noun,Bad,das,n,"Many short room nouns are neuter: das Bad.",Bäder,bathroom,"Das Bad ist da.","The bathroom is there.","Ich bin im Bad.","I am in the bathroom.",,,,,,
noun,Schule,die,f,"Many nouns ending -e are feminine: die Schule.",Schulen,school,"Die Schule ist groß.","The school is big.","Ich gehe in die Schule.","I go to school.",,,,,,
noun,Stadt,die,f,"Many nouns ending -t are feminine: die Stadt.",Städte,city,"Die Stadt ist schön.","The city is beautiful.","Ich wohne in einer Stadt.","I live in a city.",,,,,,
noun,Straße,die,f,"Most nouns ending -e are feminine: die Straße.",Straßen,street,"Die Straße ist lang.","The street is long.","Die Straße ist hier.","The street is here.",,,,,,
noun,Bahnhof,der,m,"Many -hof compounds are masculine: der Bahnhof.",Bahnhöfe,train station,"Der Bahnhof ist in der Stadt.","The train station is in the city.","Wir warten am Bahnhof.","We are waiting at the station.",,,,,,
noun,Bus,der,m,"Most vehicle names are masculine: der Bus.",Busse,bus,"Der Bus kommt gleich.","The bus is coming soon.","Ich fahre mit dem Bus.","I go by bus.",,,,,,
noun,Zug,der,m,"Many transport nouns are masculine: der Zug.",Züge,train,"Der Zug ist pünktlich.","The train is on time.","Ich nehme den Zug.","I take the train.",,,,,,
noun,Auto,das,n,"Many loanwords ending -o are neuter: das Auto.",Autos,car,"Das Auto ist teuer.","The car is expensive.","Ich habe ein Auto.","I have a car.",,,,,,
noun,Fahrrad,das,n,"Many compounds with Rad are neuter: das Fahrrad.",Fahrräder,bicycle,"Das Fahrrad ist neu.","The bicycle is new.","Ich fahre Fahrrad.","I ride a bicycle.",,,,,,
noun,Schlüssel,der,m,"Many nouns ending -el are masculine: der Schlüssel.",Schlüssel,key,"Wo ist der Schlüssel?","Where is the key?","Ich habe den Schlüssel.","I have the key.",,,,,,
noun,Tasche,die,f,"Most nouns ending -e are feminine: die Tasche.",Taschen,bag,"Die Tasche ist schwer.","The bag is heavy.","Meine Tasche ist schwarz.","My bag is black.",,,,,,
noun,Tisch,der,m,"Many furniture nouns are masculine: der Tisch.",Tische,table,"Der Tisch ist groß.","The table is big.","Auf dem Tisch liegt ein Buch.","A book is on the table.",,,,,,
noun,Stuhl,der,m,"Many furniture nouns are masculine: der Stuhl.",Stühle,chair,"Der Stuhl ist kaputt.","The chair is broken.","Ich sitze auf dem Stuhl.","I sit on the chair.",,,,,,
noun,Fenster,das,n,"Many nouns ending -er are neuter: das Fenster.",Fenster,window,"Das Fenster ist offen.","The window is open.","Bitte schließ das Fenster.","Please close the window.",,,,,,
noun,Tür,die,f,"Many short household nouns are feminine: die Tür.",Türen,door,"Die Tür ist zu.","The door is closed.","Mach die Tür auf!","Open the door!",,,,,,
noun,Buch,das,n,"Many nouns ending -uch are neuter: das Buch.",Bücher,book,"Das Buch ist interessant.","The book is interesting.","Ich lese ein Buch.","I am reading a book.",,,,,,
noun,Uhr,die,f,"Time nouns like Uhr are feminine: die Uhr.",Uhren,clock;watch,"Die Uhr ist alt.","The clock is old.","Wie spät ist es? Es ist drei Uhr.","What time is it? It is three o'clock.",,,,,,
noun,Tag,der,m,"Days are masculine: der Tag.",Tage,day,"Heute ist ein guter Tag.","Today is a good day.","Der Tag ist lang.","The day is long.",,,,,,
noun,Woche,die,f,"Most nouns ending -e are feminine: die Woche.",Wochen,week,"Die Woche ist stressig.","The week is stressful.","Nächste Woche habe ich Urlaub.","Next week I have vacation.",,,,,,
noun,Monat,der,m,"Months are masculine: der Monat.",Monate,month,"Der Monat hat vier Wochen.","The month has four weeks.","Im Monat Januar ist es kalt.","In January it is cold.",,,,,,
noun,Wasser,das,n,"Substances are often neuter: das Wasser.",,water,"Ich trinke Wasser.","I drink water.","Das Wasser ist kalt.","The water is cold.",,,,,,
noun,Brot,das,n,"Many food items are neuter: das Brot.",Brote,bread,"Ich esse Brot.","I eat bread.","Das Brot ist frisch.","The bread is fresh.",,,,,,
noun,Milch,die,f,"Common food noun to memorize: die Milch (often uncountable).",,milk,"Ich trinke Milch.","I drink milk.","Die Milch ist im Kühlschrank.","The milk is in the fridge.",,,,,,
noun,Kaffee,der,m,"Many drinks are masculine: der Kaffee (also der Tee).",,coffee,"Ich trinke Kaffee.","I drink coffee.","Der Kaffee ist heiß.","The coffee is hot.",,,,,,
noun,Apfel,der,m,"Many fruits are masculine: der Apfel.",Äpfel,apple,"Der Apfel ist lecker.","The apple is tasty.","Ich kaufe Äpfel.","I buy apples.",,,,,,
noun,Banane,die,f,"Many fruits ending -e are feminine: die Banane.",Bananen,banana,"Die Banane ist gelb.","The banana is yellow.","Ich esse eine Banane.","I eat a banana.",,,,,,
noun,Arbeit,die,f,"Nouns ending -eit are almost always feminine: die Arbeit.",Arbeiten,work;job,"Ich habe viel Arbeit.","I have a lot of work.","Er sucht Arbeit.","He is looking for work.",,,,,,
noun,Geld,das,n,"Word to memorize: das Geld (no normal plural).",,money,"Ich habe kein Geld.","I have no money.","Das Geld ist in der Tasche.","The money is in the bag.",,,,,,
verb,sein,,,,,"to be","Ich bin müde.","I am tired.","Das ist gut.","That is good.",,,,,,
verb,haben,,,,,"to have","Ich habe Zeit.","I have time.","Wir haben ein Auto.","We have a car.",,,,,,
verb,heißen,,,,,"to be called;to be named","Ich heiße Sara.","My name is Sara.","Wie heißen Sie?","What is your name? (formal)",,,,,,
verb,kommen,,,,,"to come","Ich komme aus Ägypten.","I come from Egypt.","Kommst du heute?","Are you coming today?",,,,,,
verb,gehen,,,,,"to go;to walk","Ich gehe nach Hause.","I go home.","Wir gehen in die Stadt.","We go to the city.",,,,,,
verb,fahren,,,,,"to drive;to go (by vehicle)","Wir fahren nach Berlin.","We are going to Berlin.","Er fährt mit dem Bus.","He goes by bus.",,,,,,
verb,machen,,,,,"to do;to make","Ich mache Hausaufgaben.","I do homework.","Was machst du heute?","What are you doing today?",,,,,,
verb,lernen,,,,,"to learn;to study","Ich lerne Deutsch.","I learn German.","Wir lernen zusammen.","We learn together.",,,,,,
adj,gut,,,,,"good","Das ist gut.","That is good.","Der Kaffee ist gut.","The coffee is good.",,,,,,
phrase,"Guten Morgen",,,,,"good morning","Guten Morgen, wie geht’s?","Good morning, how are you?","Guten Morgen, Frau Müller.","Good morning, Ms. Müller.",,,,,,
noun,Vater,der,m,"Natural gender: male family member → usually der.",Väter,father,"Mein Vater ist zu Hause.","My father is at home.","Der Vater arbeitet heute.","The father works today.",,,,,,
noun,Mutter,die,f,"Natural gender: female family member → usually die.",Mütter,mother,"Meine Mutter kocht.","My mother is cooking.","Die Mutter ist nett.","The mother is nice.",,,,,,
noun,Bruder,der,m,"Natural gender: male person → usually der.",Brüder,brother,"Ich habe einen Bruder.","I have a brother.","Mein Bruder ist 20 Jahre alt.","My brother is 20 years old.",,,,,,
noun,Schwester,die,f,"Natural gender: female person → usually die.",Schwestern,sister,"Meine Schwester lernt Deutsch.","My sister is learning German.","Die Schwester ist in der Schule.","The sister is at school.",,,,,,
noun,Sohn,der,m,"Natural gender: male child → usually der.",Söhne,son,"Der Sohn spielt Fußball.","The son plays soccer.","Ihr Sohn ist klein.","Her son is small.",,,,,,
noun,Tochter,die,f,"Natural gender: female child → usually die.",Töchter,daughter,"Die Tochter ist hier.","The daughter is here.","Seine Tochter ist 5 Jahre alt.","His daughter is 5 years old.",,,,,,
noun,Lehrer,der,m,"Many person nouns ending -er are masculine; female: Lehrerin.",Lehrer,teacher,"Der Lehrer spricht langsam.","The teacher speaks slowly.","Mein Lehrer ist freundlich.","My teacher is friendly.",,,,,,
noun,Arzt,der,m,"Person noun: der Arzt (female: Ärztin).",Ärzte,doctor,"Der Arzt hilft mir.","The doctor helps me.","Ich bin beim Arzt.","I am at the doctor’s.",,,,,,
noun,Hund,der,m,"Common animal noun to memorize: der Hund.",Hunde,dog,"Der Hund ist süß.","The dog is cute.","Mein Hund schläft.","My dog is sleeping.",,,,,,
noun,Katze,die,f,"Many nouns ending -e are feminine: die Katze.",Katzen,cat,"Die Katze trinkt Milch.","The cat drinks milk.","Meine Katze ist schwarz.","My cat is black.",,,,,,
noun,Adresse,die,f,"Many nouns ending -e are feminine: die Adresse.",Adressen,address,"Wie ist deine Adresse?","What is your address?","Meine Adresse ist hier.","My address is here.",,,,,,
noun,Telefon,das,n,"Many loanwords/objects are neuter: das Telefon.",Telefone,telephone,"Das Telefon ist neu.","The telephone is new.","Ich telefoniere mit meiner Mutter.","I’m on the phone with my mother.",,,,,,
noun,Handynummer,die,f,"Base noun Nummer is feminine → die Nummer / die Handynummer.",Handynummern,mobile number,"Wie ist deine Handynummer?","What is your mobile number?","Meine Handynummer ist 0176...","My mobile number is 0176...",,,,,,
noun,Land,das,n,"Many country/land nouns are neuter: das Land.",Länder,country,"Deutschland ist ein Land.","Germany is a country.","Ich komme aus einem anderen Land.","I come from another country.",,,,,,
noun,Sprache,die,f,"Many nouns ending -e are feminine: die Sprache.",Sprachen,language,"Deutsch ist eine Sprache.","German is a language.","Welche Sprachen sprichst du?","Which languages do you speak?",,,,,,
noun,Frage,die,f,"Many nouns ending -e are feminine: die Frage.",Fragen,question,"Ich habe eine Frage.","I have a question.","Die Frage ist leicht.","The question is easy.",,,,,,
noun,Antwort,die,f,"Many nouns ending -t are feminine: die Antwort.",Antworten,answer,"Die Antwort ist richtig.","The answer is correct.","Ich weiß die Antwort.","I know the answer.",,,,,,
noun,Zeit,die,f,"Nouns ending -eit are almost always feminine: die Zeit.",Zeiten,time,"Ich habe keine Zeit.","I have no time.","Die Zeit ist wichtig.","Time is important.",,,,,,
noun,Minute,die,f,"Many nouns ending -e are feminine: die Minute.",Minuten,minute,"Warte bitte eine Minute.","Please wait a minute.","In fünf Minuten komme ich.","I’ll come in five minutes.",,,,,,
noun,Stunde,die,f,"Many nouns ending -e are feminine: die Stunde.",Stunden,hour,"Eine Stunde hat 60 Minuten.","An hour has 60 minutes.","Ich arbeite zwei Stunden.","I work for two hours.",,,,,,
noun,Termin,der,m,"Many nouns ending -in are masculine here: der Termin.",Termine,appointment,"Ich habe morgen einen Termin.","I have an appointment tomorrow.","Der Termin ist um 10 Uhr.","The appointment is at 10 o’clock.",,,,,,
noun,Kurs,der,m,"Many -s ending loanwords are masculine: der Kurs.",Kurse,course,"Der Kurs beginnt heute.","The course starts today.","Ich mache einen Deutschkurs.","I’m taking a German course.",,,,,,
noun,Prüfung,die,f,"Nouns ending -ung are almost always feminine: die Prüfung.",Prüfungen,exam,"Die Prüfung ist schwer.","The exam is hard.","Ich lerne für die Prüfung.","I study for the exam.",,,,,,
noun,Restaurant,das,n,"Many loanwords in -ant/-ent are neuter: das Restaurant.",Restaurants,restaurant,"Wir gehen ins Restaurant.","We are going to the restaurant.","Das Restaurant ist geöffnet.","The restaurant is open.",,,,,,
noun,Markt,der,m,"Many short nouns are masculine: der Markt.",Märkte,market,"Der Markt ist groß.","The market is big.","Ich kaufe Gemüse auf dem Markt.","I buy vegetables at the market.",,,,,,
noun,Park,der,m,"Many loanwords like Park are masculine: der Park.",Parks,park,"Der Park ist schön.","The park is beautiful.","Wir gehen in den Park.","We go to the park.",,,,,,
noun,Bank,die,f,"Word to memorize: die Bank (also ‘bench/bank’).",Banken,bank,"Die Bank ist in der Stadt.","The bank is in the city.","Ich bin bei der Bank.","I am at the bank.",,,,,,
noun,Hotel,das,n,"Many loanwords are neuter: das Hotel.",Hotels,hotel,"Das Hotel ist teuer.","The hotel is expensive.","Wir schlafen im Hotel.","We sleep in the hotel.",,,,,,
noun,Krankenhaus,das,n,"Compounds with Haus are often neuter: das Krankenhaus.",Krankenhäuser,hospital,"Das Krankenhaus ist dort.","The hospital is there.","Er ist im Krankenhaus.","He is in the hospital.",,,,,,
noun,Apotheke,die,f,"Many nouns ending -e are feminine: die Apotheke.",Apotheken,pharmacy,"Die Apotheke ist neben dem Bahnhof.","The pharmacy is next to the station.","Ich gehe in die Apotheke.","I go to the pharmacy.",,,,,,
verb,sprechen,,,,"","to speak","Ich spreche Deutsch.","I speak German.","Sprechen Sie Englisch?","Do you speak English?",,,,,,
verb,lesen,,,,"","to read","Ich lese ein Buch.","I read a book.","Liest du gern?","Do you like reading?",,,,,,
verb,schreiben,,,,"","to write","Ich schreibe eine E-Mail.","I write an email.","Schreib bitte deinen Namen.","Please write your name.",,,,,,
verb,fragen,,,,"","to ask","Ich frage den Lehrer.","I ask the teacher.","Darf ich etwas fragen?","May I ask something?",,,,,,
verb,antworten,,,,"","to answer","Ich antworte sofort.","I answer immediately.","Antwortest du auf die Frage?","Do you answer the question?",,,,,,
verb,kaufen,,,,"","to buy","Ich kaufe Brot.","I buy bread.","Kaufst du ein Ticket?","Are you buying a ticket?",,,,,,
verb,bezahlen,,,,"","to pay","Ich bezahle mit Karte.","I pay by card.","Wer bezahlt heute?","Who is paying today?",,,,,,
verb,brauchen,,,,"","to need","Ich brauche Hilfe.","I need help.","Wir brauchen Zeit.","We need time.",,,,,,
verb,warten,,,,"","to wait","Ich warte auf den Bus.","I wait for the bus.","Wartest du hier?","Are you waiting here?",,,,,,
verb,finden,,,,"","to find","Ich finde den Schlüssel.","I find the key.","Wie findest du das?","How do you find that? (What do you think?)",,,,,,
adj,klein,,,,"","small","Das Zimmer ist klein.","The room is small.","Der Hund ist klein.","The dog is small.",,,,,,
adj,groß,,,,"","big; tall","Die Stadt ist groß.","The city is big.","Der Park ist groß.","The park is big.",,,,,,
adj,teuer,,,,"","expensive","Das Hotel ist teuer.","The hotel is expensive.","Der Kaffee ist zu teuer.","The coffee is too expensive.",,,,,,
adj,billig,,,,"","cheap","Der Stift ist billig.","The pen is cheap.","Das Ticket ist billig.","The ticket is cheap.",,,,,,
adj,kalt,,,,"","cold","Das Wasser ist kalt.","The water is cold.","Heute ist es kalt.","Today it is cold.",,,,,,
adj,warm,,,,"","warm","Der Tee ist warm.","The tea is warm.","Im Sommer ist es warm.","In summer it is warm.",,,,,,
phrase,Danke,,,,"","thank you","Danke!","Thank you!","Danke für deine Hilfe.","Thank you for your help.",,,,,,
phrase,Entschuldigung,,,,"","sorry; excuse me","Entschuldigung!","Excuse me!","Entschuldigung, wo ist der Bahnhof?","Excuse me, where is the station?",,,,,,
phrase,Guten Abend,,,,"","good evening","Guten Abend!","Good evening!","Guten Abend, wie geht’s?","Good evening, how are you?",,,,,,
phrase,Gute Nacht,,,,"","good night","Gute Nacht!","Good night!","Gute Nacht, schlaf gut.","Good night, sleep well.",,,,,,
noun,Student,der,m,Person nouns are often masculine (der).,Studenten,student,Der Student lernt Deutsch.,The student is learning German.,,,,,,,,
noun,Studentin,die,f,Nouns ending in -in are feminine (die).,Studentinnen,student (female),Die Studentin kommt aus Spanien.,The student comes from Spain.,,,,,,,,
noun,Nachbar,der,m,Many nouns ending in -er are masculine (der).,Nachbarn,neighbor,Mein Nachbar wohnt nebenan.,My neighbor lives next door.,,,,,,,,
noun,Nachbarin,die,f,Nouns ending in -in are feminine (die).,Nachbarinnen,neighbor (female),Die Nachbarin ist freundlich.,The (female) neighbor is friendly.,,,,,,,,
noun,Kollege,der,m,Many job/person nouns are masculine (der).,Kollegen,colleague,Mein Kollege arbeitet heute.,My colleague is working today.,,,,,,,,
noun,Kollegin,die,f,Nouns ending in -in are feminine (die).,Kolleginnen,colleague (female),Die Kollegin ist im Büro.,The (female) colleague is in the office.,,,,,,,,
noun,Baby,das,n,Many short loanwords are neuter (das).,Babys,baby,Das Baby schläft.,The baby is sleeping.,,,,,,,,
noun,Pass,der,m,Common document noun: der Pass.,Pässe,passport,Ich brauche meinen Pass.,I need my passport.,,,,,,,,
noun,Ausweis,der,m,Many nouns ending in -weis are masculine (der).,Ausweise,ID card,Zeigen Sie bitte Ihren Ausweis.,Please show your ID.,,,,,,,,
noun,Briefkasten,der,m,Compound with Kasten → masculine (der).,Briefkästen,mailbox,Der Briefkasten ist draußen.,The mailbox is outside.,,,,,,,,
noun,Post,die,f,Service/office noun is feminine (die Post).,,post / post office,Ich gehe zur Post.,I’m going to the post office.,,,,,,,,
noun,Foto,das,n,Short form is usually neuter (das Foto).,Fotos,photo,Ich mache ein Foto.,I take a photo.,,,,,,,,
noun,Karte,die,f,Many nouns ending in -e are feminine (die).,Karten,card / map,Hast du eine Karte?,Do you have a map/card?,,,,,,,,
noun,Handy,das,n,Loanword commonly neuter (das).,Handys,mobile phone,Mein Handy ist neu.,My phone is new.,,,,,,,,
noun,Computer,der,m,Loanword commonly masculine (der).,Computer,computer,Der Computer ist kaputt.,The computer is broken.,,,,,,,,
noun,Fernseher,der,m,Nouns ending in -er are often masculine (der).,Fernseher,television set,Der Fernseher ist an.,The TV is on.,,,,,,,,
noun,Telefon,das,n,Common device noun is neuter (das Telefon).,Telefone,telephone,Das Telefon klingelt.,The phone is ringing.,,,,,,,,
noun,Bett,das,n,Many household items are neuter (das).,Betten,bed,Ich liege im Bett.,I am lying in bed.,,,,,,,,
noun,Kissen,das,n,Many items are neuter (das).,Kissen,pillow,Das Kissen ist weich.,The pillow is soft.,,,,,,,,
noun,Decke,die,f,Nouns ending in -e are often feminine (die).,Decken,blanket,Ich brauche eine Decke.,I need a blanket.,,,,,,,,
noun,Schrank,der,m,Many furniture nouns are masculine (der).,Schränke,cupboard / wardrobe,Die Jacke ist im Schrank.,The jacket is in the wardrobe.,,,,,,,,
noun,Lampe,die,f,Nouns ending in -e are often feminine (die).,Lampen,lamp,Die Lampe ist hell.,The lamp is bright.,,,,,,,,
noun,Teller,der,m,Nouns ending in -er are often masculine (der).,Teller,plate,Der Teller ist sauber.,The plate is clean.,,,,,,,,
noun,Gabel,die,f,Common utensil noun is feminine (die).,Gabeln,fork,Die Gabel liegt auf dem Tisch.,The fork is on the table.,,,,,,,,
noun,Messer,das,n,Common utensil noun is neuter (das).,Messer,knife,Das Messer ist scharf.,The knife is sharp.,,,,,,,,
noun,Löffel,der,m,Many utensil nouns are masculine (der).,Löffel,spoon,Der Löffel ist klein.,The spoon is small.,,,,,,,,
noun,Glas,das,n,Common container noun is neuter (das).,Gläser,glass (cup),Ich trinke Wasser aus einem Glas.,I drink water from a glass.,,,,,,,,
noun,Tasse,die,f,Nouns ending in -e are often feminine (die).,Tassen,cup,Eine Tasse Tee, bitte.,A cup of tea, please.,,,,,,,,
noun,Flasche,die,f,Nouns ending in -e are often feminine (die).,Flaschen,bottle,Die Flasche ist leer.,The bottle is empty.,,,,,,,,
noun,Tomate,die,f,Nouns ending in -e are often feminine (die).,Tomaten,tomato,Ich kaufe Tomaten.,I buy tomatoes.,,,,,,,,
noun,Kartoffel,die,f,Many food nouns are feminine (die).,Kartoffeln,potato,Die Kartoffel ist heiß.,The potato is hot.,,,,,,,,
noun,Zwiebel,die,f,Many food nouns are feminine (die).,Zwiebeln,onion,Die Zwiebel ist nicht süß.,The onion is not sweet.,,,,,,,,
verb,kochen,,,,,to cook,Ich koche Suppe.,I cook soup.,,,,,,,,
verb,putzen,,,,,to clean,Wir putzen die Küche.,We clean the kitchen.,,,,,,,,
verb,duschen,,,,,to shower,Ich dusche am Morgen.,I shower in the morning.,,,,,,,,
verb,waschen,,,,,to wash,Ich wasche meine Hände.,I wash my hands.,,,,,,,,
verb,baden,,,,,to bathe,Die Kinder baden.,The children are bathing.,,,,,,,,
verb,telefonieren,,,,,to make a phone call,Ich telefoniere mit meiner Freundin.,I talk on the phone with my friend.,,,,,,,,
verb,schwimmen,,,,,to swim,Er schwimmt im Meer.,He swims in the sea.,,,,,,,,
verb,tanzen,,,,,to dance,Wir tanzen gern.,We like to dance.,,,,,,,,
verb,singen,,,,,to sing,Sie singt ein Lied.,She sings a song.,,,,,,,,
verb,kaufen,,,,,to buy,Ich kaufe Brot.,I buy bread.,,,,,,,,
adj,früh,,,,,early,Ich stehe früh auf.,I get up early.,,,,,,,,
adj,spät,,,,,late,Der Bus kommt spät.,The bus comes late.,,,,,,,,
adj,wichtig,,,,,important,Das ist wichtig.,That is important.,,,,,,,,
adj,einfach,,,,,easy,Die Aufgabe ist einfach.,The task is easy.,,,,,,,,
adj,schwierig,,,,,difficult,Deutsch ist schwierig.,German is difficult.,,,,,,,,
adj,kaputt,,,,,broken,Meine Brille ist kaputt.,My glasses are broken.,,,,,,,,
phrase,Wie bitte?,,,,,pardon? / say that again?,Wie bitte? Ich verstehe nicht.,Pardon? I don’t understand.,,,,,,,,
phrase,Gute Reise!,,,,,have a good trip!,Gute Reise!,Have a good trip!,,,,,,,,
noun,Brötchen,das,n,Diminutive -chen is always neuter (das).,Brötchen,bread roll,Ich esse ein Brötchen.,I eat a bread roll.,,,,,,,,
noun,Butter,die,f,Many nouns ending in -er can still be feminine like die Butter.,,butter,Die Butter ist im Kühlschrank.,The butter is in the fridge.,,,,,,,,
noun,Käse,der,m,Many dairy products are masculine (der).,Käse,cheese,Der Käse schmeckt gut.,The cheese tastes good.,,,,,,,,
noun,Milch,die,f,Many basic liquids are feminine (die).,,milk,Ich trinke Milch.,I drink milk.,,,,,,,,
noun,Wasser,das,n,Many substances are neuter (das).,,water,Das Wasser ist kalt.,The water is cold.,,,,,,,,
noun,Saft,der,m,Many drinks ending with a consonant are masculine (der).,Säfte,juice,Ich möchte einen Saft.,I would like a juice.,,,,,,,,
noun,Tee,der,m,Most beverage names are masculine (der).,Tees,tea,Der Tee ist heiß.,The tea is hot.,,,,,,,,
noun,Frühstück,das,n,Nouns ending in -stück are often neuter (das).,Frühstücke,breakfast,Das Frühstück ist um acht Uhr.,Breakfast is at eight o’clock.,,,,,,,,
noun,Mittagessen,das,n,Compound with Essen is neuter (das).,Mittagessen,lunch,Wir essen Mittagessen.,We eat lunch.,,,,,,,,
noun,Abendessen,das,n,Compound with Essen is neuter (das).,Abendessen,dinner,Das Abendessen ist fertig.,Dinner is ready.,,,,,,,,
noun,Uhr,die,f,Time words like Uhr are feminine (die).,Uhren,clock / o’clock,Meine Uhr ist neu.,My watch is new.,,,,,,,,
noun,Woche,die,f,Nouns ending in -e are often feminine (die).,Wochen,week,Diese Woche habe ich Zeit.,This week I have time.,,,,,,,,
noun,Jahr,das,n,Time units like Jahr are often neuter (das).,Jahre,year,Das Jahr ist 2026.,The year is 2026.,,,,,,,,
noun,Tag,der,m,Many time words are masculine like der Tag.,Tage,day,Heute ist ein guter Tag.,Today is a good day.,,,,,,,,
noun,Wetter,das,n,Many abstract nouns like Wetter are neuter (das).,Wetter,weather,Das Wetter ist gut.,The weather is good.,,,,,,,,
noun,Regen,der,m,Many weather nouns are masculine (der).,,rain,Der Regen ist kalt.,The rain is cold.,,,,,,,,
noun,Sonne,die,f,Nouns ending in -e are often feminine (die).,Sonnen,sun,Die Sonne scheint.,The sun is shining.,,,,,,,,
noun,Bahnhof,der,m,Compound with Hof is often masculine (der).,Bahnhöfe,train station,Der Bahnhof ist groß.,The train station is big.,,,,,,,,
noun,Fahrkarte,die,f,Nouns ending in -e are often feminine (die).,Fahrkarten,ticket,Ich brauche eine Fahrkarte.,I need a ticket.,,,,,,,,
noun,Bus,der,m,Many transport nouns are masculine (der).,Busse,bus,Der Bus kommt gleich.,The bus is coming soon.,,,,,,,,
noun,Haltestelle,die,f,Nouns ending in -e are often feminine (die).,Haltestellen,bus stop,Die Haltestelle ist dort.,The bus stop is there.,,,,,,,,
noun,Straße,die,f,Nouns ending in -e are often feminine (die).,Straßen,street,Die Straße ist lang.,The street is long.,,,,,,,,
noun,Park,der,m,Many place nouns are masculine (der).,Parks,park,Wir gehen in den Park.,We go to the park.,,,,,,,,
noun,Wohnung,die,f,Nouns ending in -ung are feminine (die).,Wohnungen,apartment,Die Wohnung ist klein.,The apartment is small.,,,,,,,,
noun,Küche,die,f,Nouns ending in -e are often feminine (die).,Küchen,kitchen,Die Küche ist sauber.,The kitchen is clean.,,,,,,,,
noun,Badezimmer,das,n,Compound with Zimmer is neuter (das).,Badezimmer,bathroom,Das Badezimmer ist nebenan.,The bathroom is next door.,,,,,,,,
noun,Schlüssel,der,m,Many everyday objects are masculine (der).,Schlüssel,key,Wo ist der Schlüssel?,Where is the key?,,,,,,,,
noun,Tasche,die,f,Nouns ending in -e are often feminine (die).,Taschen,bag,Die Tasche ist schwer.,The bag is heavy.,,,,,,,,
verb,gehen,,,,,to go,Ich gehe nach Hause.,I go home.,,,,,,,,
verb,kommen,,,,,to come,Wir kommen morgen.,We come tomorrow.,,,,,,,,
verb,machen,,,,,to do / make,Ich mache die Hausaufgabe.,I do the homework.,,,,,,,,
verb,lernen,,,,,to learn,Er lernt Deutsch.,He learns German.,,,,,,,,
verb,fragen,,,,,to ask,Ich frage den Lehrer.,I ask the teacher.,,,,,,,,
verb,antworten,,,,,to answer,Sie antwortet schnell.,She answers quickly.,,,,,,,,
verb,bezahlen,,,,,to pay,Wir bezahlen die Rechnung.,We pay the bill.,,,,,,,,
verb,suchen,,,,,to look for,Ich suche meine Tasche.,I look for my bag.,,,,,,,,
verb,finden,,,,,to find,Ich finde den Schlüssel.,I find the key.,,,,,,,,
verb,brauchen,,,,,to need,Ich brauche Hilfe.,I need help.,,,,,,,,
adj,kalt,,,,,cold,Das Wasser ist kalt.,The water is cold.,,,,,,,,
adj,warm,,,,,warm,Der Tee ist warm.,The tea is warm.,,,,,,,,
adj,teuer,,,,,expensive,Das ist zu teuer.,That is too expensive.,,,,,,,,
adj,billig,,,,,cheap,Die Schuhe sind billig.,The shoes are cheap.,,,,,,,,
adj,groß,,,,,big,Der Park ist groß.,The park is big.,,,,,,,,
adj,klein,,,,,small,Die Wohnung ist klein.,The apartment is small.,,,,,,,,
adj,schön,,,,,beautiful / nice,Der Film ist schön.,The film is nice.,,,,,,,,
phrase,Guten Morgen!,,,,,good morning!,Guten Morgen! Wie geht es dir?,Good morning! How are you?,,,,,,,,
phrase,Danke schön!,,,,,thank you very much!,Danke schön für die Hilfe.,Thank you very much for the help.,,,,,,,,
phrase,Entschuldigung!,,,,,excuse me / sorry!,Entschuldigung! Wo ist der Bahnhof?,Excuse me! Where is the station?,,,,,,,,
noun,Flughafen,der,m,Often der with -hafen,Flughäfen,airport,Der Flughafen ist groß.,The airport is big.,Wir sind am Flughafen.,We are at the airport.,,,,,,
noun,Terminal,das,n,Many words ending -al are neuter,Terminals,terminal,Das Terminal ist neu.,The terminal is new.,Wir warten im Terminal.,We wait in the terminal.,,,,,,
noun,Abflug,der,m,Nouns with Ab- are often masculine,Abflüge,departure,Der Abflug ist um 10 Uhr.,The departure is at 10 o'clock.,Der Abflug ist heute.,The departure is today.,,,,,,
noun,Ankunft,die,f,Nouns ending -kunft are feminine,Ankünfte,arrival,Die Ankunft ist spät.,The arrival is late.,Wir sehen die Ankunft.,We see the arrival.,,,,,,
noun,Flug,der,m,Most -flug nouns are masculine,Flüge,flight,Mein Flug ist pünktlich.,My flight is on time.,Der Flug ist voll.,The flight is full.,,,,,,
noun,Flugzeug,das,n,Suffix -zeug is neuter,Flugzeuge,airplane,Das Flugzeug startet jetzt.,The airplane takes off now.,Das Flugzeug landet bald.,The airplane lands soon.,,,,,,
noun,Gate,das,n,Many loanwords are neuter here,Gates,gate,Das Gate ist Nummer 12.,The gate is number 12.,Wir gehen zum Gate.,We go to the gate.,,,,,,
noun,Schalter,der,m,Masculine noun der Schalter,Schalter,counter,Der Schalter ist offen.,The counter is open.,Ich bin am Schalter.,I am at the counter.,,,,,,
noun,Check-in,der,m,Often der for this loanword,Check-ins,check-in,Der Check-in ist hier.,The check-in is here.,Wo ist der Check-in?,Where is the check-in?,,,,,,
noun,Bordkarte,die,f,Nouns ending -karte are feminine,Bordkarten,boarding pass,Ich habe eine Bordkarte.,I have a boarding pass.,Die Bordkarte ist im Handy.,The boarding pass is on the phone.,,,,,,
noun,Sitzplatz,der,m,Masculine compound with Platz,Sitzplätze,seat,Mein Sitzplatz ist 14A.,My seat is 14A.,Der Sitzplatz ist frei.,The seat is free.,,,,,,
noun,Fensterplatz,der,m,Platz compounds are often masculine,Fensterplätze,window seat,Ich möchte einen Fensterplatz.,I want a window seat.,Der Fensterplatz ist schön.,The window seat is nice.,,,,,,
noun,Gangplatz,der,m,Platz compounds are often masculine,Gangplätze,aisle seat,Ich möchte einen Gangplatz.,I want an aisle seat.,Der Gangplatz ist praktisch.,The aisle seat is practical.,,,,,,
noun,Gepäck,das,n,Often uncountable,,luggage,Mein Gepäck ist schwer.,My luggage is heavy.,Das Gepäck ist weg.,The luggage is gone.,,,,,,
noun,Koffer,der,m,Masculine noun der Koffer,Koffer,suitcase,Der Koffer ist blau.,The suitcase is blue.,Mein Koffer ist groß.,My suitcase is big.,,,,,,
noun,Handgepäck,das,n,Compound with Gepäck is neuter,,carry-on luggage,Das Handgepäck ist klein.,The carry-on is small.,Ich habe nur Handgepäck.,I have only carry-on.,,,,,,
noun,Reisetasche,die,f,Nouns ending -tasche are feminine,Reisetaschen,travel bag,Die Reisetasche ist leicht.,The travel bag is light.,Ich trage die Reisetasche.,I carry the travel bag.,,,,,,
noun,Gepäckband,das,n,Band meaning belt is neuter,Gepäckbänder,baggage belt,Das Gepäckband ist dort.,The baggage belt is there.,Wir warten am Gepäckband.,We wait at the baggage belt.,,,,,,
noun,Gepäckwagen,der,m,Wagen is masculine,Gepäckwagen,luggage cart,Der Gepäckwagen ist frei.,The luggage cart is free.,Ich brauche einen Gepäckwagen.,I need a luggage cart.,,,,,,
noun,Sicherheitskontrolle,die,f,Nouns ending -kontrolle are feminine,Sicherheitskontrollen,security check,Die Sicherheitskontrolle ist hier.,The security check is here.,Wir gehen zur Sicherheitskontrolle.,We go to the security check.,,,,,,
noun,Scanner,der,m,Often der for -er agent nouns,Scanner,scanner,Der Scanner ist neu.,The scanner is new.,Der Scanner piept.,The scanner beeps.,,,,,,
noun,Zoll,der,m,Masculine noun der Zoll,,customs,Der Zoll ist links.,Customs is on the left.,Wir gehen durch den Zoll.,We go through customs.,,,,,,
noun,Information,die,f,Nouns ending -ion are often feminine,Informationen,information desk,Die Information ist im Terminal.,The information desk is in the terminal.,Ich frage bei der Information.,I ask at the information desk.,,,,,,
noun,Durchsage,die,f,Nouns ending -sage are feminine,Durchsagen,announcement,Die Durchsage ist laut.,The announcement is loud.,Ich höre eine Durchsage.,I hear an announcement.,,,,,,
noun,Anzeigetafel,die,f,Nouns ending -tafel are feminine,Anzeigetafeln,display board,Die Anzeigetafel ist groß.,The display board is big.,Wir schauen auf die Anzeigetafel.,We look at the display board.,,,,,,
noun,Verspätung,die,f,Nouns ending -ung are feminine,Verspätungen,delay,Der Flug hat Verspätung.,The flight is delayed.,Es gibt eine Verspätung.,There is a delay.,,,,,,
noun,Flugticket,das,n,Ticket is neuter,Flugtickets,plane ticket,Das Flugticket ist teuer.,The plane ticket is expensive.,Ich habe ein Flugticket.,I have a plane ticket.,,,,,,
noun,Reisepass,der,m,Pass is masculine in German,Reisepässe,passport,Mein Reisepass ist gültig.,My passport is valid.,Der Reisepass ist im Rucksack.,The passport is in the backpack.,,,,,,
noun,Visum,das,n,Latin -um nouns are often neuter,Visa,visa,Das Visum ist im Pass.,The visa is in the passport.,Ich brauche ein Visum.,I need a visa.,,,,,,
noun,Flugnummer,die,f,Nummer is feminine,Flugnummern,flight number,Die Flugnummer ist LH123.,The flight number is LH123.,Ich sehe die Flugnummer.,I see the flight number.,,,,,,
verb,einchecken,,,,,to check in,Ich checke online ein.,I check in online.,Wir checken am Schalter ein.,We check in at the counter.,,,,,,
verb,einsteigen,,,,,to board,Wir steigen jetzt ein.,We board now.,Bitte steigen Sie ein.,Please board.,,,,,,
verb,aussteigen,,,,,to get off,Wir steigen in Berlin aus.,We get off in Berlin.,Bitte steigen Sie hier aus.,Please get off here.,,,,,,
verb,abfliegen,,,,,to depart by plane,Wir fliegen um 9 Uhr ab.,We depart at 9 o'clock.,Der Flug fliegt bald ab.,The flight departs soon.,,,,,,
verb,landen,,,,,to land,Das Flugzeug landet um 12 Uhr.,The airplane lands at 12 o'clock.,Wir landen in Wien.,We land in Vienna.,,,,,,
verb,umsteigen,,,,,to change planes,Wir steigen in Frankfurt um.,We change planes in Frankfurt.,Muss ich hier umsteigen?,Do I have to change planes here?,,,,,,
verb,abholen,,,,,to pick up,Ich hole das Gepäck ab.,I pick up the luggage.,Wir holen dich am Flughafen ab.,We pick you up at the airport.,,,,,,
verb,anstehen,,,,,to wait in line,Wir stehen lange an.,We wait in line for a long time.,Ich stehe an der Kontrolle an.,I am waiting in line at the check.,,,,,,
verb,kontrollieren,,,,,to check,Die Polizei kontrolliert die Tickets.,The police check the tickets.,Sie kontrollieren das Gepäck.,They check the luggage.,,,,,,
verb,scannen,,,,,to scan,Sie scannen die Bordkarte.,They scan the boarding pass.,Der Scanner scannt das Gepäck.,The scanner scans the luggage.,,,,,,
adj,verspätet,,,,,delayed,Mein Flug ist verspätet.,My flight is delayed.,Der Abflug ist verspätet.,The departure is delayed.,,,,,,
adj,bereit,,,,,ready,Ich bin bereit.,I am ready.,Wir sind bereit zum Abflug.,We are ready for departure.,,,,,,
adj,voll,,,,,full,Das Flugzeug ist voll.,The airplane is full.,Der Wartebereich ist voll.,The waiting area is full.,,,,,,
adj,frei,,,,,available,Der Sitzplatz ist frei.,The seat is free.,Ein Gepäckwagen ist frei.,A luggage cart is available.,,,,,,
adj,gültig,,,,,valid,Das Visum ist gültig.,The visa is valid.,Mein Reisepass ist gültig.,My passport is valid.,,,,,,
phrase,Wo ist das Gate?,,,,,Where is the gate?,Wo ist das Gate?,Where is the gate?,,,,,,,,
phrase,Wann ist der Abflug?,,,,,When is the departure?,Wann ist der Abflug?,When is the departure?,,,,,,,,
phrase,Ich habe eine Reservierung.,,,,,I have a reservation.,Ich habe eine Reservierung.,I have a reservation.,,,,,,,,
phrase,Ich brauche Hilfe.,,,,,I need help.,Ich brauche Hilfe.,I need help.,,,,,,,,
phrase,Bitte warten Sie hier.,,,,,Please wait here.,Bitte warten Sie hier.,Please wait here.,,,,,,,,
noun,Hotel,das,n,Many loanwords are neuter (das).,Hotels,hotel,Das Hotel ist in der Stadt.,The hotel is in the city.,,,,,,,,
noun,Rezeption,die,f,Nouns ending in -ion are often feminine (die).,Rezeptionen,reception/front desk,Die Rezeption ist rechts.,The reception is on the right.,,,,,,,,
noun,Rezeptionist,der,m,Person noun is often masculine (der).,Rezeptionisten,receptionist,Der Rezeptionist hilft uns.,The receptionist helps us.,,,,,,,,
noun,Rezeptionistin,die,f,Nouns ending in -in are feminine (die).,Rezeptionistinnen,receptionist (female),Die Rezeptionistin ist freundlich.,The (female) receptionist is friendly.,,,,,,,,
noun,Zimmer,das,n,Many room/place nouns are neuter (das).,Zimmer,room,Das Zimmer ist groß.,The room is big.,,,,,,,,
noun,Einzelzimmer,das,n,Compound with Zimmer is neuter (das).,Einzelzimmer,single room,Ich habe ein Einzelzimmer.,I have a single room.,,,,,,,,
noun,Doppelzimmer,das,n,Compound with Zimmer is neuter (das).,Doppelzimmer,double room,Wir möchten ein Doppelzimmer.,We would like a double room.,,,,,,,,
noun,Schlüsselkarte,die,f,Nouns ending in -karte are feminine (die).,Schlüsselkarten,key card,Die Schlüsselkarte funktioniert nicht.,The key card doesn’t work.,,,,,,,,
noun,Aufzug,der,m,Many nouns with -zug are masculine (der).,Aufzüge,elevator,Der Aufzug ist kaputt.,The elevator is broken.,,,,,,,,
noun,Treppe,die,f,Nouns ending in -e are often feminine (die).,Treppen,stairs,Die Treppe ist hier.,The stairs are here.,,,,,,,,
noun,Stockwerk,das,n,Compound with Werk is neuter (das).,Stockwerke,floor/level,Mein Zimmer ist im dritten Stockwerk.,My room is on the third floor.,,,,,,,,
noun,Etage,die,f,Loanword is commonly feminine (die).,Etagen,floor/level,Das Zimmer ist auf der zweiten Etage.,The room is on the second floor.,,,,,,,,
noun,Buchung,die,f,Nouns ending in -ung are feminine (die).,Buchungen,booking,Ich habe eine Buchung.,I have a booking.,,,,,,,,
noun,Reservierung,die,f,Nouns ending in -ung are feminine (die).,Reservierungen,reservation,Wir haben eine Reservierung.,We have a reservation.,,,,,,,,
noun,Ausweis,der,m,Many nouns ending in -weis are masculine (der).,Ausweise,ID card,Bitte zeigen Sie Ihren Ausweis.,Please show your ID.,,,,,,,,
noun,Pass,der,m,Common document noun is masculine (der).,Pässe,passport,Ich habe meinen Pass dabei.,I have my passport with me.,,,,,,,,
noun,Frühstück,das,n,Nouns ending in -stück are often neuter (das).,Frühstücke,breakfast,Das Frühstück ist inklusive.,Breakfast is included.,,,,,,,,
noun,Buffet,das,n,Loanword often neuter (das).,Buffets,buffet,Das Buffet ist sehr gut.,The buffet is very good.,,,,,,,,
noun,Handtuch,das,n,Many household items are neuter (das).,Handtücher,towel,Ich brauche ein Handtuch.,I need a towel.,,,,,,,,
noun,Bettwäsche,die,f,Many nouns ending in -e are feminine (die).,,bed linen,Die Bettwäsche ist sauber.,The bed linen is clean.,,,,,,,,
noun,Kissen,das,n,Common household noun neuter (das).,Kissen,pillow,Das Kissen ist weich.,The pillow is soft.,,,,,,,,
noun,Decke,die,f,Nouns ending in -e are often feminine (die).,Decken,blanket,Die Decke ist warm.,The blanket is warm.,,,,,,,,
noun,Bad,das,n,Many short nouns are neuter (das).,Bäder,bathroom/bath,Das Bad ist klein.,The bathroom is small.,,,,,,,,
noun,Dusche,die,f,Nouns ending in -e are often feminine (die).,Duschen,shower,Die Dusche ist kalt.,The shower is cold.,,,,,,,,
noun,WLAN,das,n,Acronyms are usually neuter (das).,,Wi-Fi,Das WLAN ist langsam.,The Wi-Fi is slow.,,,,,,,,
noun,Passwort,das,n,Compound with Wort is neuter (das).,Passwörter,password,Wie ist das WLAN-Passwort?,What is the Wi-Fi password?,,,,,,,,
noun,Schlüssel,der,m,Many everyday objects are masculine (der).,Schlüssel,key,Wo ist der Schlüssel?,Where is the key?,,,,,,,,
noun,Rechnung,die,f,Nouns ending in -ung are feminine (die).,Rechnungen,bill/invoice,Ich möchte die Rechnung.,I would like the bill.,,,,,,,,
noun,Preis,der,m,Many short nouns are masculine (der).,Preise,price,Der Preis ist hoch.,The price is high.,,,,,,,,
noun,Nacht,die,f,Many time nouns are feminine (die).,Nächte,night,Wir bleiben zwei Nächte.,We stay two nights.,,,,,,,,
noun,Gast,der,m,Many person nouns are masculine (der).,Gäste,guest,Der Gast kommt heute.,The guest arrives today.,,,,,,,,
noun,Gästin,die,f,Feminine form with -in (die).,Gästinnen,guest (female),Die Gästin fragt nach dem Frühstück.,The (female) guest asks about breakfast.,,,,,,,,
verb,buchen,,,,,to book,Ich buche ein Zimmer.,I book a room.,,,,,,,,
verb,reservieren,,,,,to reserve,Wir reservieren ein Doppelzimmer.,We reserve a double room.,,,,,,,,
verb,einchecken,,,,,to check in,Wir checken um 15 Uhr ein.,We check in at 3 p.m.,,,,,,,,
verb,auschecken,,,,,to check out,Wir checken morgen aus.,We check out tomorrow.,,,,,,,,
verb,bezahlen,,,,,to pay,Ich bezahle mit Karte.,I pay by card.,,,,,,,,
verb,unterschreiben,,,,,to sign,Bitte unterschreiben Sie hier.,Please sign here.,,,,,,,,
verb,helfen,,,,,to help,Können Sie mir helfen?,Can you help me?,,,,,,,,
verb,warten,,,,,to wait,Bitte warten Sie kurz.,Please wait a moment.,,,,,,,,
verb,brauchen,,,,,to need,Ich brauche ein neues Handtuch.,I need a new towel.,,,,,,,,
adj,frei,,,,,available,Ist ein Zimmer frei?,Is a room available?,,,,,,,,
adj,besetzt,,,,,occupied,Das Zimmer ist besetzt.,The room is occupied.,,,,,,,,
adj,sauber,,,,,clean,Das Zimmer ist sauber.,The room is clean.,,,,,,,,
adj,schmutzig,,,,,dirty,Das Bad ist schmutzig.,The bathroom is dirty.,,,,,,,,
adj,laut,,,,,loud,Das Zimmer ist laut.,The room is loud.,,,,,,,,
adj,leise,,,,,quiet,Das Zimmer ist leise.,The room is quiet.,,,,,,,,
phrase,Ich habe eine Reservierung.,,,,,I have a reservation.,Ich habe eine Reservierung.,I have a reservation.,,,,,,,,
phrase,Ich möchte ein Zimmer.,,,,,I would like a room.,Ich möchte ein Zimmer.,I would like a room.,,,,,,,,
phrase,Wo ist die Rezeption?,,,,,Where is the reception?,Wo ist die Rezeption?,Where is the reception?,,,,,,,,
phrase,Können Sie das wiederholen?,,,,,Can you repeat that?,Können Sie das bitte wiederholen?,Can you please repeat that?,,,,,,,,
phrase,Das WLAN funktioniert nicht.,,,,,The Wi-Fi doesn’t work.,Das WLAN funktioniert nicht.,The Wi-Fi doesn’t work.,,,,,,,,
noun,Freizeitpark,der,m,Many place nouns with Park are masculine.,Freizeitparks,amusement park,Wir gehen in den Freizeitpark.,We go to the amusement park.,,,,,,,,
noun,Eintrittskarte,die,f,Nouns ending in -karte are usually feminine.,Eintrittskarten,admission ticket,Ich kaufe eine Eintrittskarte.,I buy an admission ticket.,,,,,,,,
noun,Kasse,die,f,Nouns ending in -e are often feminine.,Kassen,cash desk / ticket booth,Die Kasse ist dort.,The ticket booth is there.,,,,,,,,
noun,Achterbahn,die,f,Nouns ending in -bahn are feminine.,Achterbahnen,roller coaster,Die Achterbahn ist schnell.,The roller coaster is fast.,,,,,,,,
noun,Karussell,das,n,Many words ending in -ell are neuter.,Karussells,carousel,Das Karussell ist für Kinder.,The carousel is for children.,,,,,,,,
noun,Riesenrad,das,n,Compound with Rad is often neuter.,Riesenräder,ferris wheel,Das Riesenrad ist sehr hoch.,The ferris wheel is very high.,,,,,,,,
noun,Bude,die,f,Nouns ending in -e are often feminine.,Buden,stall / booth,Die Bude verkauft Getränke.,The stall sells drinks.,,,,,,,,
noun,Zuckerwatte,die,f,Nouns ending in -e are often feminine.,Zuckerwatten,cotton candy,Ich esse Zuckerwatte.,I eat cotton candy.,,,,,,,,
noun,Popcorn,das,n,Many loanwords are neuter.,,popcorn,Wir kaufen Popcorn.,We buy popcorn.,,,,,,,,
noun,Besucher,der,m,Agent nouns ending in -er are often masculine.,Besucher,visitor,Der Besucher wartet.,The visitor waits.,,,,,,,,
noun,Warteschlange,die,f,Nouns ending in -e are often feminine.,Warteschlangen,queue,Die Warteschlange ist lang.,The queue is long.,,,,,,,,
noun,Bühne,die,f,Nouns ending in -e are often feminine.,Bühnen,stage,Die Bühne ist groß.,The stage is big.,,,,,,,,
noun,Konzert,das,n,Many nouns ending in -ert are neuter.,Konzerte,concert,Das Konzert beginnt um acht.,The concert starts at eight.,,,,,,,,
noun,Oper,die,f,Oper is feminine in German.,Opern,opera,Die Oper ist heute Abend.,The opera is tonight.,,,,,,,,
noun,Theater,das,n,Many place nouns are neuter here.,Theater,theater,Wir gehen ins Theater.,We go to the theater.,,,,,,,,
noun,Museum,das,n,Words ending in -um are often neuter.,Museen,museum,Das Museum ist offen.,The museum is open.,,,,,,,,
noun,Ausstellung,die,f,Nouns ending in -ung are feminine.,Ausstellungen,exhibition,Die Ausstellung ist interessant.,The exhibition is interesting.,,,,,,,,
noun,Führung,die,f,Nouns ending in -ung are feminine.,Führungen,guided tour,Die Führung ist um zehn Uhr.,The tour is at ten o’clock.,,,,,,,,
noun,Stadion,das,n,Many loanwords ending -on are neuter.,Stadien,stadium,Das Stadion ist voll.,The stadium is full.,,,,,,,,
noun,Spiel,das,n,Many game nouns are neuter.,Spiele,game / match,Das Spiel ist spannend.,The match is exciting.,,,,,,,,
noun,Mannschaft,die,f,Nouns ending in -schaft are feminine.,Mannschaften,team,Die Mannschaft ist gut.,The team is good.,,,,,,,,
noun,Spieler,der,m,Agent nouns ending in -er are often masculine.,Spieler,player,Der Spieler ist schnell.,The player is fast.,,,,,,,,
noun,Gegner,der,m,Many -er nouns are masculine.,Gegner,opponent,Der Gegner ist stark.,The opponent is strong.,,,,,,,,
noun,Wettbewerb,der,m,Many nouns ending in a consonant are masculine.,Wettbewerbe,competition,Der Wettbewerb ist morgen.,The competition is tomorrow.,,,,,,,,
noun,Preis,der,m,Many short nouns are masculine.,Preise,prize,Der Preis ist eine Medaille.,The prize is a medal.,,,,,,,,
noun,Pokal,der,m,Common award noun is masculine.,Pokale,trophy,Der Pokal ist aus Gold.,The trophy is gold.,,,,,,,,
noun,Medaille,die,f,Nouns ending in -e are often feminine.,Medaillen,medal,Die Medaille ist schön.,The medal is nice.,,,,,,,,
noun,Publikum,das,n,Many collective nouns are neuter.,,audience,Das Publikum klatscht.,The audience applauds.,,,,,,,,
noun,Sitz,der,m,Der Sitz is masculine.,Sitze,seat,Mein Sitz ist in Reihe drei.,My seat is in row three.,,,,,,,,
noun,Reihe,die,f,Nouns ending in -e are often feminine.,Reihen,row,Unsere Reihe ist vorne.,Our row is in front.,,,,,,,,
noun,Programm,das,n,Many loanwords are neuter.,Programme,program,Das Programm ist hier.,The program is here.,,,,,,,,
noun,Pause,die,f,Nouns ending in -e are often feminine.,Pausen,break,Wir haben eine Pause.,We have a break.,,,,,,,,
noun,Garderobe,die,f,Many nouns ending in -e are feminine.,Garderoben,cloakroom,Die Garderobe ist links.,The cloakroom is on the left.,,,,,,,,
noun,Applaus,der,m,Der Applaus is masculine.,,applause,Der Applaus ist laut.,The applause is loud.,,,,,,,,
noun,Orchester,das,n,Many ensemble nouns are neuter.,Orchester,orchestra,Das Orchester spielt.,The orchestra plays.,,,,,,,,
noun,Dirigent,der,m,Person noun is masculine.,Dirigenten,conductor,Der Dirigent steht vorne.,The conductor stands in front.,,,,,,,,
noun,Sänger,der,m,Agent noun is masculine.,Sänger,singer,Der Sänger singt gut.,The singer sings well.,,,,,,,,
noun,Schauspieler,der,m,Agent noun is masculine.,Schauspieler,actor,Der Schauspieler ist berühmt.,The actor is famous.,,,,,,,,
noun,Fan,der,m,Common loanword is masculine.,Fans,fan,Der Fan freut sich.,The fan is happy.,,,,,,,,
noun,Trikot,das,n,Many loanwords are neuter.,Trikots,jersey,Das Trikot ist blau.,The jersey is blue.,,,,,,,,
noun,Tor,das,n,Many sports nouns are neuter.,Tore,goal,Das Tor ist super.,The goal is great.,,,,,,,,
noun,Halbzeit,die,f,Time nouns like Zeit are feminine.,Halbzeiten,halftime,Die Halbzeit ist jetzt.,It is halftime now.,,,,,,,,
noun,Sieger,der,m,Agent noun is masculine.,Sieger,winner,Der Sieger bekommt den Pokal.,The winner gets the trophy.,,,,,,,,
noun,Verlierer,der,m,Agent noun is masculine.,Verlierer,loser,Der Verlierer ist traurig.,The loser is sad.,,,,,,,,
verb,klatschen,,,,,to clap,Wir klatschen viel.,We clap a lot.,,,,,,,,
verb,zuschauen,,,,,to watch,Wir schauen dem Spiel zu.,We watch the match.,,,,,,,,
verb,mitmachen,,,,,to join in,Ich mache gern mit.,I like to join in.,,,,,,,,
verb,gewinnen,,,,,to win,Wir gewinnen heute.,We win today.,,,,,,,,
verb,verlieren,,,,,to lose,Sie verlieren das Spiel.,They lose the match.,,,,,,,,
verb,tanzen,,,,,to dance,Wir tanzen auf dem Fest.,We dance at the festival.,,,,,,,,
noun,Universität,die,f,Words ending -tät are usually feminine.,Universitäten,university,Die Universität ist groß.,The university is big.,Ich bin an der Universität.,I am at the university.,,,,,,
noun,Hochschule,die,f,Nouns ending -schule are usually feminine.,Hochschulen,college or university,Die Hochschule ist neu.,The college is new.,Er studiert an der Hochschule.,He studies at the college.,,,,,,
noun,Campus,der,m,Loan words are often masculine.,Campusse,campus,Der Campus ist groß.,The campus is big.,Wir treffen uns auf dem Campus.,We meet on campus.,,,,,,
noun,Hörsaal,der,m,Saal is masculine.,Hörsäle,lecture hall,Der Hörsaal ist voll.,The lecture hall is full.,Ich sitze im Hörsaal.,I sit in the lecture hall.,,,,,,
noun,Seminarraum,der,m,Raum is masculine.,Seminarräume,seminar room,Der Seminarraum ist oben.,The seminar room is upstairs.,Wir sind im Seminarraum.,We are in the seminar room.,,,,,,
noun,Gebäude,das,n,Nouns ending -äude are neuter.,Gebäude,building,Das Gebäude ist alt.,The building is old.,Das Gebäude hat drei Stockwerke.,The building has three floors.,,,,,,
noun,Stockwerk,das,n,Many -werk words are neuter.,Stockwerke,floor storey,Das Stockwerk ist oben.,The floor is upstairs.,Die Bibliothek ist im zweiten Stockwerk.,The library is on the second floor.,,,,,,
noun,Raum,der,m,Most rooms are masculine.,Räume,room,Der Raum ist klein.,The room is small.,Welcher Raum ist das?,Which room is that?,,,,,,
noun,Mensa,die,f,Many nouns ending -a are feminine.,Mensen,cafeteria canteen,Die Mensa ist heute offen.,The cafeteria is open today.,Heute esse ich in der Mensa.,Today I eat in the cafeteria.,,,,,,
noun,Bibliothek,die,f,Many nouns ending -ek are feminine.,Bibliotheken,library,Die Bibliothek ist ruhig.,The library is quiet.,Ich lese in der Bibliothek.,I read in the library.,,,,,,
noun,Student,der,m,Male person word usually der.,Studenten,student,Der Student lernt Deutsch.,The student learns German.,Der Student geht in die Bibliothek.,The student goes to the library.,,,,,,
noun,Studentin,die,f,Female person word usually die.,Studentinnen,student female,Die Studentin fragt den Lehrer.,The student asks the teacher.,Die Studentin schreibt eine E-Mail.,The student writes an email.,,,,,,
noun,Studium,das,n,Nouns ending -um are often neuter.,Studien,studies degree,Mein Studium ist interessant.,My studies are interesting.,Das Studium beginnt im Oktober.,The program starts in October.,,,,,,
noun,Kurs,der,m,Many short one-syllable nouns are masculine.,Kurse,course,Der Kurs ist am Montag.,The course is on Monday.,Ich habe heute einen Kurs.,I have a course today.,,,,,,
noun,Deutschkurs,der,m,Compound with Kurs keeps der.,Deutschkurse,German course,Der Deutschkurs ist um neun Uhr.,The German course is at nine.,Ich gehe zum Deutschkurs.,I go to the German course.,,,,,,
noun,Kursbuch,das,n,Buch is neuter so compounds often das.,Kursbücher,coursebook,Das Kursbuch ist neu.,The coursebook is new.,Ich brauche das Kursbuch.,I need the coursebook.,,,,,,
noun,Kursraum,der,m,Raum is masculine.,Kursräume,course room,Der Kursraum ist dort.,The course room is there.,Wir treffen uns im Kursraum.,We meet in the course room.,,,,,,
noun,Vorlesung,die,f,Nouns ending -ung are feminine.,Vorlesungen,lecture,Die Vorlesung beginnt um acht.,The lecture starts at eight.,Ich bin in der Vorlesung.,I am in the lecture.,,,,,,
noun,Seminar,das,n,Many loan words are neuter.,Seminare,seminar,Das Seminar ist heute.,The seminar is today.,Ich gehe ins Seminar.,I go to the seminar.,,,,,,
noun,Prüfung,die,f,Nouns ending -ung are feminine.,Prüfungen,exam,Die Prüfung ist morgen.,The exam is tomorrow.,Ich lerne für die Prüfung.,I study for the exam.,,,,,,
noun,Aufgabe,die,f,Nouns ending -e are often feminine.,Aufgaben,task exercise,Die Aufgabe ist schwer.,The task is hard.,Ich mache die Aufgabe.,I do the task.,,,,,,
noun,Übung,die,f,Nouns ending -ung are feminine.,Übungen,exercise practice,Die Übung ist leicht.,The exercise is easy.,Wir machen eine Übung.,We do an exercise.,,,,,,
noun,Hausaufgabe,die,f,Compound with Aufgabe keeps die.,Hausaufgaben,homework,Ich mache Hausaufgaben.,I do homework.,Die Hausaufgabe ist für morgen.,The homework is for tomorrow.,,,,,,
noun,Note,die,f,Note is feminine.,Noten,grade,Meine Note ist gut.,My grade is good.,Er bekommt eine Note.,He gets a grade.,,,,,,
noun,Stundenplan,der,m,Plan is masculine.,Stundenpläne,timetable,Der Stundenplan ist hier.,The timetable is here.,Ich sehe meinen Stundenplan.,I look at my timetable.,,,,,,
noun,Pause,die,f,Nouns ending -e are often feminine.,Pausen,break,Die Pause ist um zehn.,The break is at ten.,In der Pause trinke ich Wasser.,In the break I drink water.,,,,,,
noun,Lehrerin,die,f,Female person word usually die.,Lehrerinnen,teacher female,Die Lehrerin erklärt die Aufgabe.,The teacher explains the task.,Die Lehrerin hilft mir.,The teacher helps me.,,,,,,
noun,Dozent,der,m,Person word usually der.,Dozenten,lecturer,Der Dozent kommt später.,The lecturer comes later.,Ich frage den Dozenten.,I ask the lecturer.,,,,,,
noun,Gruppe,die,f,Nouns ending -e are often feminine.,Gruppen,group,Die Gruppe ist groß.,The group is big.,Wir arbeiten in einer Gruppe.,We work in a group.,,,,,,
noun,Partnerarbeit,die,f,Ends in -arbeit and is feminine.,Partnerarbeiten,pair work,Die Partnerarbeit ist heute.,Pair work is today.,Wir machen Partnerarbeit.,We do pair work.,,,,,,
noun,Frage,die,f,Nouns ending -e are often feminine.,Fragen,question,Ich habe eine Frage.,I have a question.,Die Frage ist einfach.,The question is simple.,,,,,,
noun,Antwort,die,f,Antwort is feminine.,Antworten,answer,Die Antwort ist richtig.,The answer is correct.,Ich schreibe eine Antwort.,I write an answer.,,,,,,
noun,Anmeldung,die,f,Nouns ending -ung are feminine.,Anmeldungen,registration,Die Anmeldung ist heute.,Registration is today.,Ich mache die Anmeldung online.,I register online.,,,,,,
noun,Formular,das,n,Many nouns ending -ar are neuter.,Formulare,form,Das Formular ist lang.,The form is long.,Ich fülle das Formular aus.,I fill out the form.,,,,,,
noun,Unterschrift,die,f,Nouns ending -schrift are feminine.,Unterschriften,signature,Die Unterschrift ist hier.,The signature is here.,Bitte schreiben Sie Ihre Unterschrift.,Please write your signature.,,,,,,
noun,Ausweis,der,m,Many -weis words are masculine.,Ausweise,ID card,Der Ausweis ist wichtig.,The ID is important.,Ich habe meinen Ausweis dabei.,I have my ID with me.,,,,,,
noun,Studentenausweis,der,m,Compound with Ausweis keeps der.,Studentenausweise,student ID,Der Studentenausweis ist neu.,The student ID is new.,Ich zeige meinen Studentenausweis.,I show my student ID.,,,,,,
noun,Bibliotheksausweis,der,m,Compound with Ausweis keeps der.,Bibliotheksausweise,library card,Der Bibliotheksausweis ist in meiner Tasche.,The library card is in my bag.,Ich brauche einen Bibliotheksausweis.,I need a library card.,,,,,,
noun,Wörterbuch,das,n,Buch is neuter so compounds often das.,Wörterbücher,dictionary,Das Wörterbuch ist hilfreich.,The dictionary is helpful.,Ich benutze ein Wörterbuch.,I use a dictionary.,,,,,,
noun,Computer,der,m,Loan word often masculine.,Computer,computer,Der Computer ist frei.,The computer is free.,Ich arbeite am Computer.,I work on the computer.,,,,,,
noun,Datei,die,f,Many nouns ending -i are feminine.,Dateien,file,Die Datei ist groß.,The file is big.,Ich sende die Datei per E-Mail.,I send the file by email.,,,,,,
noun,Ordner,der,m,Many -er nouns are masculine.,Ordner,folder,bDer Ordner ist neu.,The folder is new.,Ich lege das Papier in den Ordner.,I put the paper in the folder.,,,,,,
noun,Drucker,der,m,Many device words are masculine.,Drucker,printer,Der Drucker ist kaputt.,The printer is broken.,Der Drucker steht im Büro.,The printer is in the office.,,,,,,
noun,Kopierer,der,m,Many device words are masculine.,Kopierer,copy machine,Der Kopierer ist alt.,The copier is old.,Ich benutze den Kopierer.,I use the copier.,,,,,,
noun,Notizbuch,das,n,Buch is neuter so compounds often das.,Notizbücher,notebook,Das Notizbuch ist voll.,The notebook is full.,Ich schreibe ins Notizbuch.,I write in the notebook.,,,,,,
noun,Lineal,das,n,Many tools are neuter.,Lineale,ruler,Das Lineal ist lang.,The ruler is long.,Ich brauche ein Lineal.,I need a ruler.,,,,,,
noun,Radiergummi,der,m,Many objects are masculine.,Radiergummis,eraser,Der Radiergummi ist klein.,The eraser is small.,Ich brauche einen Radiergummi.,I need an eraser.,,,,,,
noun,Rucksack,der,m,Many objects are masculine.,Rucksäcke,backpack,Der Rucksack ist schwer.,The backpack is heavy.,Mein Rucksack ist blau.,My backpack is blue.,,,,,,
verb,ausfüllen,,,Separable verb: aus goes to the end,,to fill out,Ich fülle das Formular aus.,I fill out the form.,Füllst du das Formular aus?,Do you fill out the form?,,,,,,
verb,ausleihen,,,Separable verb: aus goes to the end,,to borrow,Ich leihe ein Buch aus.,I borrow a book.,Leihst du das Wörterbuch aus?,Do you borrow the dictionary?,,,,,,
noun,Januar,der,m,"Months are masculine in German",,January,Der Januar ist kalt.,January is cold.,,,,,,,,
noun,Februar,der,m,"Months are masculine in German",,February,Der Februar hat 28 Tage.,February has 28 days.,,,,,,,,
noun,März,der,m,"Months are masculine in German",,March,Im März beginnt der Frühling.,In March spring begins.,,,,,,,,
noun,April,der,m,"Months are masculine in German",,April,Der April ist oft regnerisch.,April is often rainy.,,,,,,,,
noun,Mai,der,m,"Months are masculine in German",,May,Im Mai blühen die Blumen.,In May the flowers bloom.,,,,,,,,
noun,Juni,der,m,"Months are masculine in German",,June,Der Juni ist warm.,June is warm.,,,,,,,,
noun,Juli,der,m,"Months are masculine in German",,July,Im Juli haben wir Sommerferien.,In July we have summer vacation.,,,,,,,,
noun,August,der,m,"Months are masculine in German",,August,Der August ist heiß.,August is hot.,,,,,,,,
noun,September,der,m,"Months are masculine in German",,September,Im September beginnt die Schule.,In September school begins.,,,,,,,,
noun,Oktober,der,m,"Months are masculine in German",,October,Der Oktober ist bunt.,October is colorful.,,,,,,,,
noun,November,der,m,"Months are masculine in German",,November,Der November ist grau.,November is gray.,,,,,,,,
noun,Dezember,der,m,"Months are masculine in German",,December,Im Dezember feiern wir Weihnachten.,In December we celebrate Christmas.,,,,,,,,
noun,Montag,der,m,"Days are masculine in German",Montage,Monday,Am Montag gehe ich zur Schule.,On Monday I go to school.,,,,,,,,
noun,Dienstag,der,m,"Days are masculine in German",Dienstage,Tuesday,Der Dienstag ist anstrengend.,Tuesday is exhausting.,,,,,,,,
noun,Mittwoch,der,m,"Days are masculine in German",Mittwoche,Wednesday,Am Mittwoch habe ich Zeit.,On Wednesday I have time.,,,,,,,,
noun,Donnerstag,der,m,"Days are masculine in German",Donnerstage,Thursday,Donnerstags arbeite ich.,On Thursdays I work.,,,,,,,,
noun,Freitag,der,m,"Days are masculine in German",Freitage,Friday,Endlich ist Freitag!,Finally it's Friday!,,,,,,,,
noun,Samstag,der,m,"Days are masculine in German",Samstage,Saturday,Am Samstag schlafe ich lange.,On Saturday I sleep late.,,,,,,,,
noun,Sonntag,der,m,"Days are masculine in German",Sonntage,Sunday,Der Sonntag ist ruhig.,Sunday is quiet.,,,,,,,,
noun,Schuh,der,m,"Many clothing items are masculine",Schuhe,shoe,Meine Schuhe sind neu.,My shoes are new.,,,,,,,,
noun,Hemd,das,n,"Clothing items ending in -d are often neuter",Hemden,shirt,Das Hemd ist blau.,The shirt is blue.,,,,,,,,
noun,Kleid,das,n,"Clothing items are often neuter",Kleider,dress,Das Kleid ist schön.,The dress is beautiful.,,,,,,,,
noun,Rock,der,m,"Many clothing items are masculine",Röcke,skirt,Der Rock ist kurz.,The skirt is short.,,,,,,,,
noun,Hose,die,f,"Many clothing items ending -e are feminine",Hosen,pants/trousers,Die Hose ist schwarz.,The pants are black.,,,,,,,,
noun,Jacke,die,f,"Nouns ending in -e are often feminine",Jacken,jacket,Die Jacke ist warm.,The jacket is warm.,,,,,,,,
noun,Mütze,die,f,"Nouns ending in -e are often feminine",Mützen,hat/cap,Die Mütze ist rot.,The cap is red.,,,,,,,,
noun,Socke,die,f,"Nouns ending in -e are often feminine",Socken,sock,Die Socken sind weich.,The socks are soft.,,,,,,,,
noun,Farbe,die,f,"Nouns ending in -e are often feminine",Farben,color,Meine Lieblingsfarbe ist Blau.,My favorite color is blue.,,,,,,,,
adj,rot,,,,,red,Der Apfel ist rot.,The apple is red.,,,,,,,,
adj,blau,,,,,blue,Das Meer ist blau.,The sea is blue.,,,,,,,,
adj,grün,,,,,green,Das Gras ist grün.,The grass is green.,,,,,,,,
adj,gelb,,,,,yellow,Die Banane ist gelb.,The banana is yellow.,,,,,,,,
adj,orange,,,,,orange,Die Orange ist orange.,The orange is orange.,,,,,,,,
adj,lila,,,,,purple,Die Blume ist lila.,The flower is purple.,,,,,,,,
adj,braun,,,,,brown,Der Tisch ist braun.,The table is brown.,,,,,,,,
adj,schwarz,,,,,black,Die Katze ist schwarz.,The cat is black.,,,,,,,,
adj,weiß,,,,,white,Der Schnee ist weiß.,The snow is white.,,,,,,,,
adj,grau,,,,,gray,Der Himmel ist grau.,The sky is gray.,,,,,,,,
adj,neu,,,,,new,Das Auto ist neu.,The car is new.,,,,,,,,
adj,alt,,,,,old,Mein Opa ist alt.,My grandpa is old.,,,,,,,,
adj,jung,,,,,young,Der Hund ist jung.,The dog is young.,,,,,,,,
noun,Oma,die,f,"Family nickname is feminine",Omas,grandma,Meine Oma kocht gut.,My grandma cooks well.,,,,,,,,
noun,Opa,der,m,"Family nickname is masculine",Opas,grandpa,Mein Opa liest gern.,My grandpa likes to read.,,,,,,,,
noun,Tante,die,f,"Family noun ending -e is feminine",Tanten,aunt,Meine Tante wohnt in Berlin.,My aunt lives in Berlin.,,,,,,,,
noun,Onkel,der,m,"Family noun ending -el is masculine",Onkel,uncle,Mein Onkel hat ein Auto.,My uncle has a car.,,,,,,,,
noun,Cousin,der,m,"Family loanword is masculine",Cousins,cousin (male),Mein Cousin ist 15 Jahre alt.,My cousin is 15 years old.,,,,,,,,
noun,Cousine,die,f,"Family loanword ending -e is feminine",Cousinen,cousin (female),Meine Cousine ist nett.,My cousin is nice.,,,,,,,,
verb,schlafen,,,,,to sleep,Das Baby schläft.,The baby sleeps.,Ich schlafe acht Stunden.,I sleep eight hours.,,,,,,
verb,öffnen,,,,,to open,Bitte öffnen Sie das Fenster.,Please open the window.,Ich öffne die Tür.,I open the door.,,,,,,
verb,schließen,,,,,to close,Schließ bitte die Tür.,Please close the door.,Das Geschäft schließt um 20 Uhr.,The store closes at 8 p.m.,,,,,,
verb,verstehen,,,,,to understand,Ich verstehe dich nicht.,I don't understand you.,Verstehen Sie die Frage?,Do you understand the question?,,,,,,
verb,geben,,,,,to give,Kannst du mir das geben?,Can you give me that?,Es gibt viele Menschen hier.,There are many people here.,,,,,,
verb,nehmen,,,,,to take,Ich nehme den Bus.,I take the bus.,Nehmen Sie noch etwas Kaffee?,Will you have some more coffee?,,,,,,
preposition,in,,,,,in,Das Buch ist in der Tasche.,The book is in the bag.,Ich wohne in Berlin.,I live in Berlin.,,,,,,
preposition,an,,,,,at/on,Das Bild hängt an der Wand.,The picture hangs on the wall.,Wir treffen uns am Bahnhof.,We meet at the station.,,,,,,
preposition,auf,,,,,on,Das Buch liegt auf dem Tisch.,The book is on the table.,Ich warte auf den Bus.,I wait for the bus.,,,,,,
preposition,aus,,,,,from/out of,Ich komme aus Spanien.,I come from Spain.,Sie nimmt das Geld aus der Tasche.,She takes the money out of the bag.,,,,,,
preposition,nach,,,,,to/after,Wir fahren nach Berlin.,We drive to Berlin.,Nach der Schule gehe ich nach Hause.,After school I go home.,,,,,,
preposition,zu,,,,,to,Ich gehe zu meiner Freundin.,I go to my friend's place.,Zu Hause ist es gemütlich.,At home it's cozy.,,,,,,
pronoun,ich,,,,,I,Ich bin müde.,I am tired.,,,,,,,,
pronoun,du,,,,,you (informal),Du bist mein Freund.,You are my friend.,,,,,,,,
pronoun,er,,,,,he,Er ist Lehrer.,He is a teacher.,,,,,,,,
pronoun,sie,,,,,she,Sie ist Ärztin.,She is a doctor.,,,,,,,,
pronoun,es,,,,,it,Es ist kalt.,It is cold.,,,,,,,,
pronoun,wir,,,,,we,Wir lernen Deutsch.,We learn German.,,,,,,,,
pronoun,ihr,,,,,you (plural informal),Ihr seid meine Freunde.,You are my friends.,,,,,,,,
pronoun,Sie,,,,,you (formal),Wie heißen Sie?,What is your name? (formal),,,,,,,,
pronoun,sie (Plural),,,,,,they,Sie kommen aus Berlin.,They come from Berlin.,,,,,,,,
questionword,wer,,,,,who,Wer ist das?,Who is that?,,,,,,,,
questionword,was,,,,,what,Was ist das?,What is that?,,,,,,,,
questionword,wie,,,,,how,Wie geht es dir?,How are you?,,,,,,,,
questionword,wo,,,,,where,Wo ist der Bahnhof?,Where is the station?,,,,,,,,
questionword,woher,,,,,where from,Woher kommst du?,Where do you come from?,,,,,,,,
questionword,wohin,,,,,where to,Wohin gehst du?,Where are you going?,,,,,,,,
questionword,warum,,,,,why,Warum lernst du Deutsch?,Why are you learning German?,,,,,,,,
noun,Spiegel,der,m,"Many objects ending -el are masculine",Spiegel,mirror,Der Spiegel ist groß.,The mirror is big.,Ich sehe mich im Spiegel.,I see myself in the mirror.,,,,,,
noun,Bürste,die,f,"Nouns ending -e are often feminine",Bürsten,brush,Die Bürste ist neu.,The brush is new.,Ich brauche eine Haarbürste.,I need a hairbrush.,,,,,,
noun,Kamm,der,m,"Many short nouns are masculine",Kämme,comb,Der Kamm ist klein.,The comb is small.,,,,,,,,
noun,Seife,die,f,"Nouns ending -e are often feminine",Seifen,soap,Die Seife riecht gut.,The soap smells good.,,,,,,,,
noun,Shampoo,das,n,"Loanwords are often neuter",Shampoos,shampoo,Das Shampoo ist leer.,The shampoo is empty.,,,,,,,,
noun,Zahnbürste,die,f,"Compound with Bürste is feminine",Zahnbürsten,toothbrush,Meine Zahnbürste ist blau.,My toothbrush is blue.,,,,,,,,
noun,Zahnpasta,die,f,"Many nouns ending -a are feminine",Zahnpasten,toothpaste,Die Zahnpasta ist fast leer.,The toothpaste is almost empty.,,,,,,,,
noun,Brief,der,m,"Many nouns are masculine",Briefe,letter,Der Brief ist von meiner Mutter.,The letter is from my mother.,Ich schreibe einen Brief.,I write a letter.,,,,,,
noun,Paket,das,n,"Many nouns ending -et are neuter",Pakete,package,Das Paket ist groß.,The package is big.,Der Postbote bringt ein Paket.,The mailman brings a package.,,,,,,
noun,Briefmarke,die,f,"Nouns ending -e are often feminine",Briefmarken,postage stamp,Ich brauche eine Briefmarke.,I need a postage stamp.,Die Briefmarke kostet 1 Euro.,The stamp costs 1 euro.,,,,,,
noun,Luft,die,f,"Many natural elements are feminine",,air,Die Luft ist frisch.,The air is fresh.,,,,,,,,
noun,Wind,der,m,"Many weather nouns are masculine",Winde,wind,Der Wind ist stark.,The wind is strong.,,,,,,,,
noun,Wolke,die,f,"Nouns ending -e are often feminine",Wolken,cloud,Die Wolken sind grau.,The clouds are gray.,,,,,,,,
noun,Schnee,der,m,"Many weather nouns are masculine",,snow,Der Schnee ist weiß.,The snow is white.,,,,,,,,
noun,Eis,das,n,"Many weather/food nouns are neuter",,ice/ice cream,Das Eis schmilzt.,The ice is melting.,Ich esse gern Eis.,I like eating ice cream.,,,,,,
noun,Feld,das,n,"Many landscape nouns are neuter",Felder,field,Das Feld ist grün.,The field is green.,,,,,,,,
noun,Wald,der,m,"Many landscape nouns are masculine",Wälder,forest,Der Wald ist groß.,The forest is big.,,,,,,,,
noun,Berg,der,m,"Many landscape nouns are masculine",Berge,mountain,Der Berg ist hoch.,The mountain is high.,,,,,,,,
noun,Meer,das,n,"Many water bodies are neuter",Meere,sea,Das Meer ist blau.,The sea is blue.,,,,,,,,
noun,See,der,m,"Masculine = lake, feminine = sea",Seen,lake,Der See ist kalt.,The lake is cold.,,,,,,,,
noun,Brücke,die,f,"Nouns ending -e are often feminine",Brücken,bridge,Die Brücke ist alt.,The bridge is old.,,,,,,,,
noun,Weg,der,m,"Many short nouns are masculine",Wege,way/path,Der Weg ist lang.,The way is long.,,,,,,,,
noun,Ecke,die,f,"Nouns ending -e are often feminine",Ecken,corner,Die Schule ist um die Ecke.,The school is around the corner.,,,,,,,,
noun,Mitte,die,f,"Nouns ending -e are often feminine",Mitten,middle/center,Die Bank ist in der Mitte.,The bank is in the middle.,,,,,,,,
noun,Stück,das,n,"Many nouns are neuter",Stücke,piece,Ein Stück Kuchen, bitte.,A piece of cake, please.,,,,,,,,
noun,Paar,das,n,"Many nouns are neuter",Paare,pair/couple,Ein Paar Schuhe, bitte.,A pair of shoes, please.,,,,,,,,
noun,Tier,das,n,"Many animals are neuter",Tiere,animal,Das Tier ist süß.,The animal is cute.,,,,,,,,
noun,Vogel,der,m,"Many animals are masculine",Vögel,bird,Der Vogel singt.,The bird sings.,,,,,,,,
noun,Fisch,der,m,"Many animals are masculine",Fische,fish,Der Fisch schwimmt.,The fish swims.,,,,,,,,
noun,Pferd,das,n,"Many animals are neuter",Pferde,horse,Das Pferd ist schnell.,The horse is fast.,,,,,,,,
noun,Zahl,die,f,"Many abstract nouns are feminine",Zahlen,number,Die Zahl ist groß.,The number is big.,,,,,,,,
noun,Buchstabe,der,m,"Ending -e can be masculine here",Buchstaben,letter (alphabet),Der Buchstabe ist A.,The letter is A.,,,,,,,,
noun,Satz,der,m,"Many short nouns are masculine",Sätze,sentence,Der Satz ist lang.,The sentence is long.,,,,,,,,
noun,Wort,das,n,"Many language nouns are neuter",Wörter/ Worte,word,Das Wort ist neu für mich.,The word is new to me.,,,,,,,,
verb,liegen,,,,,to lie (position),Das Buch liegt auf dem Tisch.,The book is lying on the table.,,,,,,,,
verb,stehen,,,,,to stand,Der Stuhl steht in der Ecke.,The chair is standing in the corner.,,,,,,,,
verb,sitzen,,,,,to sit,Wir sitzen im Cafe.,We are sitting in the cafe.,,,,,,,,
verb,stellen,,,,,to put (upright),Ich stelle die Vase auf den Tisch.,I put the vase on the table.,,,,,,,,
verb,legen,,,,,to lay (flat),Ich lege das Buch auf den Tisch.,I lay the book on the table.,,,,,,,,
verb,hängen,,,,,to hang,Das Bild hängt an der Wand.,The picture hangs on the wall.,,,,,,,,
verb,zeigen,,,,,to show,Kannst du mir das zeigen?,Can you show me that?,,,,,,,,
verb,bringen,,,,,to bring,Bringst du mir bitte Wasser?,Will you bring me water please?,,,,,,,,
verb,holen,,,,,to get/fetch,Ich hole das Auto.,I'll get the car.,,,,,,,,
verb,anrufen,,,,,to call (phone),Ich rufe dich morgen an.,I'll call you tomorrow.,,,,,,,,
noun,Büro,das,n,"Many loanwords ending -o are neuter",Büros,office,Das Büro ist groß.,The office is big.,Ich arbeite im Büro.,I work in the office.,,,,,,
noun,Firma,die,f,"Many nouns ending -a are feminine",Firmen,company,Die Firma ist in Berlin.,The company is in Berlin.,Er hat eine Firma.,He has a company.,,,,,,
noun,Chef,der,m,"Person noun masculine",Chefs,boss,Der Chef ist nett.,The boss is nice.,Ich frage den Chef.,I ask the boss.,,,,,,
noun,Chefin,die,f,"Suffix -in marks feminine",Chefinnen,boss (female),Die Chefin kommt heute.,The boss is coming today.,,,,,,,,
noun,Sekretärin,die,f,"Suffix -in marks feminine",Sekretärinnen,secretary (female),Die Sekretärin schreibt eine E-Mail.,The secretary writes an email.,,,,,,,,
noun,Schreibtisch,der,m,"Compound with Tisch is masculine",Schreibtische,desk,Der Schreibtisch ist neu.,The desk is new.,Auf dem Schreibtisch liegt ein Computer.,A computer is on the desk.,,,,,,
noun,Stift,der,m,"Many office items are masculine",Stifte,pen,Der Stift ist blau.,The pen is blue.,Ich brauche einen Stift.,I need a pen.,,,,,,
noun,Bleistift,der,m,"Compound with Stift is masculine",Bleistifte,pencil,Der Bleistift ist spitz.,The pencil is sharp.,,,,,,,,
noun,Kugelschreiber,der,m,"Many -er nouns are masculine",Kugelschreiber,ballpoint pen,Der Kugelschreiber schreibt nicht.,The pen doesn't write.,,,,,,,,
noun,Papier,das,n,"Many materials are neuter",Papiere,paper,Das Papier ist weiß.,The paper is white.,Hast du Papier?,Do you have paper?,,,,,,
noun,Notiz,die,f,"Many abstract nouns ending in -iz are feminine",Notizen,note,Ich mache eine Notiz.,I make a note.,Meine Notizen sind im Heft.,My notes are in the notebook.,,,,,,
noun,Heft,das,n,"Many school items are neuter",Hefte,notebook/exercise book,Das Heft ist voll.,The notebook is full.,Ich schreibe ins Heft.,I write in the notebook.,,,,,,
noun,Regal,das,n,"Many furniture items are neuter",Regale,shelf,Das Regal ist aus Holz.,The shelf is made of wood.,Die Bücher stehen im Regal.,The books are on the shelf.,,,,,,
noun,Couch,die,f,"Many loanwords are feminine",Couchs/Couches,sofa/couch,Die Couch ist bequem.,The sofa is comfortable.,Wir sitzen auf der Couch.,We sit on the sofa.,,,,,,
noun,Sofa,das,n,"Many loanwords are neuter",Sofas,sofa,Das Sofa ist groß.,The sofa is big.,,,,,,,,
noun,Teppich,der,m,"Many household items are masculine",Teppiche,carpet/rug,Der Teppich ist weich.,The carpet is soft.,,,,,,,,
noun,Vorhang,der,m,"Many household items are masculine",Vorhänge,curtain,Der Vorhang ist zu.,The curtain is closed.,,,,,,,,
noun,Spiegel,der,m,"Many objects ending -el are masculine",Spiegel,mirror,Der Spiegel ist groß.,The mirror is big.,Ich sehe mich im Spiegel.,I see myself in the mirror.,,,,,,
noun,Blume,die,f,"Nouns ending -e are often feminine",Blumen,flower,Die Blume ist schön.,The flower is beautiful.,,,,,,,,
noun,Pflanze,die,f,"Nouns ending -e are often feminine",Pflanzen,plant,Die Pflanze braucht Wasser.,The plant needs water.,,,,,,,,
noun,Gemüse,das,n,"Many food categories are neuter",Gemüse,vegetables,Das Gemüse ist frisch.,The vegetables are fresh.,Ich kaufe Gemüse auf dem Markt.,I buy vegetables at the market.,,,,,,
noun,Obst,das,n,"Many food categories are neuter",,fruit,Obst ist gesund.,Fruit is healthy.,,,,,,,,
noun,Orange,die,f,"Many fruits ending -e are feminine",Orangen,orange (fruit),Die Orange ist süß.,The orange is sweet.,,,,,,,,
noun,Zitrone,die,f,"Many fruits ending -e are feminine",Zitronen,lemon,Die Zitrone ist sauer.,The lemon is sour.,,,,,,,,
noun,Erdbeere,die,f,"Compound with Beere is feminine",Erdbeeren,strawberry,Die Erdbeeren sind rot.,The strawberries are red.,,,,,,,,
noun,Kirsche,die,f,"Nouns ending -e are often feminine",Kirschen,cherry,Die Kirsche schmeckt gut.,The cherry tastes good.,,,,,,,,
noun,Traube,die,f,"Nouns ending -e are often feminine",Trauben,grape,Die Trauben sind süß.,The grapes are sweet.,,,,,,,,
noun,Gurke,die,f,"Nouns ending -e are often feminine",Gurken,cucumber,Die Gurke ist grün.,The cucumber is green.,,,,,,,,
noun,Paprika,die/der,m/f,"Gender varies by region",Paprika,bell pepper,Die Paprika ist rot.,The bell pepper is red.,,,,,,,,
noun,Zwiebel,die,f,"Many food nouns are feminine",Zwiebeln,onion,Die Zwiebel ist scharf.,The onion is spicy.,,,,,,,,
noun,Kartoffel,die,f,"Many food nouns are feminine",Kartoffeln,potato,Die Kartoffeln sind im Keller.,The potatoes are in the basement.,,,,,,,,
noun,Fleisch,das,n,"Many food categories are neuter",,meat,Das Fleisch ist zart.,The meat is tender.,Ich esse kein Fleisch.,I don't eat meat.,,,,,,
noun,Fisch,der,m,"Many animals are masculine",Fische,fish,Der Fisch schwimmt im Wasser.,The fish swims in the water.,Ich esse gern Fisch.,I like eating fish.,,,,,,
noun,Huhn,das,n,"Many animals are neuter",Hühner,chicken,Das Huhn gackert.,The chicken clucks.,,,,,,,,
noun,Ei,das,n,"Many foods are neuter",Eier,egg,Das Ei ist gekocht.,The egg is boiled.,Ich esse ein Ei zum Frühstück.,I eat an egg for breakfast.,,,,,,
noun,Salz,das,n,"Many seasonings are neuter",,salt,Das Salz ist im Salzstreuer.,The salt is in the salt shaker.,,,,,,,,
noun,Pfeffer,der,m,"Many seasonings are masculine",,pepper,Der Pfeffer ist scharf.,The pepper is spicy.,,,,,,,,
noun,Zucker,der,m,"Many foods are masculine",,sugar,Der Zucker ist im Zuckerbehälter.,The sugar is in the sugar container.,,,,,,,,
noun,Mehl,das,n,"Many baking items are neuter",,flour,Das Mehl ist weiß.,The flour is white.,,,,,,,,
noun,Öl,das,n,"Many liquids are neuter",Öle,oil,Das Öl ist in der Flasche.,The oil is in the bottle.,,,,,,,,
noun,Essig,der,m,"Many condiments are masculine",,vinegar,Der Essig ist sauer.,The vinegar is sour.,,,,,,,,
noun,Saft,der,m,"Many drinks are masculine",Säfte,juice,Der Saft ist frisch gepresst.,The juice is freshly squeezed.,,,,,,,,
noun,Limonade,die,f,"Many drinks ending -e are feminine",Limonaden,lemonade/soda,Die Limonade ist kalt.,The lemonade is cold.,,,,,,,,
noun,Wein,der,m,"Many alcoholic drinks are masculine",Weine,wine,Der Wein ist trocken.,The wine is dry.,,,,,,,,
noun,Bier,das,n,"Many alcoholic drinks are neuter",Biere,beer,Das Bier ist kalt.,The beer is cold.,,,,,,,,
noun,Sekt,der,m,"Many alcoholic drinks are masculine",Sekte,sparkling wine,Der Sekt sprudelt.,The sparkling wine bubbles.,,,,,,,,
noun,Geburtstag,der,m,"Compound with Tag is masculine",Geburtstage,birthday,Heute ist mein Geburtstag.,Today is my birthday.,Ich feiere Geburtstag.,I celebrate my birthday.,,,,,,
noun,Geschenk,das,n,"Many nouns ending -enk are neuter",Geschenke,gift/present,Das Geschenk ist für dich.,The gift is for you.,,,,,,,,
noun,Karte,die,f,"Many nouns ending -e are feminine",Karten,card,Die Karte ist schön.,The card is beautiful.,Ich schreibe eine Karte.,I write a card.,,,,,,
noun,Einladung,die,f,"Nouns ending -ung are feminine",Einladungen,invitation,Die Einladung ist per E-Mail.,The invitation is by email.,,,,,,,,
noun,Feier,die,f,"Many nouns ending -er are feminine here",Feiern,celebration/party,Die Feier ist am Samstag.,The party is on Saturday.,,,,,,,,
noun,Party,die,f,"Many loanwords are feminine",Partys,party,Die Party ist toll.,The party is great.,,,,,,,,
noun,Fest,das,n,"Many events are neuter",Feste,festival/celebration,Das Fest beginnt um acht.,The festival starts at eight.,,,,,,,,
noun,Weihnachten,das,n,"Holiday names are neuter",,Christmas,Weihnachten ist im Dezember.,Christmas is in December.,,,,,,,,
noun,Ostern,das,n,"Holiday names are neuter",,Easter,Ostern ist im Frühling.,Easter is in spring.,,,,,,,,
noun,Silvester,der,m,"New Year's Eve is masculine",,New Year's Eve,Silvester feiern wir.,We celebrate New Year's Eve.,,,,,,,,
noun,Neujahr,das,n,"Compound with Jahr is neuter",,New Year's Day,Neujahr ist der erste Januar.,New Year's Day is the first of January.,,,,,,,,
noun,Wanderung,die,f,"Nouns ending -ung are feminine",Wanderungen,hike,Die Wanderung war schön.,The hike was nice.,Wir machen eine Wanderung.,We go for a hike.,,,,,,
noun,Ausflug,der,m,"Compound with Flug is masculine",Ausflüge,trip/excursion,Wir machen einen Ausflug.,We go on a trip.,,,,,,,,
noun,Reise,die,f,"Many nouns ending -e are feminine",Reisen,trip/journey,Die Reise war lang.,The trip was long.,,,,,,,,
noun,Urlaub,der,m,"Many nouns are masculine",Urlaube,vacation,Der Urlaub war schön.,The vacation was nice.,Ich habe Urlaub.,I have vacation.,,,,,,
noun,Ferien,die,pl,"Always plural",,vacation (school),Die Ferien sind im Sommer.,School vacation is in summer.,,,,,,,,
noun,Strand,der,m,"Many nature nouns are masculine",Strände,beach,Der Strand ist sauber.,The beach is clean.,Wir gehen an den Strand.,We go to the beach.,,,,,,
noun,Schwimmbad,das,n,"Compound with Bad is neuter",Schwimmbäder,swimming pool,Das Schwimmbad ist geöffnet.,The swimming pool is open.,,,,,,,,
noun,Halle,die,f,"Nouns ending -e are often feminine",Hallen,hall,Die Halle ist groß.,The hall is big.,,,,,,,,
noun,Platz,der,m,"Many places are masculine",Plätze,place/square,Der Platz ist in der Stadtmitte.,The square is in the city center.,,,,,,,,
noun,Dorf,das,n,"Many places are neuter",Dörfer,village,Das Dorf ist klein.,The village is small.,,,,,,,,
noun,Kino,das,n,"Many places ending -o are neuter",Kinos,cinema,Das Kino ist neu.,The cinema is new.,Wir gehen ins Kino.,We go to the cinema.,,,,,,
noun,Kneipe,die,f,"Nouns ending -e are often feminine",Kneipen,bar/pub,Die Kneipe ist voll.,The bar is full.,,,,,,,,
noun,Café,das,n,"Many loanwords are neuter",Cafés,cafe,Das Café ist gemütlich.,The cafe is cozy.,,,,,,,,
noun,Bäckerei,die,f,"Nouns ending -ei are feminine",Bäckereien,bakery,Die Bäckerei ist um die Ecke.,The bakery is around the corner.,,,,,,,,
noun,Metzgerei,die,f,"Nouns ending -ei are feminine",Metzgereien,butcher shop,Die Metzgerei hat frisches Fleisch.,The butcher shop has fresh meat.,,,,,,,,
noun,Keller,der,m,"Many rooms are masculine",Keller,basement/cellar,Der Keller ist kalt.,The basement is cold.,,,,,,,,
noun,Dach,das,n,"Many parts of house are neuter",Dächer,roof,Das Dach ist rot.,The roof is red.,,,,,,,,
noun,Wand,die,f,"Many parts of house are feminine",Wände,wall,Die Wand ist weiß.,The wall is white.,,,,,,,,
noun,Boden,der,m,"Many parts of house are masculine",Böden,floor/ground,Der Boden ist aus Holz.,The floor is made of wood.,,,,,,,,
noun,Steckdose,die,f,"Compound with Dose is feminine",Steckdosen,power outlet,Die Steckdose ist hinter dem Schrank.,The outlet is behind the wardrobe.,,,,,,,,
noun,Schalter,der,m,"Many electrical items are masculine",Schalter,switch,Der Schalter ist an der Wand.,The switch is on the wall.,,,,,,,,
noun,Heizung,die,f,"Nouns ending -ung are feminine",Heizungen,heating,Die Heizung ist warm.,The heating is warm.,,,,,,,,
noun,Müll,der,m,"Many nouns are masculine",,trash/garbage,Der Müll ist in der Tonne.,The trash is in the bin.,,,,,,,,
noun,Mülleimer,der,m,"Compound with Eimer is masculine",Mülleimer,trash can,Der Mülleimer ist voll.,The trash can is full.,,,,,,,,
noun,Tüte,die,f,"Nouns ending -e are often feminine",Tüten,bag (plastic/paper),Die Tüte ist aus Plastik.,The bag is made of plastic.,,,,,,,,
noun,Korb,der,m,"Many containers are masculine",Körbe,basket,Der Korb ist aus Stroh.,The basket is made of straw.,,,,,,,,
noun,Kopfschmerzen,der,pl,"Often used in plural",,headache,Ich habe Kopfschmerzen.,I have a headache.,,,,,,,,
noun,Zahnschmerzen,der,pl,"Often used in plural",,toothache,Ich habe Zahnschmerzen.,I have a toothache.,,,,,,,,
noun,Bauchschmerzen,der,pl,"Often used in plural",,stomachache,Ich habe Bauchschmerzen.,I have a stomachache.,,,,,,,,
noun,Fieber,das,n,"Many medical terms are neuter",,fever,Ich habe Fieber.,I have a fever.,,,,,,,,
noun,Husten,der,m,"Many medical terms are masculine",,cough,Er hat Husten.,He has a cough.,,,,,,,,
noun,Schnupfen,der,m,"Many medical terms are masculine",,cold (runny nose),Sie hat Schnupfen.,She has a cold.,,,,,,,,
noun,Tablette,die,f,"Many medical terms ending -e are feminine",Tabletten,tablet/pill,Ich nehme eine Tablette.,I take a tablet.,,,,,,,,
noun,Medikament,das,n,"Many medical terms ending -ment are neuter",Medikamente,medicine,Das Medikament hilft.,The medicine helps.,,,,,,,,
noun,Krankenwagen,der,m,"Compound with Wagen is masculine",Krankenwagen,ambulance,Der Krankenwagen kommt.,The ambulance is coming.,,,,,,,,
noun,Krankenschwester,die,f,"Compound with Schwester is feminine",Krankenschwestern,nurse,Die Krankenschwester hilft dem Arzt.,The nurse helps the doctor.,,,,,,,,
verb,laufen,,,,"","to run","Er läuft schnell.","He runs fast.","Wir laufen im Park.","We run in the park.",,,,,,
verb,rennen,,,,"","to race/dash","Sie rennt zur Tür.","She dashes to the door.",,,,,,,,
verb,springen,,,,"","to jump","Das Kind springt.","The child jumps.",,,,,,,,
verb,werfen,,,,"","to throw","Er wirft den Ball.","He throws the ball.",,,,,,,,
verb,fangen,,,,"","to catch","Sie fängt den Ball.","She catches the ball.",,,,,,,,
verb,spielen,,,,"","to play","Die Kinder spielen Fußball.","The children play soccer.",,,,,,,,
verb,zeichnen,,,,"","to draw","Ich zeichne ein Bild.","I draw a picture.",,,,,,,,
verb,malen,,,,"","to paint","Sie malt mit Wasserfarben.","She paints with watercolors.",,,,,,,,
verb,fotografieren,,,,"","to photograph","Er fotografiert die Blumen.","He photographs the flowers.",,,,,,,,
verb,rechnen,,,,"","to calculate/do math","Wir rechnen in der Schule.","We do math at school.",,,,,,,,
verb,zählen,,,,"","to count","Kannst du bis zehn zählen?","Can you count to ten?",,,,,,,,
verb,erzählen,,,,"","to tell/narrate","Erzähl mir eine Geschichte.","Tell me a story.",,,,,,,,
verb,bedeuten,,,,"","to mean","Was bedeutet das Wort?","What does that word mean?",,,,,,,,
verb,passieren,,,,"","to happen","Was ist passiert?","What happened?",,,,,,,,
verb,fehlen,,,,"","to be missing/absent","Heute fehlt ein Schüler.","Today one student is absent.",,,,,,,,
verb,schmecken,,,,"","to taste","Das Essen schmeckt gut.","The food tastes good.",,,,,,,,
verb,riechen,,,,"","to smell","Die Blume riecht gut.","The flower smells good.",,,,,,,,
verb,anprobieren,,,,"","to try on (clothes)","Ich probiere die Hose an.","I try on the pants.",,,,,,,,
verb,ausziehen,,,,"","to take off (clothes)","Ich ziehe die Jacke aus.","I take off the jacket.",,,,,,,,
verb,anziehen,,,,"","to put on (clothes)","Ich ziehe mich an.","I get dressed.",,,,,,,,
verb,umziehen,,,,"","to change clothes/move house","Ich ziehe mich um.","I change my clothes.","Wir ziehen nach Berlin um.","We are moving to Berlin.",,,,,
verb,einladen,,,,"","to invite","Ich lade dich zur Party ein.","I invite you to the party.",,,,,,,,
verb,vorstellen,,,,"","to introduce","Ich stelle dich meinem Freund vor.","I introduce you to my friend.",,,,,,,,
verb,kennenlernen,,,,"","to get to know","Ich möchte dich kennenlernen.","I would like to get to know you.",,,,,,,,
verb,verabreden,,,,"","to arrange to meet","Ich verabrede mich mit Freunden.","I arrange to meet friends.",,,,,,,,
verb,abholen,,,,"","to pick up","Ich hole dich vom Bahnhof ab.","I pick you up from the station.",,,,,,,,
verb,begrüßen,,,,"","to greet","Wir begrüßen die Gäste.","We greet the guests.",,,,,,,,
verb,verabschieden,,,,"","to say goodbye","Ich verabschiede mich.","I say goodbye.",,,,,,,,
verb,unterschreiben,,,,"","to sign","Bitte unterschreiben Sie hier.","Please sign here.",,,,,,,,
verb,erklären,,,,"","to explain","Kannst du das erklären?","Can you explain that?",,,,,,,,
verb,wiederholen,,,,"","to repeat","Können Sie das wiederholen?","Can you repeat that?",,,,,,,,
verb,bestellen,,,,"","to order","Ich bestelle einen Kaffee.","I order a coffee.",,,,,,,,
verb,empfehlen,,,,"","to recommend","Was empfiehlst du?","What do you recommend?",,,,,,,,
verb,probieren,,,,"","to try","Ich probiere das Essen.","I try the food.",,,,,,,,
verb,sparen,,,,"","to save","Ich spare Geld für den Urlaub.","I save money for vacation.",,,,,,,,
verb,verdienen,,,,"","to earn","Er verdient viel Geld.","He earns a lot of money.",,,,,,,,
verb,ausgeben,,,,"","to spend (money)","Ich gebe zu viel Geld aus.","I spend too much money.",,,,,,,,
verb,leihen,,,,"","to lend/borrow","Kannst du mir Geld leihen?","Can you lend me money?",",Ich leihe mir ein Buch von der Bibliothek.","I borrow a book from the library.",,,,,
verb,gehören,,,,"","to belong","Wem gehört das Buch?","Who does the book belong to?",",Das Buch gehört mir.","The book belongs to me.",,,,,
verb,feiern,,,,"","to celebrate","Wir feiern Geburtstag.","We celebrate a birthday.",,,,,,,,
adj,fertig,,,,,finished/ready,Ich bin fertig.,I am finished.,Das Essen ist fertig.,The food is ready.,,,,,,
adj,müde,,,,,tired,Ich bin müde.,I am tired.,,,,,,,,
adj,krank,,,,,sick,Er ist krank.,He is sick.,,,,,,,,
adj,gesund,,,,,healthy,Das Essen ist gesund.,The food is healthy.,,,,,,,,
adj,durstig,,,,,thirsty,Ich bin durstig.,I am thirsty.,,,,,,,,
adj,hungrig,,,,,hungry,Die Kinder sind hungrig.,The children are hungry.,,,,,,,,
adj,traurig,,,,,sad,Sie ist traurig.,She is sad.,,,,,,,,
adj,glücklich,,,,,happy,Er ist glücklich.,He is happy.,,,,,,,,
adj,nett,,,,,nice,Der Mann ist nett.,The man is nice.,,,,,,,,
adj,lieb,,,,,kind/dear,Die Oma ist lieb.,The grandma is kind.,,,,,,,,
adj,freundlich,,,,,friendly,Die Verkäuferin ist freundlich.,The saleswoman is friendly.,,,,,,,,
adj,unfreundlich,,,,,unfriendly,Der Chef ist unfreundlich.,The boss is unfriendly.,,,,,,,,
adj,lustig,,,,,funny,Der Film ist lustig.,The movie is funny.,,,,,,,,
adj,langweilig,,,,,boring,Der Unterricht ist langweilig.,The class is boring.,,,,,,,,
adj,interessant,,,,,interesting,Das Buch ist interessant.,The book is interesting.,,,,,,,,
adj,lang,,,,,long,Der Weg ist lang.,The way is long.,,,,,,,,
adj,kurz,,,,,short,Der Rock ist kurz.,The skirt is short.,,,,,,,,
adj,hoch,,,,,high/tall,Der Berg ist hoch.,The mountain is high.,,,,,,,,
adj,niedrig,,,,,low,Der Tisch ist niedrig.,The table is low.,,,,,,,,
adj,breit,,,,,wide,Die Straße ist breit.,The street is wide.,,,,,,,,
adj,eng,,,,,narrow,tDie Hose ist eng.,The pants are tight/narrow.,,,,,,,,
adj,leicht,,,,,light/easy,Die Aufgabe ist leicht.,The task is easy.,,,,,,,,
adj,schwer,,,,,heavy/difficult,Der Koffer ist schwer.,The suitcase is heavy.,,,,,,,,
adj,weich,,,,,soft,Das Kissen ist weich.,The pillow is soft.,,,,,,,,
adj,hart,,,,,hard,Das Brot ist hart.,The bread is hard.,,,,,,,,
adj,scharf,,,,,spicy/sharp,Das Messer ist scharf.,The knife is sharp.,Die Soße ist scharf.,The sauce is spicy.,,,,,,
adj,süß,,,,,sweet,Der Kuchen ist süß.,The cake is sweet.,,,,,,,,
adj,sauer,,,,,sour,Die Zitrone ist sauer.,The lemon is sour.,,,,,,,,
adj,bitter,,,,,bitter,Die Schokolade ist bitter.,The chocolate is bitter.,,,,,,,,
adj,leer,,,,,empty,Die Flasche ist leer.,The bottle is empty.,,,,,,,,
adj,voll,,,,,full,Das Glas ist voll.,The glass is full.,,,,,,,,
adj,offen,,,,,open,Das Fenster ist offen.,The window is open.,,,,,,,,
adj,geschlossen,,,,,closed,Das Geschäft ist geschlossen.,The store is closed.,,,,,,,,
adj,kaputt,,,,,broken,Mein Handy ist kaputt.,My phone is broken.,,,,,,,,
adj,ganz,,,,,whole/all,Das ganze Haus ist sauber.,The whole house is clean.,,,,,,,,
adj,halb,,,,,half,Es ist halb acht.,It is half past seven.,,,,,,,,
adj,letzte,,,,,last,Letzte Woche war ich in Berlin.,Last week I was in Berlin.,,,,,,,,
adj,nächste,,,,,next,Nächste Woche habe ich Zeit.,Next week I have time.,,,,,,,,
adj,dieser/diese/dieses,,,,,this,Dieser Mann ist mein Freund.,This man is my friend.,Diese Frau ist meine Mutter.,This woman is my mother.,Dieses Kind ist klein.,This child is small.,,,,
adj,jener/jene/jenes,,,,,that,Jener Tag war schön.,That day was beautiful.,,,,,,,,
adj,ander,,,,,other,Der andere Schuh ist schwarz.,The other shoe is black.,,,,,,,,
adj,gleich,,,,,same,Wir haben die gleiche Tasche.,We have the same bag.,,,,,,,,
adj,eigen,,,,,own,Das ist mein eigenes Zimmer.,That is my own room.,,,,,,,,
adj,komplett,,,,,complete,Das Set ist komplett.,The set is complete.,,,,,,,,
adj,extra,,,,,extra,Das kostet extra.,That costs extra.,,,,,,,,
adv,heute,,,,,today,Heute ist Montag.,Today is Monday.,,,,,,,,
adv,gestern,,,,,yesterday,Gestern war ich im Kino.,Yesterday I was at the cinema.,,,,,,,,
adv,morgen,,,,,tomorrow,Morgen habe ich frei.,Tomorrow I am free.,,,,,,,,
adv,übermorgen,,,,,the day after tomorrow,Übermorgen ist Donnerstag.,The day after tomorrow is Thursday.,,,,,,,,
adv,jetzt,,,,,now,Jetzt habe ich Zeit.,Now I have time.,,,,,,,,
adv,gleich,,,,,soon/in a moment,Ich komme gleich.,I'll come in a moment.,,,,,,,,
adv,später,,,,,later,Wir sehen uns später.,We'll see each other later.,,,,,,,,
adv,früher,,,,,earlier/in the past,Früher war ich in der Schule.,Earlier I was at school.,,,,,,,,
adv,immer,,,,,always,Er ist immer pünktlich.,He is always on time.,,,,,,,,
adv,nie/niemals,,,,,never,Ich trinke nie Kaffee.,I never drink coffee.,,,,,,,,
adv,oft,,,,,often,Wir gehen oft ins Kino.,We often go to the cinema.,,,,,,,,
adv,manchmal,,,,,sometimes,Manchmal koche ich.,Sometimes I cook.,,,,,,,,
adv,selten,,,,,rarely,Sie kommt selten zu spät.,She rarely comes late.,,,,,,,,
adv,meistens,,,,,mostly,Meistens esse ich zu Hause.,I mostly eat at home.,,,,,,,,
adv,zusammen,,,,,together,Wir lernen zusammen.,We learn together.,,,,,,,,
adv,allein,,,,,alone,Er reist allein.,He travels alone.,,,,,,,,
adv,vielleicht,,,,,maybe,Vielleicht komme ich.,Maybe I'll come.,,,,,,,,
adv,hoffentlich,,,,,hopefully,Hoffentlich regnet es nicht.,Hopefully it doesn't rain.,,,,,,,,
adv,natürlich,,,,,of course,Natürlich helfe ich dir.,Of course I help you.,,,,,,,,
adv,leider,,,,,unfortunately,Leider habe ich keine Zeit.,Unfortunately I have no time.,,,,,,,,
adv,fast,,,,,almost,Ich bin fast fertig.,I am almost finished.,,,,,,,,
adv,besonders,,,,,especially,Das ist besonders schön.,That is especially beautiful.,,,,,,,,
adv,ziemlich,,,,,quite,Das ist ziemlich teuer.,That is quite expensive.,,,,,,,,
adv,sehr,,,,,very,Das ist sehr gut.,That is very good.,,,,,,,,
adv,zu,,,,,too,Das ist zu teuer.,That is too expensive.,,,,,,,,
adv,genug,,,,,enough,Haben wir genug Geld?,Do we have enough money?,,,,,,,
conjunction,weil,,,,,because,Ich lerne Deutsch, weil ich in Berlin lebe.,I learn German because I live in Berlin.,,,,,,,,
conjunction,obwohl,,,,,although,Obwohl es regnet, gehe ich spazieren.,Although it rains, I go for a walk.,,,,,,,,
conjunction,wenn,,,,,if/when,Wenn ich Zeit habe, komme ich.,If I have time, I'll come.,Wenn es regnet, bleibe ich zu Hause.,When it rains, I stay home.,,,,,,
conjunction,als,,,,,when (past),Als ich Kind war, wohnte ich in Köln.,When I was a child, I lived in Cologne.,,,,,,,,
conjunction,dass,,,,,that,Ich weiß, dass du recht hast.,I know that you are right.,,,,,,,,
conjunction,ob,,,,,whether,Ich weiß nicht, ob er kommt.,I don't know whether he is coming.,,,,,,,,
conjunction,bis,,,,,until,Ich warte, bis du kommst.,I wait until you come.,,,,,,,,
conjunction,seit,,,,,since,Seit ich in Berlin wohne, lerne ich Deutsch.,Since I live in Berlin, I learn German.,,,,,,,,
conjunction,bevor,,,,,before,Bevor ich schlafe, lese ich ein Buch.,Before I sleep, I read a book.,,,,,,,,
conjunction,nachdem,,,,,after,Nachdem ich gegessen habe, gehe ich spazieren.,After I have eaten, I go for a walk.,,,,,,,,
noun,Geschwister,die,pl,"Often used in plural",,siblings,Hast du Geschwister?,Do you have siblings?,Ich habe zwei Geschwister.,I have two siblings.,,,,,,
noun,Zwilling,der,m,"Person noun masculine",Zwillinge,twin,Mein Bruder und ich sind Zwillinge.,My brother and I are twins.,,,,,,,,
noun,Enkel,der,m,"Family noun masculine",Enkel,grandson,Mein Enkel ist fünf.,My grandson is five.,,,,,,,,
noun,Enkelin,die,f,"Suffix -in feminine",Enkelinnen,granddaughter,Unsere Enkelin kommt zu Besuch.,Our granddaughter is visiting.,,,,,,,,
noun,Großvater,der,m,"Compound masculine",Großväter,grandfather,Mein Großvater erzählt Geschichten.,My grandfather tells stories.,,,,,,,,
noun,Großmutter,die,f,"Compound feminine",Großmütter,grandmother,Meine Großmutter backt Kuchen.,My grandmother bakes cake.,,,,,,,,
noun,Schwiegersohn,der,m,"Compound masculine",Schwiegersöhne,son-in-law,Unser Schwiegersohn ist Arzt.,Our son-in-law is a doctor.,,,,,,,,
noun,Schwiegertochter,die,f,"Compound feminine",Schwiegertöchter,daughter-in-law,Die Schwiegertochter ist nett.,The daughter-in-law is nice.,,,,,,,,
noun,Schwiegermutter,die,f,"Compound feminine",Schwiegermütter,mother-in-law,Meine Schwiegermutter wohnt in Köln.,My mother-in-law lives in Cologne.,,,,,,,,
noun,Schwiegervater,der,m,"Compound masculine",Schwiegerväter,father-in-law,Der Schwiegervater hilft uns.,The father-in-law helps us.,,,,,,,,
noun,Mathematik,die,f,"School subject feminine",,mathematics,Mathematik ist nicht leicht.,Mathematics is not easy.,Ich habe Mathematik in der Schule.,I have math at school.,,,,,,
noun,Deutsch,die,f,"Language names are feminine",,German (subject),Deutsch ist meine Lieblingssprache.,German is my favorite language.,,,,,,,,
noun,Englisch,die,f,"Language names are feminine",,English,Er spricht Englisch und Deutsch.,He speaks English and German.,,,,,,,,
noun,Französisch,die,f,"Language names are feminine",,French,Französisch klingt schön.,French sounds beautiful.,,,,,,,,
noun,Spanisch,die,f,"Language names are feminine",,Spanish,In Spanien spricht man Spanisch.,In Spain they speak Spanish.,,,,,,,,
noun,Italienisch,die,f,"Language names are feminine",,Italian,Italienisch ist eine romanische Sprache.,Italian is a Romance language.,,,,,,,,
noun,Russisch,die,f,"Language names are feminine",,Russian,Russisch ist schwer zu lernen.,Russian is hard to learn.,,,,,,,,
noun,Chinesisch,die,f,"Language names are feminine",,Chinese,Chinesisch hat viele Zeichen.,Chinese has many characters.,,,,,,,,
noun,Geschichte,die,f,"School subject feminine",,history,Ich mag Geschichte.,I like history.,,,,,,,,
noun,Biologie,die,f,"School subject feminine",,biology,Biologie ist interessant.,Biology is interesting.,,,,,,,,
noun,Chemie,die,f,"School subject feminine",,chemistry,Chemie finde ich schwer.,I find chemistry difficult.,,,,,,,,
noun,Physik,die,f,"School subject feminine",,physics,Physik ist nicht mein Fach.,Physics is not my subject.,,,,,,,,
noun,Kunst,die,f,"School subject feminine",,art,Kunst macht Spaß.,Art is fun.,,,,,,,,
noun,Musik,die,f,"School subject feminine",,music,Musik höre ich gern.,I like listening to music.,,,,,,,,
noun,Sport,der,m,"School subject masculine",,sports,Sport ist gesund.,Sports are healthy.,,,,,,,,
noun,Religion,die,f,"School subject feminine",,religion,Wir haben Religion in der Schule.,We have religion at school.,,,,,,,,
noun,Frühling,der,m,"Seasons are masculine",,spring,Im Frühling blühen die Blumen.,In spring the flowers bloom.,,,,,,,,
noun,Sommer,der,m,"Seasons are masculine",,summer,Der Sommer ist heiß.,Summer is hot.,,,,,,,,
noun,Herbst,der,m,"Seasons are masculine",,autumn/fall,Im Herbst fallen die Blätter.,In autumn the leaves fall.,,,,,,,,
noun,Winter,der,m,"Seasons are masculine",,winter,Der Winter ist kalt.,Winter is cold.,,,,,,,,
noun,Maus,die,f,"Animals are often feminine",Mäuse,mouse,Die Maus ist klein.,The mouse is small.,,,,,,,,
noun,Ente,die,f,"Animals ending -e feminine",Enten,duck,Die Ente schwimmt im See.,The duck swims in the lake.,,,,,,,,
noun,Kuh,die,f,"Farm animals feminine",Kühe,cow,Die Kuh gibt Milch.,The cow gives milk.,,,,,,,,
noun,Schwein,das,n,"Farm animals neuter",Schweine,pig,Das Schwein ist rosa.,The pig is pink.,,,,,,,,
noun,Ziege,die,f,"Farm animals feminine",Ziegen,goat,Die Ziege frisst Gras.,The goat eats grass.,,,,,,,,
noun,Schaf,das,n,"Farm animals neuter",Schafe,sheep,Das Schaf hat Wolle.,The sheep has wool.,,,,,,,,
noun,Esel,der,m,"Farm animals masculine",Esel,donkey,Der Esel ist stur.,The donkey is stubborn.,,,,,,,,
noun,Affe,der,m,"Animals masculine",Affen,monkey,Der Affe isst eine Banane.,The monkey eats a banana.,,,,,,,,
noun,Löwe,der,m,"Animals masculine",Löwen,lion,Der Löwe ist stark.,The lion is strong.,,,,,,,,
noun,Tiger,der,m,"Animals masculine",Tiger,tiger,Der Tiger hat Streifen.,The tiger has stripes.,,,,,,,,
noun,Bär,der,m,"Animals masculine",Bären,bear,Der Bär schläft im Winter.,The bear sleeps in winter.,,,,,,,,
noun,Fuchs,der,m,"Animals masculine",Füchse,fox,Der Fuchs ist schlau.,The fox is clever.,,,,,,,,
noun,Hase,der,m,"Animals masculine",Hasen,hare/rabbit,Der Hase hoppelt.,The rabbit hops.,,,,,,,,
noun,Kaninchen,das,n,"Diminutive -chen neuter",Kaninchen,rabbit (pet),Das Kaninchen frisst Karotten.,The rabbit eats carrots.,,,,,,,,
noun,Nudeln,die,pl,"Often used in plural",,pasta/noodles,Wir essen Nudeln mit Soße.,We eat pasta with sauce.,,,,,,,,
noun,Reis,der,m,"Food masculine",,rice,Der Reis ist weich gekocht.,The rice is cooked soft.,,,,,,,,
noun,Suppe,die,f,"Food feminine",Suppen,soup,Die Suppe ist heiß.,The soup is hot.,,,,,,,,
noun,Soße,die,f,"Food feminine",Soßen,sauce,Die Soße schmeckt gut.,The sauce tastes good.,,,,,,,,
noun,Kuchen,der,m,"Food masculine",Kuchen,cake,Der Kuchen ist süß.,The cake is sweet.,,,,,,,,
noun,Torte,die,f,"Food feminine",Torten,cream cake,Die Torte ist mit Sahne.,The cake is with cream.,,,,,,,,
noun,Eis,das,n,"Food neuter",,ice cream,Das Eis schmeckt nach Schokolade.,The ice cream tastes like chocolate.,,,,,,,,
noun,Pudding,der,m,"Food masculine",Puddinge/Puddings,pudding,Der Pudding ist vanille.,The pudding is vanilla.,,,,,,,,
noun,Joghurt,der/das,m/n,"Gender varies",Joghurts,yogurt,Der Joghurt ist abgelaufen.,The yogurt is expired.,,,,,,,,
noun,Quark,der,m,"Food masculine",,quark/curd cheese,Quark ist gesund.,Quark is healthy.,,,,,,,,
noun,Honig,der,m,"Food masculine",,honey,Der Honig ist von Bienen.,The honey is from bees.,,,,,,,,
noun,Marmelade,die,f,"Food feminine",Marmeladen,jam,Die Marmelade ist Erdbeere.,The jam is strawberry.,,,,,,,,
noun,Nuss,die,f,"Food feminine",Nüsse,nut,Die Nüsse sind im Kuchen.,The nuts are in the cake.,,,,,,,,
noun,Schokolade,die,f,"Food feminine",Schokoladen,chocolate,Die Schokolade ist aus Belgien.,The chocolate is from Belgium.,,,,,,,,
noun,Rücken,der,m,"Body part masculine",Rücken,back,Mein Rücken tut weh.,My back hurts.,,,,,,,,
noun,Bauch,der,m,"Body part masculine",Bäuche,stomach,Ich habe Bauchschmerzen.,I have stomach pain.,,,,,,,,
noun,Hals,der,m,"Body part masculine",Hälse,neck/throat,Mein Hals ist trocken.,My throat is dry.,,,,,,,,
noun,Finger,der,m,"Body part masculine",Finger,finger,Der Ring ist am Finger.,The ring is on the finger.,,,,,,,,
noun,Zeh,der,m,"Body part masculine",Zehen,toe,Der Zeh ist verletzt.,The toe is injured.,,,,,,,,
noun,Knie,das,n,"Body part neuter",Knie,knee,Das Knie tut weh.,The knee hurts.,,,,,,,,
noun,Ellbogen,der,m,"Body part masculine",Ellbogen,elbow,Der Ellbogen ist am Arm.,The elbow is on the arm.,,,,,,,,
noun,Schulter,die,f,"Body part feminine",Schultern,shoulder,Die Schulter ist steif.,The shoulder is stiff.,,,,,,,,
noun,Brust,die,f,"Body part feminine",Brust/ Brüste,chest/breast,Die Brust ist breit.,The chest is broad.,,,,,,,,
noun,Rippe,die,f,"Body part feminine",Rippen,rib,Er hat sich eine Rippe gebrochen.,He broke a rib.,,,,,,,,
noun,Wirbelsäule,die,f,"Body part feminine",Wirbelsäulen,spine,Die Wirbelsäule ist wichtig.,The spine is important.,,,,,,,,
noun,Haut,die,f,"Body part feminine",,skin,Die Haut ist trocken.,The skin is dry.,,,,,,,,
noun,Blut,das,n,"Body substance neuter",,blood,Das Blut ist rot.,Blood is red.,,,,,,,,
noun,Ader,die,f,"Body part feminine",Adern,vein,Die Adern sind blau.,The veins are blue.,,,,,,,,
noun,Verkäufer,der,m,"Profession masculine",Verkäufer,salesperson,Der Verkäufer berät mich.,The salesperson advises me.,,,,,,,,
noun,Verkäuferin,die,f,"Profession feminine",Verkäuferinnen,saleswoman,Die Verkäuferin ist freundlich.,The saleswoman is friendly.,,,,,,,,
noun,Kassierer,der,m,"Profession masculine",Kassierer,cashier,Der Kassierer kassiert das Geld.,The cashier takes the money.,,,,,,,,
noun,Kassiererin,die,f,"Profession feminine",Kassiererinnen,female cashier,Die Kassiererin scannt die Produkte.,The cashier scans the products.,,,,,,,,
noun,Bauer,der,m,"Profession masculine",Bauern,farmer,Der Bauer arbeitet auf dem Feld.,The farmer works in the field.,,,,,,,,
noun,Bäuerin,die,f,"Profession feminine",Bäuerinnen,female farmer,Die Bäuerin füttert die Hühner.,The farmer feeds the chickens.,,,,,,,,
noun,Gärtner,der,m,"Profession masculine",Gärtner,gardener,Der Gärtner pflanzt Blumen.,The gardener plants flowers.,,,,,,,,
noun,Gärtnerin,die,f,"Profession feminine",Gärtnerinnen,female gardener,Die Gärtnerin schneidet die Hecke.,The gardener trims the hedge.,,,,,,,,
noun,Maler,der,m,"Profession masculine",Maler,painter,Der Maler streicht die Wand.,The painter paints the wall.,,,,,,,,
noun,Malerin,die,f,"Profession feminine",Malerinnen,female painter,Die Malerin mischt die Farben.,The painter mixes the colors.,,,,,,,,
noun,Mechaniker,der,m,"Profession masculine",Mechaniker,mechanic,Der Mechaniker repariert das Auto.,The mechanic repairs the car.,,,,,,,,
noun,Mechanikerin,die,f,"Profession feminine",Mechanikerinnen,female mechanic,Die Mechanikerin prüft den Motor.,The mechanic checks the engine.,,,,,,,,
noun,Fahrer,der,m,"Profession masculine",Fahrer,driver,Der Fahrer fährt den Bus.,The driver drives the bus.,,,,,,,,
noun,Fahrerin,die,f,"Profession feminine",Fahrerinnen,female driver,Die Fahrerin hat eine Pause.,The driver has a break.,,,,,,,,
noun,Pilot,der,m,"Profession masculine",Piloten,pilot,Der Pilot fliegt nach New York.,The pilot flies to New York.,,,,,,,,
noun,Pilotin,die,f,"Profession feminine",Pilotinnen,female pilot,Die Pilotin landet das Flugzeug.,The pilot lands the plane.,,,,,,,,
noun,Kellner,der,m,"Profession masculine",Kellner,waiter,Der Kellner bringt das Essen.,The waiter brings the food.,,,,,,,,
noun,Kellnerin,die,f,"Profession feminine",Kellnerinnen,waitress,Die Kellnerin nimmt die Bestellung auf.,The waitress takes the order.,,,,,,,,
noun,Koch,der,m,"Profession masculine",Köche,cook/chef,Der Koch kocht das Mittagessen.,The cook prepares lunch.,,,,,,,,
noun,Köchin,die,f,"Profession feminine",Köchinnen,female cook,Die Köchin backt den Kuchen.,The cook bakes the cake.,,,,,,,,
noun,Bäcker,der,m,"Profession masculine",Bäcker,baker,Der Bäcker backt Brötchen.,The baker bakes bread rolls.,,,,,,,,
noun,Bäckerin,die,f,"Profession feminine",Bäckerinnen,female baker,Die Bäckerin verkauft Brot.,The baker sells bread.,,,,,,,,
noun,Friseur,der,m,"Profession masculine",Friseure,hairdresser,Der Friseur schneidet Haare.,The hairdresser cuts hair.,,,,,,,,
noun,Friseurin,die,f,"Profession feminine",Friseurinnen,female hairdresser,Die Friseurin wäscht die Haare.,The hairdresser washes hair.,,,,,,,,
noun,Polizist,der,m,"Profession masculine",Polizisten,police officer,Der Polizist regelt den Verkehr.,The police officer directs traffic.,,,,,,,,
noun,Polizistin,die,f,"Profession feminine",Polizistinnen,female police officer,Die Polizistin fragt nach dem Ausweis.,The police officer asks for ID.,,,,,,,,
noun,Feuerwehrmann,der,m,"Profession masculine",Feuerwehrmänner,firefighter,Der Feuerwehrmann löscht das Feuer.,The firefighter extinguishes the fire.,,,,,,,,
noun,Feuerwehrfrau,die,f,"Profession feminine",Feuerwehrfrauen,female firefighter,Die Feuerwehrfrau rettet die Katze.,The firefighter rescues the cat.,,,,,,,,
noun,Richter,der,m,"Profession masculine",Richter,judge,Der Richter spricht das Urteil.,The judge pronounces the verdict.,,,,,,,,
noun,Richterin,die,f,"Profession feminine",Richterinnen,female judge,Die Richterin erklärt das Gesetz.,The judge explains the law.,,,,,,,,
noun,Anwalt,der,m,"Profession masculine",Anwälte,lawyer,Der Anwalt verteidigt den Klienten.,The lawyer defends the client.,,,,,,,,
noun,Anwältin,die,f,"Profession feminine",Anwältinnen,female lawyer,Die Anwältin schreibt einen Brief.,The lawyer writes a letter.,,,,,,,,
noun,Journalist,der,m,"Profession masculine",Journalisten,journalist,Der Journalist recherchiert.,The journalist researches.,,,,,,,,
noun,Journalistin,die,f,"Profession feminine",Journalistinnen,female journalist,Die Journalistin interviewt den Star.,The journalist interviews the star.,,,,,,,,
noun,Fotograf,der,m,"Profession masculine",Fotografen,photographer,Der Fotograf macht Fotos.,The photographer takes photos.,,,,,,,,
noun,Fotografin,die,f,"Profession feminine",Fotografinnen,female photographer,Die Fotografin bearbeitet die Bilder.,The photographer edits the images.,,,,,,,,
noun,Künstler,der,m,"Profession masculine",Künstler,artist,Der Künstler malt ein Bild.,The artist paints a picture.,,,,,,,,
noun,Künstlerin,die,f,"Profession feminine",Künstlerinnen,female artist,Die Künstlerin stellt aus.,The artist exhibits.,,,,,,,,
noun,Schriftsteller,der,m,"Profession masculine",Schriftsteller,writer,Der Schriftsteller schreibt Romane.,The writer writes novels.,,,,,,,,
noun,Schriftstellerin,die,f,"Profession feminine",Schriftstellerinnen,female writer,Die Schriftstellerin liest aus ihrem Buch.,The writer reads from her book.,,,,,,,,
noun,Musiker,der,m,"Profession masculine",Musiker,musician,Der Musiker spielt Gitarre.,The musician plays guitar.,,,,,,,,
noun,Musikerin,die,f,"Profession feminine",Musikerinnen,female musician,Die Musikerin singt ein Lied.,The musician sings a song.,,,,,,,,
noun,Arbeiter,der,m,"Profession masculine",Arbeiter,worker,Der Arbeiter ist in der Fabrik.,The worker is in the factory.,,,,,,,,
noun,Arbeiterin,die,f,"Profession feminine",Arbeiterinnen,female worker,Die Arbeiterin macht Pause.,The worker takes a break.,,,,,,,,
noun,Angestellte,der/die,m/f,"Nominalized adjective",Angestellten,employee,Der Angestellte arbeitet im Büro.,The employee works in the office.,,,,,,,,
noun,Beamte,der,m,"Nominalized adjective",Beamten,civil servant,Der Beamte bearbeitet den Antrag.,The civil servant processes the application.,,,,,,,,
noun,Beamtin,die,f,"Feminine form",Beamtinnen,female civil servant,Die Beamtin stempelt das Dokument.,The civil servant stamps the document.,,,,,,,,
noun,Rentner,der,m,"Profession masculine",Rentner,pensioner/retiree,Der Rentner geht spazieren.,The retiree goes for a walk.,,,,,,,,
noun,Rentnerin,die,f,"Profession feminine",Rentnerinnen,female pensioner,Die Rentnerin liest Zeitung.,The retiree reads the newspaper.,,,,,,,,
noun,Student,der,m,"Profession masculine",Studenten,university student,Der Student lernt für die Prüfung.,The student studies for the exam.,,,,,,,,
noun,Studentin,die,f,"Profession feminine",Studentinnen,female student,Die Studentin besucht die Vorlesung.,The student attends the lecture.,,,,,,,,
noun,Schüler,der,m,"Profession masculine",Schüler,pupil/student,Der Schüler macht Hausaufgaben.,The pupil does homework.,,,,,,,,
noun,Schülerin,die,f,"Profession feminine",Schülerinnen,female pupil,Die Schülerin schreibt einen Test.,The pupil writes a test.,,,,,,,,
noun,Auszubildende,der/die,m/f,"Nominalized adjective",Auszubildenden,trainee/apprentice,Der Auszubildende lernt den Beruf.,The trainee learns the profession.,,,,,,,,
noun,Praktikant,der,m,"Profession masculine",Praktikanten,intern,Der Praktikant hilft im Büro.,The intern helps in the office.,,,,,,,,
noun,Praktikantin,die,f,"Profession feminine",Praktikantinnen,female intern,Die Praktikantin macht Kaffee.,The intern makes coffee.,,,,,,,,
noun,Laptop,der,m,"Technology masculine",Laptops,laptop,Der Laptop ist neu.,The laptop is new.,,,,,,,,
noun,Tablet,das,n,"Technology neuter",Tablets,tablet,Das Tablet hat einen Touchscreen.,The tablet has a touchscreen.,,,,,,,,
noun,Kopfhörer,der,m,"Technology masculine",Kopfhörer,headphones,Der Kopfhörer ist kabellos.,The headphones are wireless.,,,,,,,,
noun,Lautsprecher,der,m,"Technology masculine",Lautsprecher,speaker,Der Lautsprecher ist laut.,The speaker is loud.,,,,,,,,
noun,Maus,die,f,"Technology feminine",Mäuse,computer mouse,Die Maus ist optisch.,The mouse is optical.,,,,,,,,
noun,Tastatur,die,f,"Technology feminine",Tastaturen,keyboard,Die Tastatur ist kabellos.,The keyboard is wireless.,,,,,,,,
noun,Bildschirm,der,m,"Technology masculine",Bildschirme,screen/monitor,Der Bildschirm ist groß.,The screen is big.,,,,,,,,
noun,USB-Stick,der,m,"Technology masculine",USB-Sticks,USB flash drive,Der USB-Stick hat 16 Gigabyte.,The USB stick has 16 gigabytes.,,,,,,,,
noun,App,die,f,"Technology feminine",Apps,app,Die App ist kostenlos.,The app is free.,,,,,,,,
noun,Internet,das,n,"Technology neuter",,internet,Das Internet ist langsam.,The internet is slow.,,,,,,,,
noun,Netzwerk,das,n,"Technology neuter",Netzwerke,network,Das Netzwerk ist sicher.,The network is secure.,,,,,,,,
noun,E-Mail-Adresse,die,f,"Compound feminine",E-Mail-Adressen,email address,Meine E-Mail-Adresse ist name@mail.de.,My email address is name@mail.de.,,,,,,,,
noun,Benutzername,der,m,"Compound masculine",Benutzernamen,username,Der Benutzername ist falsch.,The username is incorrect.,,,,,,,,
noun,Startseite,die,f,"Compound feminine",Startseiten,homepage,Die Startseite lädt langsam.,The homepage loads slowly.,,,,,,,,
noun,Suchmaschine,die,f,"Compound feminine",Suchmaschinen,search engine,Google ist eine Suchmaschine.,Google is a search engine.,,,,,,,,
noun,Link,der,m,"Technology masculine",Links,link,Der Link funktioniert nicht.,The link doesn't work.,,,,,,,,
noun,Download,der,m,"Technology masculine",Downloads,download,Der Download ist fertig.,The download is finished.,,,,,,,,
noun,Upload,der,m,"Technology masculine",Uploads,upload,Der Upload dauert lange.,The upload takes a long time.,,,,,,,,
noun,Holz,das,n,"Material neuter",,wood,Der Tisch ist aus Holz.,The table is made of wood.,,,,,,,,
noun,Metall,das,n,"Material neuter",,metal,Die Tür ist aus Metall.,The door is made of metal.,,,,,,,,
noun,Plastik,das,n,"Material neuter",,plastic,Die Flasche ist aus Plastik.,The bottle is made of plastic.,,,,,,,,
noun,Glas,das,n,"Material neuter",,glass,Das Fenster ist aus Glas.,The window is made of glass.,,,,,,,,
noun,Papier,das,n,"Material neuter",,paper,Das Blatt ist aus Papier.,The sheet is made of paper.,,,,,,,,
noun,Pappe,die,f,"Material feminine",,cardboard,Der Karton ist aus Pappe.,The box is made of cardboard.,,,,,,,,
noun,Stein,der,m,"Material masculine",Stones,stone,Die Mauer ist aus Stein.,The wall is made of stone.,,,,,,,,
noun,Beton,der,m,"Material masculine",,concrete,Das Haus ist aus Beton.,The house is made of concrete.,,,,,,,,
noun,Gummi,der/das,m/n,"Material variable",,rubber,Die Sohle ist aus Gummi.,The sole is made of rubber.,,,,,,,,
noun,Leder,das,n,"Material neuter",,leather,Die Schuhe sind aus Leder.,The shoes are made of leather.,,,,,,,,
noun,Wolle,die,f,"Material feminine",,wool,Der Pullover ist aus Wolle.,The sweater is made of wool.,,,,,,,,
noun,Baumwolle,die,f,"Material feminine",,cotton,Das T-Shirt ist aus Baumwolle.,The T-shirt is made of cotton.,,,,,,,,
noun,Seide,die,f,"Material feminine",,silk,Das Kleid ist aus Seide.,The dress is made of silk.,,,,,,,,
noun,Samt,der,m,"Material masculine",,velvet,Der Vorhang ist aus Samt.,The curtain is made of velvet.,,,,,,,,
noun,Glück,das,n,"Abstract noun neuter",,luck,happiness,Glück ist, wenn man zufrieden ist.,Happiness is when you are content.,,,,,,,,
noun,Pech,das,n,"Abstract noun neuter",,bad luck,Ich hatte Pech im Spiel.,I had bad luck in the game.,,,,,,,,
noun,Ruhe,die,f,"Abstract noun feminine",,quiet,calm,Die Ruhe vor dem Sturm.,The calm before the storm.,,,,,,,,
noun,Lärm,der,m,"Abstract noun masculine",,noise,Der Lärm von der Straße stört.,The noise from the street disturbs.,,,,,,,,
noun,Ordnung,die,f,"Abstract noun feminine",,order,Alles ist in Ordnung.,Everything is in order.,,,,,,,,
noun,Unordnung,die,f,"Abstract noun feminine",,disorder,Unordnung macht mich nervös.,Disorder makes me nervous.,,,,,,,,
noun,Freiheit,die,f,"Abstract noun feminine",,freedom,Freiheit ist wichtig.,Freedom is important.,,,,,,,,
noun,Gleichheit,die,f,"Abstract noun feminine",,equality,Alle Menschen sind gleich.,All people are equal.,,,,,,,,
noun,Gerechtigkeit,die,f,"Abstract noun feminine",,justice,Das ist eine Frage der Gerechtigkeit.,That's a question of justice.,,,,,,,,
noun,Wahrheit,die,f,"Abstract noun feminine",,truth,Die Wahrheit ist manchmal hart.,The truth is sometimes hard.,,,,,,,,
noun,Lüge,die,f,"Abstract noun feminine",Lügen,lie,Das ist eine Lüge.,That's a lie.,,,,,,,,
noun,Idee,die,f,"Abstract noun feminine",Ideen,idea,Ich habe eine Idee.,I have an idea.,,,,,,,,
noun,Gedanke,der,m,"Abstract noun masculine",Gedanken,thought,Der Gedanke ist interessant.,The thought is interesting.,,,,,,,,
noun,Gefühl,das,n,"Abstract noun neuter",Gefühle,feeling,Gefühle kann man nicht immer kontrollieren.,You can't always control feelings.,,,,,,,,
noun,Erfahrung,die,f,"Abstract noun feminine",Erfahrungen,experience,Das war eine gute Erfahrung.,That was a good experience.,,,,,,,,
noun,Geheimnis,das,n,"Abstract noun neuter",Geheimnisse,secret,Das ist mein Geheimnis.,That's my secret.,,,,,,,,
noun,Überraschung,die,f,"Abstract noun feminine",Überraschungen,surprise,Was für eine Überraschung!,What a surprise!,,,,,,,,
adj,hell,,,,,bright,Das Zimmer ist hell.,The room is bright.,,,,,,,,
adj,dunkel,,,,,dark,Es ist schon dunkel draußen.,It's already dark outside.,,,,,,,,
adj,dick,,,,,thick/fat,Das Buch ist dick.,The book is thick.,,,,,,,,
adj,dünn,,,,,thin,Die Scheibe ist dünn.,The slice is thin.,,,,,,,,
adj,stark,,,,,strong,Er ist stark.,He is strong.,,,,,,,,
adj,schwach,,,,,weak,Sie fühlt sich schwach.,She feels weak.,,,,,,,,
adj,richtig,,,,,correct,Das ist die richtige Antwort.,That is the correct answer.,,,,,,,,
adj,falsch,,,,,wrong,Das war falsch.,That was wrong.,,,,,,,,
adj,ehrlich,,,,,honest,Sei ehrlich zu mir!,Be honest with me!,,,,,,,,
adj,gemein,,,,,mean,Das war gemein.,That was mean.,,,,,,,,
adj,faul,,,,,lazy,Er ist faul und arbeitet nicht.,He is lazy and doesn't work.,,,,,,,,
adj,fleißig,,,,,diligent,Sie ist sehr fleißig.,She is very diligent.,,,,,,,,
adj,neugierig,,,,,curious,Neugierige Kinder fragen viel.,Curious children ask a lot.,,,,,,,,
adj,vorsichtig,,,,,careful,Sei vorsichtig auf der Straße!,Be careful on the street!,,,,,,,,
adj,gefährlich,,,,,dangerous,Das ist gefährlich.,That is dangerous.,,,,,,,,
adj,sicher,,,,,safe/certain,Bist du dir sicher?,Are you certain?,,,,,,,,
adj,unsicher,,,,,unsure,Ich bin mir unsicher.,I am unsure.,,,,,,,,
adj,verschieden,,,,,different,Wir sind verschieden.,We are different.,,,,,,,,
adj,gleich,,,,,same,Wir sind gleich alt.,We are the same age.,,,,,,,,
verb,wünschen,,,,,to wish,Ich wünsche dir viel Glück.,I wish you good luck.,Was wünschst du dir zum Geburtstag?,What do you wish for your birthday?,,,,,,
verb,sammeln,,,,,to collect,Sie sammelt Briefmarken.,She collects stamps.,,,,,,,,
verb,backen,,,,,to bake,Er backt einen Kuchen.,He bakes a cake.,,,,,,,,
verb,braten,,,,,to fry/roast,Die Mutter brät Fisch.,The mother fries fish.,,,,,,,,
verb,grillen,,,,,to grill,Im Sommer grillen wir gern.,In summer we like to grill.,,,,,,,,
verb,einpacken,,,,,to wrap/to pack,Ich packe das Geschenk ein.,I wrap the gift.,,,,,,,,
verb,auspacken,,,,,to unpack,Wir packen die Koffer aus.,We unpack the suitcases.,,,,,,,,
verb,aufräumen,,,,,to tidy up,Räum dein Zimmer auf!,Tidy up your room!,,,,,,,,
verb,wegwerfen,,,,,to throw away,Bitte wirf den Müll weg.,Please throw away the trash.,,,,,,,,
verb,aufhängen,,,,,to hang up,Ich hänge das Bild auf.,I hang up the picture.,,,,,,,,
verb,abnehmen,,,,,to take off/remove,Er nimmt den Hut ab.,He takes off his hat.,,,,,,,,
verb,zunehmen,,,,,to increase/gain weight,Im Winter nehme ich oft zu.,In winter I often gain weight.,,,,,,,,
verb,abnehmen,,,,,to lose weight,Du hast abgenommen.,You have lost weight.,,,,,,,,
verb,passen,,,,,to fit,Die Hose passt gut.,The pants fit well.,,,,,,,,
verb,stehen (Kleidung),,,,,,to suit,Dieses Kleid steht dir.,This dress suits you.,,,,,,,,
verb,gefallen,,,,,to please,Das Bild gefällt mir.,The picture pleases me/I like the picture.,,,,,,,,
verb,fehlen,,,,,to be missing,Du fehlst mir.,I miss you.,,,,,,,,
verb,vermuten,,,,,to assume/suspect,Ich vermute, dass er kommt.,I assume that he is coming.,,,,,,,,
verb,bezweifeln,,,,,to doubt,Ich bezweifle das.,I doubt that.,,,,,,,,
verb,zustimmen,,,,,to agree,Stimmst du mir zu?,Do you agree with me?,,,,,,,,
verb,ablehnen,,,,,to reject,Er lehnt den Vorschlag ab.,He rejects the proposal.,,,,,,,,
verb,anbieten,,,,,to offer,Kann ich dir Hilfe anbieten?,Can I offer you help?,,,,,,,,
verb,annehmen,,,,,to accept,Er nimmt die Einladung an.,He accepts the invitation.,,,,,,,,
verb,teilnehmen,,,,,to participate,Wir nehmen an dem Kurs teil.,We participate in the course.,,,,,,,,
verb,stattfinden,,,,,to take place,Das Konzert findet morgen statt.,The concert takes place tomorrow.,,,,,,,,
verb,aufpassen,,,,,to pay attention,Pass im Unterricht auf!,Pay attention in class!,,,,,,,,
verb,mitbringen,,,,,to bring along,Kannst du etwas zu essen mitbringen?,Can you bring something to eat?,,,,,,,,
verb,mitnehmen,,,,,to take along,Ich nehme meinen Regenschirm mit.,I take my umbrella along.,,,,,,,,
verb,wegbringen,,,,,to take away,Kannst du den Müll wegbringen?,Can you take away the trash?,,,,,,,,
verb,abgeben,,,,,to hand in,Ich gebe die Hausaufgaben ab.,I hand in the homework.,,,,,,,,
verb,abstellen,,,,,to park/put down,Stell das Auto bitte ab.,Please park the car.,,,,,,,,
verb,einstecken,,,,,to put in,Er steckt den Schlüssel ein.,He puts in the key.,,,,,,,,
verb,ausstecken,,,,,to unplug,Steck den Stecker aus!,Unplug the plug!,,,,,,,,
conjunction,während,,,,,while,Während ich koche, hört er Musik.,While I cook, he listens to music.,,,,,,,,
conjunction,solange,,,,,as long as,Solange du hier bist, bin ich glücklich.,As long as you are here, I am happy.,,,,,,,,
conjunction,sobald,,,,,as soon as,Ruf mich an, sobald du ankommst.,Call me as soon as you arrive.,,,,,,,,
conjunction,soweit,,,,,as far as,Soweit ich weiß, ist er krank.,As far as I know, he is sick.,,,,,,,,
conjunction,falls,,,,,in case,Nimm den Schirm mit, falls es regnet.,Take the umbrella in case it rains.,,,,,,,,
preposition,zwischen,,,,"Location: between","zwischen dem Haus und der Straße","between the house and the street",Das Buch liegt zwischen den Büchern.,The book lies between the books.,,,,,,,
preposition,hinter,,,,"behind","hinter dem Haus","behind the house",Er versteckt sich hinter der Tür.,He hides behind the door.,,,,,,,
preposition,vor,,,,"in front of","vor dem Kino","in front of the cinema",Wir treffen uns vor dem Bahnhof.,We meet in front of the station.,,,,,,,
preposition,über,,,,"above/over","über dem Tisch","above the table",Das Bild hängt über dem Sofa.,The picture hangs above the sofa.,,,,,,,
preposition,unter,,,,"under","unter dem Bett","under the bed",Die Katze ist unter dem Tisch.,The cat is under the table.,,,,,,,
preposition,neben,,,,"next to","neben dem Haus","next to the house",Die Schule ist neben der Kirche.,The school is next to the church.,,,,,,,
preposition,gegenüber,,,,"opposite","gegenüber dem Bahnhof","opposite the station",Das Hotel liegt gegenüber dem Park.,The hotel is opposite the park.,,,,,,,
preposition,entlang,,,,"along","den Fluss entlang","along the river",Wir gehen die Straße entlang.,We walk along the street.,,,,,,,
preposition,durch,,,,"through","durch den Park","through the park",Wir fahren durch die Stadt.,We drive through the city.,,,,,,,
preposition,um,,,,"around","um die Ecke","around the corner",Sie geht um den Block.,She walks around the block.,,,,,,,
phrase,Guten Rutsch!,,,,,Happy New Year!,Guten Rutsch ins neue Jahr!,Happy New Year!,,,,,,,,
phrase,Frohe Weihnachten!,,,,,Merry Christmas!,Frohe Weihnachten und ein glückliches neues Jahr!,Merry Christmas and a happy new year!,,,,,,,,
phrase,Frohe Ostern!,,,,,Happy Easter!,Frohe Ostern!,Happy Easter!,,,,,,,,
phrase,Herzlichen Glückwunsch!,,,,,Congratulations!,Herzlichen Glückwunsch zum Geburtstag!,Happy birthday!,,,,,,,,
phrase,Viel Erfolg!,,,,,Good luck!,Viel Erfolg bei der Prüfung!,Good luck on the exam!,,,,,,,,
phrase,Gute Besserung!,,,,,Get well soon!,Gute Besserung!,Get well soon!,,,,,,,,
phrase,Alles Gute!,,,,,All the best!,Alles Gute zum Geburtstag!,Happy birthday!,,,,,,,,
phrase,Macht nichts!,,,,,Never mind!,Macht nichts, das passiert.,Never mind, that happens.,,,,,,,,
phrase,Kein Problem!,,,,,No problem!,Kein Problem, ich helfe dir.,No problem, I'll help you.,,,,,,,,
phrase,Das macht nichts!,,,,,That doesn't matter!,Das macht nichts.,That doesn't matter.,,,,,,,,
phrase,Schade!,,,,,What a pity!,Schade, dass du nicht kommen kannst.,Too bad you can't come.,,,,,,,,
phrase,Na ja!,,,,,Well well!,Na ja, das ist okay.,Well, that's okay.,,,,,,,,
phrase,Genau!,,,,,Exactly!,Genau das meine ich.,Exactly what I mean.,,,,,,,,
phrase,Stimmt!,,,,,That's right!,Stimmt, du hast recht.,That's right, you are correct.,,,,,,,,
phrase,Quatsch!,,,,,Nonsense!,Quatsch, das glaube ich nicht.,Nonsense, I don't believe that.,,,,,,,,
phrase,Unsinn!,,,,,Nonsense!,Das ist doch Unsinn!,That's nonsense!,,,,,,,,
phrase,Ach so!,,,,,Oh I see!,Ach so, jetzt verstehe ich.,Oh I see, now I understand.,,,,,,,,
phrase,Na klar!,,,,,Of course!,Na klar, das mache ich.,Of course, I'll do that.,,,,,,,,
phrase,Aber sicher!,,,,,But certainly!,Aber sicher kannst du kommen.,But certainly you can come.,,,,,,,,
phrase,Keine Ahnung!,,,,,No idea!,Keine Ahnung, frag mich nicht.,No idea, don't ask me.,,,,,,,,
phrase,Weiß nicht!,,,,,Don't know!,Weiß nicht, vielleicht morgen.,Don't know, maybe tomorrow.,,,,,,,,
phrase,Jein!,,,,,Yes and no!,Jein, es ist kompliziert.,Yes and no, it's complicated.,,,,,,,,
phrase,Vielleicht später!,,,,,Maybe later!,Vielleicht später, jetzt habe ich keine Zeit.,Maybe later, now I have no time.,,,,,,,,
phrase,Bis bald!,,,,,See you soon!,Bis bald!,See you soon!,,,,,,,,
phrase,Bis später!,,,,,See you later!,Bis später!,See you later!,,,,,,,,
phrase,Bis dann!,,,,,See you then!,Bis dann!,See you then!,,,,,,,,
phrase,Bis morgen!,,,,,See you tomorrow!,Bis morgen!,See you tomorrow!,,,,,,,,
phrase,Bis Montag!,,,,,See you Monday!,Bis Montag!,See you Monday!,,,,,,,,
phrase,Bis zum nächsten Mal!,,,,,Until next time!,Bis zum nächsten Mal!,Until next time!,,,,,,,,
phrase,Auf Wiedersehen!,,,,,Goodbye!,Auf Wiedersehen!,Goodbye!,,,,,,,,
phrase,Tschüss!,,,,,Bye!,Tschüss, bis morgen!,Bye, see you tomorrow!,,,,,,,,
phrase,Ciao!,,,,,Bye!,Ciao, wir sehen uns!,Bye, see you!,,,,,,,,
phrase, Servus!,,,,,Bye! (Southern),Servus!,Bye!,,,,,,,,
noun,Abendbrot,das,n,"Compound neuter",Abendbrote,supper/evening meal,Wir essen um 18 Uhr Abendbrot.,We have supper at 6 p.m.,,,,,,,,
noun,Ampel,die,f,"Nouns ending -el can be feminine",Ampeln,traffic light,Die Ampel ist rot.,The traffic light is red.,,,,,,,,
noun,Angebot,das,n,"Prefix An- often neuter",Angebote,offer/special offer,Das ist ein gutes Angebot.,That's a good offer.,Heute gibt es Milch im Angebot.,Milk is on special offer today.,,,,,,
noun,Angst,die,f,"Abstract noun feminine",Ängste,fear/anxiety,Ich habe Angst vor Spinnen.,I am afraid of spiders.,,,,,,,,
noun,Anruf,der,m,"Prefix An- often masculine",Anrufe,phone call,Ich habe einen Anruf bekommen.,I received a phone call.,,,,,,,,
noun,Anschrift,die,f,"Prefix An- feminine",Anschriften,postal address,Bitte geben Sie Ihre Anschrift an.,Please provide your postal address.,,,,,,,,
noun,Anzug,der,m,"Prefix An- masculine",Anzüge,suit,Er trägt einen blauen Anzug.,He is wearing a blue suit.,,,,,,,,
noun,Aschenbecher,der,m,"Compound masculine",Aschenbecher,ashtray,Der Aschenbecher ist voll.,The ashtray is full.,,,,,,,,
noun,Atem,der,m,"Abstract masculine",,breath,Tief einatmen und den Atem halten.,Breathe in deeply and hold your breath.,,,,,,,,
noun,Aufenthalt,der,m,"Prefix Auf- masculine",Aufenthalte,stay,Mein Aufenthalt in Berlin war schön.,My stay in Berlin was nice.,,,,,,,,
noun,Aufschnitt,der,m,"Prefix Auf- masculine",,sliced cold meats,Wir haben Aufschnitt für das Abendbrot.,We have cold cuts for supper.,,,,,,,,
noun,Ausgang,der,m,"Prefix Aus- masculine",Ausgänge,exit,Wo ist der Ausgang?,Where is the exit?,,,,,,,,
noun,Ausland,das,n,"Prefix Aus- neuter",,foreign countries,Ich lebe im Ausland.,I live abroad.,,,,,,,,
noun,Ausweis,der,m,"Prefix Aus- masculine",Ausweise,ID card,Zeigen Sie bitte Ihren Ausweis.,Please show your ID.,,,,,,,,
noun,Badeanzug,der,m,"Compound masculine",Badeanzüge,swimsuit,Sie trägt einen roten Badeanzug.,She wears a red swimsuit.,,,,,,,,
noun,Badehose,die,f,"Compound feminine",Badehosen,swimming trunks,Er hat eine neue Badehose.,He has new swimming trunks.,,,,,,,,
noun,Badetuch,das,n,"Compound neuter",Badetücher,bath towel,Das Badetuch ist noch nass.,The bath towel is still wet.,,,,,,,,
noun,Balkon,der,m,"Loanword masculine",Balkone,balcony,Wir sitzen auf dem Balkon.,We are sitting on the balcony.,,,,,,,,
noun,Baseballkappe,die,f,"Compound feminine",Baseballkappen,baseball cap,Er trägt eine Baseballkappe.,He wears a baseball cap.,,,,,,,,
noun,Batterie,die,f,"Loanword feminine",Batterien,battery,Die Batterie ist leer.,The battery is empty.,,,,,,,,
noun,Becher,der,m,"Nouns ending -er masculine",Becher,cup/tumbler,Der Becher ist aus Plastik.,The cup is made of plastic.,,,,,,,,
noun,Behörde,die,f,"Abstract noun feminine",Behörden,authority/office,Ich muss zur Behörde.,I have to go to the authorities.,,,,,,,,
noun,Beifahrer,der,m,"Prefix Bei- masculine",Beifahrer,front passenger,Der Beifahrer schläft.,The front passenger is sleeping.,,,,,,,,
noun,Beifahrerin,die,f,"Prefix Bei- feminine",Beifahrerinnen,front passenger (female),Die Beifahrerin liest eine Karte.,The passenger reads a map.,,,,,,,,
noun,Beispiel,das,n,"Prefix Bei- neuter",Beispiele,example,Zum Beispiel (z.B.) mag ich Pizza.,For example, I like pizza.,,,,,,,,
noun,Beitrag,der,m,"Prefix Bei- masculine",Beiträge,contribution/fee,Der Beitrag für den Verein ist niedrig.,The membership fee is low.,,,,,,,,
noun,Bekannte,der/die,m/f,"Nominalized adjective",Bekannten,acquaintance,Das ist ein Bekannter von mir.,That's an acquaintance of mine.,,,,,,,,
noun,Benzin,das,n,"Loanword neuter",,gas/petrol,Das Benzin ist teuer.,Gas is expensive.,,,,,,,,
noun,Bergsteiger,der,m,"Compound masculine",Bergsteiger,mountaineer,Der Bergsteiger erreicht den Gipfel.,The mountaineer reaches the summit.,,,,,,,,
noun,Bergsteigerin,die,f,"Compound feminine",Bergsteigerinnen,female mountaineer,Die Bergsteigerin ist erfahren.,The mountaineer is experienced.,,,,,,,,
noun,Bescheid,der,m,"Prefix Be- masculine",Bescheide,notice/information,Sag mir Bescheid!,Let me know!,,,,,,,,
noun,Besitz,der,m,"Prefix Be- masculine",,possession,Das ist in meinem Besitz.,That is in my possession.,,,,,,,,
noun,Besitzer,der,m,"Prefix Be- masculine",Besitzer,owner,Der Besitzer des Autos ist jung.,The owner of the car is young.,,,,,,,,
noun,Besitzerin,die,f,"Prefix Be- feminine",Besitzerinnen,female owner,Die Besitzerin der Wohnung ist nett.,The apartment owner is nice.,,,,,,,,
noun,Besteck,das,n,"Prefix Be- neuter",,cutlery,Das Besteck liegt auf dem Tisch.,The cutlery is on the table.,,,,,,,,
noun,Betrag,der,m,"Prefix Be- masculine",Beträge,amount,Der Betrag ist zu hoch.,The amount is too high.,,,,,,,,
noun,Betreff,der,m,"Prefix Be- masculine",Betreffe,subject (email),Der Betreff der E-Mail fehlt.,The subject of the email is missing.,,,,,,,,
noun,Bettlaken,das,n,"Compound neuter",Bettlaken,bed sheet,Das Bettlaken ist frisch gewaschen.,The bed sheet is freshly washed.,,,,,,,,
noun,Beule,die,f,"Nouns ending -e feminine",Beulen,dent/bump,Das Auto hat eine Beule.,The car has a dent.,,,,,,,,
noun,Beweis,der,m,"Prefix Be- masculine",Beweise,proof,Das ist der Beweis.,That is the proof.,,,,,,,,
noun,Bewohner,der,m,"Prefix Be- masculine",Bewohner,resident,Die Bewohner des Hauses sind laut.,The residents of the house are loud.,,,,,,,,
noun,Bewohnerin,die,f,"Prefix Be- feminine",Bewohnerinnen,female resident,Die Bewohnerin beschwert sich.,The resident complains.,,,,,,,,
noun,Beziehung,die,f,"Prefix Be- feminine",Beziehungen,relationship,Wir haben eine gute Beziehung.,We have a good relationship.,,,,,,,,
noun,Bierflasche,die,f,"Compound feminine",Bierflaschen,beer bottle,Die Bierflasche ist leer.,The beer bottle is empty.,,,,,,,,
noun,Bierglas,das,n,"Compound neuter",Biergläser,beer glass,Das Bierglas ist kalt.,The beer glass is cold.,,,,,,,,
noun,Bildung,die,f,"Suffix -ung feminine",,education,Bildung ist wichtig.,Education is important.,,,,,,,,
noun,Birne,die,f,"Nouns ending -e feminine",Birnen,pear/light bulb,Die Birne schmeckt süß.,The pear tastes sweet.,Die Birne ist kaputt.,The light bulb is broken.,,,,,,
noun,Biss,der,m,"Short noun masculine",Bisse,bite,Der Hund hat einen Biss.,The dog has a bite.,,,,,,,,
noun,Blatt,das,n,"Short noun neuter",Blätter,leaf/sheet of paper,Das Blatt ist grün.,The leaf is green.,Ein Blatt Papier, bitte.,A sheet of paper, please.,,,,,,
noun,Blick,der,m,"Short noun masculine",Blicke,view/look,Der Blick aus dem Fenster ist schön.,The view from the window is beautiful.,,,,,,,,
noun,Blitz,der,m,"Short noun masculine",Blitze,lightning,Der Blitz hat eingeschlagen.,Lightning struck.,,,,,,,,
noun,Blutdruck,der,m,"Compound masculine",,blood pressure,Mein Blutdruck ist normal.,My blood pressure is normal.,,,,,,,,
noun,Bohrer,der,m,"Nouns ending -er masculine",Bohrer,drill,Der Bohrer ist elektrisch.,The drill is electric.,,,,,,,,
noun,Bowle,die,f,"Loanword feminine",Bowlen,punch (drink),Die Bowle schmeckt nach Obst.,The punch tastes like fruit.,,,,,,,,
noun,Brand,der,m,"Short noun masculine",Brände,fire,Es gibt einen Brand im Haus.,There is a fire in the house.,,,,,,,,
noun,Brause,die,f,"Nouns ending -e feminine",Brausen,shower/soda,Die Brause ist kalt.,The shower is cold.,Kinder trinken gern Brause.,Kids like drinking soda.,,,,,,
noun,Brausetablette,die,f,"Compound feminine",Brausetabletten,effervescent tablet,Die Brausetablette löst sich im Wasser auf.,The effervescent tablet dissolves in water.,,,,,,,,
noun,Brett,das,n,"Short noun neuter",Bretter,board/shelf,Das Brett ist aus Holz.,The board is made of wood.,,,,,,,,
noun,Briefumschlag,der,m,"Compound masculine",Briefumschläge,envelope,Der Briefumschlag ist weiß.,The envelope is white.,,,,,,,,
noun,Brombeere,die,f,"Compound feminine",Brombeeren,blackberry,Die Brombeeren sind reif.,The blackberries are ripe.,,,,,,,,
noun,Brotaufstrich,der,m,"Compound masculine",Brotaufstriche,spread (for bread),Der Brotaufstrich ist lecker.,The spread is delicious.,,,,,,,,
noun,Brotkasten,der,m,"Compound masculine",Brotkästen,bread box,Das Brot ist im Brotkasten.,The bread is in the bread box.,,,,,,,,
noun,Bruch,der,m,"Short noun masculine",Brüche,break/fracture,Er hat einen Bruch im Arm.,He has a fracture in his arm.,,,,,,,,
noun,Brücke,die,f,"Nouns ending -e feminine",Brücken,bridge,Die Brücke ist alt.,The bridge is old.,,,,,,,,
noun,Brunnen,der,m,"Nouns ending -en masculine",Brunnen,fountain/well,Der Brunnen ist im Park.,The fountain is in the park.,,,,,,,,
noun,Brustschwimmen,das,n,"Compound neuter",,breaststroke,Er schwimmt Brustschwimmen.,He swims breaststroke.,,,,,,,,
noun,Buchdeckel,der,m,"Compound masculine",Buchdeckel,book cover,Der Buchdeckel ist bunt.,The book cover is colorful.,,,,,,,,
noun,Buchhandel,der,m,"Compound masculine",,book trade,Er arbeitet im Buchhandel.,He works in the book trade.,,,,,,,,
noun,Buchhandlung,die,f,"Compound feminine",Buchhandlungen,bookstore,Die Buchhandlung ist in der Stadt.,The bookstore is in the city.,,,,,,,,
noun,Buchstabe,der,m,"Nouns ending -e masculine",Buchstaben,letter (alphabet),Der Buchstabe A ist der erste.,The letter A is the first.,,,,,,,,
noun,Bundesland,das,n,"Compound neuter",Bundesländer,federal state,Bayern ist ein Bundesland.,Bavaria is a federal state.,,,,,,,,
noun,Bürgeramt,das,n,"Compound neuter",Bürgerämter,citizens' office,Ich muss zum Bürgeramt.,I have to go to the citizens' office.,,,,,,,,
noun,Bürgersteig,der,m,"Compound masculine",Bürgersteige,sidewalk,Geh auf dem Bürgersteig!,Walk on the sidewalk!,,,,,,,,
noun,Büroklammer,die,f,"Compound feminine",Büroklammern,paper clip,Die Büroklammer ist verbogen.,The paper clip is bent.,,,,,,,,
noun,Bürostuhl,der,m,"Compound masculine",Bürostühle,office chair,Der Bürostuhl ist bequem.,The office chair is comfortable.,,,,,,,,
noun,Butterbrot,das,n,"Compound neuter",Butterbrote,buttered bread,Er isst ein Butterbrot.,He eats a buttered bread.,,,,,,,,
noun,Cafeteria,die,f,"Loanword feminine",Cafeterias,cafeteria,Die Cafeteria ist im Erdgeschoss.,The cafeteria is on the ground floor.,,,,,,,,
noun,CD-Player,der,m,"Compound masculine",CD-Player,CD player,Der CD-Player funktioniert nicht.,The CD player doesn't work.,,,,,,,,
noun,Chance,die,f,"Loanword feminine",Chancen,chance/opportunity,Das ist eine gute Chance.,That's a good opportunity.,,,,,,,,
noun,Chaos,das,n,"Loanword neuter",,chaos,Im Zimmer herrscht Chaos.,There is chaos in the room.,,,,,,,,
noun,Clown,der,m,"Loanword masculine",Clowns,clown,Der Clown ist lustig.,The clown is funny.,,,,,,,,
noun,Cola,die/das,f/n,"Gender varies",Colas,cola,Die Cola ist kalt.,The cola is cold.,,,,,,,,
noun,Creme,die,f,"Loanword feminine",Cremes,cream,Die Creme riecht gut.,The cream smells good.,,,,,,,,
noun,Dachboden,der,m,"Compound masculine",Dachböden,attic,Auf dem Dachboden ist es dunkel.,It's dark in the attic.,,,,,,,,
noun,Dachfenster,das,n,"Compound neuter",Dachfenster,skylight/roof window,Das Dachfenster ist offen.,The skylight is open.,,,,,,,,
noun,Dachterrasse,die,f,"Compound feminine",Dachterrassen,roof terrace,Die Dachterrasse hat eine schöne Aussicht.,The roof terrace has a nice view.,,,,,,,,
noun,Dame,die,f,"Nouns ending -e feminine",Damen,lady/woman,Die Dame wartet an der Haltestelle.,The lady is waiting at the bus stop.,,,,,,,,
noun,Damenfahrrad,das,n,"Compound neuter",Damenfahrräder,ladies' bicycle,Sie fährt ein Damenfahrrad.,She rides a ladies' bicycle.,,,,,,,,
noun,Dampf,der,m,"Short noun masculine",Dämpfe,steam,Der Dampf kommt aus dem Topf.,The steam comes from the pot.,,,,,,,,
noun,Datum,das,n,"Loanword neuter",Daten,date,Das heutige Datum ist der 15. Februar.,Today's date is February 15th.,,,,,,,,
noun,Dauer,die,f,"Abstract feminine",,duration,Die Dauer des Films ist zwei Stunden.,The duration of the film is two hours.,,,,,,,,
noun,Dauerwelle,die,f,"Compound feminine",Dauerwellen,perm (haircut),Sie hat eine Dauerwelle.,She has a perm.,,,,,,,,
noun,Deckel,der,m,"Nouns ending -el masculine",Deckel,lid/top,Der Deckel passt nicht.,The lid doesn't fit.,,,,,,,,
noun,Decke,die,f,"Nouns ending -e feminine",Decken,ceiling/blanket,Die Decke ist weiß.,The ceiling is white.,Ich brauche eine warme Decke.,I need a warm blanket.,,,,,,
noun,Delfin,der,m,"Animal masculine",Delfine,dolphin,Der Delfin springt aus dem Wasser.,The dolphin jumps out of the water.,,,,,,,,
noun,Denkmal,das,n,"Compound neuter",Denkmäler,monument,Das Denkmal ist alt.,The monument is old.,,,,,,,,
noun,Deo,das,n,"Short form neuter",Deos,deodorant,Das Deo ist leer.,The deodorant is empty.,,,,,,,,
noun,Detektiv,der,m,"Loanword masculine",Detektive,detective,Der Detektiv sucht den Täter.,The detective looks for the perpetrator.,,,,,,,,
noun,Detektivin,die,f,"Feminine form",Detektivinnen,female detective,Die Detektivin löst den Fall.,The detective solves the case.,,,,,,,,
noun,Diagramm,das,n,"Loanword neuter",Diagramme,diagram,Das Diagramm zeigt die Zahlen.,The diagram shows the numbers.,,,,,,,,
noun,Diamant,der,m,"Loanword masculine",Diamanten,diamond,Der Diamant funkelt.,The diamond sparkles.,,,,,,,,
noun,Diesel,der,m,"Loanword masculine",,diesel,Diesel ist teurer als Benzin.,Diesel is more expensive than petrol.,,,,,,,,
noun,Diskussion,die,f,"Loanword feminine",Diskussionen,discussion,Wir hatten eine lange Diskussion.,We had a long discussion.,,,,,,,,
noun,Disko,die,f,"Short form feminine",Diskos,disco/club,Wir gehen in die Disko.,We go to the disco.,,,,,,,,
noun,Doktor,der,m,"Loanword masculine",Doktoren,doctor (title),Der Doktor kommt später.,The doctor comes later.,,,,,,,,
noun,Doktorin,die,f,"Feminine form",Doktorinnen,female doctor,Die Doktorin untersucht den Patienten.,The doctor examines the patient.,,,,,,,,
noun,Dokument,das,n,"Loanword neuter",Dokumente,document,Das Dokument ist wichtig.,The document is important.,,,,,,,,
noun,Dom,der,m,"Short noun masculine",Dome,cathedral,Der Dom ist sehr groß.,The cathedral is very big.,,,,,,,,
noun,Dose,die,f,"Nouns ending -e feminine",Dosen,can/tin,Die Dose ist aus Metall.,The can is made of metal.,,,,,,,,
noun,Drachen,der,m,"Nouns ending -en masculine",Drachen,dragon/kite,Der Drachen fliegt hoch.,The kite flies high.,,,,,,,,
noun,Drama,das,n,"Loanword neuter",Dramen,drama,Das Drama hat ein trauriges Ende.,The drama has a sad ending.,,,,,,,,
noun,Dreck,der,m,"Short noun masculine",,dirt,Der Dreck muss weg.,The dirt must go.,,,,,,,,
noun,Drittel,das,n,"Fraction neuter",Drittel,third,Ein Drittel der Klasse fehlt.,One third of the class is absent.,,,,,,,,
noun,Drogerie,die,f,"Loanword feminine",Drogerien,drugstore,In der Drogerie kaufe ich Shampoo.,I buy shampoo at the drugstore.,,,,,,,,
noun,Druck,der,m,"Short noun masculine",,pressure,Der Druck ist zu hoch.,The pressure is too high.,,,,,,,,
noun,Drucker,der,m,"Nouns ending -er masculine",Drucker,printer,Der Drucker hat kein Papier.,The printer has no paper.,,,,,,,,
noun,Dufft,der,m,"Short noun masculine",Düfte,scent/fragrance,Der Duft der Blumen ist schön.,The scent of the flowers is beautiful.,,,,,,,,
noun,Dusche,die,f,"Nouns ending -e feminine",Duschen,shower,Die Dusche ist kaputt.,The shower is broken.,,,,,,,,
noun,Düse,die,f,"Nouns ending -e feminine",Düsen,nozzle,Die Düse ist verstopft.,The nozzle is clogged.,,,,,,,,
noun,Ebbe,die,f,"Nouns ending -e feminine",,low tide,Bei Ebbe kann man am Strand laufen.,At low tide you can walk on the beach.,,,,,,,,
noun,EC-Karte,die,f,"Compound feminine",EC-Karten,debit card,Ich bezahle mit EC-Karte.,I pay with debit card.,,,,,,,,
noun,Efeu,der,m,"Plant masculine",,ivy,Der Efeu wächst an der Wand.,The ivy grows on the wall.,,,,,,,,
noun,Egoismus,der,m,"Abstract masculine",,selfishness,Egoismus ist keine gute Eigenschaft.,Selfishness is not a good quality.,,,,,,,,
noun,Eiche,die,f,"Tree feminine",Eichen,oak tree,Die Eiche ist hundert Jahre alt.,The oak tree is one hundred years old.,,,,,,,,
noun,Eigenschaft,die,f,"Suffix -schaft feminine",Eigenschaften,quality/characteristic,Geduld ist eine gute Eigenschaft.,Patience is a good quality.,,,,,,,,
noun,Eigentum,das,n,"Prefix eigen- neuter",,property,Das ist mein Eigentum.,That is my property.,,,,,,,,
noun,Eimer,der,m,"Nouns ending -er masculine",Eimer,bucket,Der Eimer ist voll Wasser.,The bucket is full of water.,,,,,,,,
noun,Eingang,der,m,"Prefix ein- masculine",Eingänge,entrance,Der Eingang ist auf der linken Seite.,The entrance is on the left side.,,,,,,,,
noun,Einkaufswagen,der,m,"Compound masculine",Einkaufswagen,shopping cart,Der Einkaufswagen ist kaputt.,The shopping cart is broken.,,,,,,,,
noun,Einkaufszentrum,das,n,"Compound neuter",Einkaufszentren,shopping center,Wir gehen ins Einkaufszentrum.,We go to the shopping center.,,,,,,,,
noun,Einwohner,der,m,"Prefix ein- masculine",Einwohner,resident,Die Stadt hat viele Einwohner.,The city has many residents.,,,,,,,,
noun,Einwohnerin,die,f,"Prefix ein- feminine",Einwohnerinnen,female resident,Die Einwohnerin ist freundlich.,The resident is friendly.,,,,,,,,
noun,Eisbecher,der,m,"Compound masculine",Eisbecher,ice cream cup,Der Eisbecher kostet 4 Euro.,The ice cream cup costs 4 euros.,,,,,,,,
noun,Eiscreme,die,f,"Compound feminine",Eiscremes,ice cream,Die Eiscreme schmeckt nach Vanille.,The ice cream tastes like vanilla.,,,,,,,,
noun,Eisen,das,n,"Material neuter",,iron,Die Brücke ist aus Eisen.,The bridge is made of iron.,,,,,,,,
noun,Eisenbahn,die,f,"Compound feminine",Eisenbahnen,railway,Die Eisenbahn fährt pünktlich.,The railway runs on time.,,,,,,,,
noun,Elefant,der,m,"Animal masculine",Elefanten,elephant,Der Elefant ist sehr groß.,The elephant is very big.,,,,,,,,
noun,Elektriker,der,m,"Profession masculine",Elektriker,electrician,Der Elektriker repariert die Lampe.,The electrician repairs the lamp.,,,,,,,,
noun,Elektrikerin,die,f,"Profession feminine",Elektrikerinnen,female electrician,Die Elektrikerin prüft die Leitungen.,The electrician checks the wires.,,,,,,,,
noun,Elternhaus,das,n,"Compound neuter",Elternhäuser,parental home,Mein Elternhaus steht auf dem Land.,My parents' house is in the countryside.,,,,,,,,
noun,E-Mail,das/die,n/f,"Gender varies",E-Mails,email,Die E-Mail ist angekommen.,The email has arrived.,,,,,,,,
noun,Emotion,die,f,"Abstract feminine",Emotionen,emotion,Emotionen sind manchmal stark.,Emotions are sometimes strong.,,,,,,,,
noun,Ende,das,n,"Short noun neuter",Enden,end,Das Ende des Films ist traurig.,The end of the film is sad.,,,,,,,,
noun,Energie,die,f,"Abstract feminine",Energien,energy,Solarenergie ist umweltfreundlich.,Solar energy is environmentally friendly.,,,,,,,,
noun,Engel,der,m,"Noun masculine",Engel,angel,Die Engel sind auf dem Bild.,The angels are in the picture.,,,,,,,,
noun,Entfernung,die,f,"Suffix -ung feminine",Entfernungen,distance,Die Entfernung ist groß.,The distance is great.,,,,,,,,
noun,Entschädigung,die,f,"Suffix -ung feminine",Entschädigungen,compensation,Er bekommt eine Entschädigung.,He receives compensation.,,,,,,,,
noun,Entscheidung,die,f,"Suffix -ung feminine",Entscheidungen,decision,Das ist eine schwere Entscheidung.,That's a difficult decision.,,,,,,,,
noun,Entwicklung,die,f,"Suffix -ung feminine",Entwicklungen,development,Die Entwicklung der Stadt ist schnell.,The development of the city is fast.,,,,,,,,
noun,Erbe,der,m,"Nominalized masculine",Erben,heir,Er ist der Erbe des Vermögens.,He is the heir of the fortune.,,,,,,,,
noun,Erbe,das,n,"Abstract neuter",,inheritance,Das Erbe ist viel Geld.,The inheritance is a lot of money.,,,,,,,,
noun,Erdbeermarmelade,die,f,"Compound feminine",Erdbeermarmeladen,strawberry jam,Die Erdbeermarmelade ist lecker.,The strawberry jam is delicious.,,,,,,,,
noun,Erdgeschoss,das,n,"Compound neuter",Erdgeschosse,ground floor,Die Wohnung ist im Erdgeschoss.,The apartment is on the ground floor.,,,,,,,,
noun,Erfolg,der,m,"Prefix er- masculine",Erfolge,success,Das war ein großer Erfolg.,That was a great success.,,,,,,,,
noun,Ergebnis,das,n,"Prefix er- neuter",Ergebnisse,result,Das Ergebnis ist gut.,The result is good.,,,,,,,,
noun,Erinnerung,die,f,"Suffix -ung feminine",Erinnerungen,memory,Ich habe eine schöne Erinnerung.,I have a beautiful memory.,,,,,,,,
noun,Erkältung,die,f,"Suffix -ung feminine",Erkältungen,cold (illness),Ich habe eine Erkältung.,I have a cold.,,,,,,,,
noun,Erlaubnis,die,f,"Suffix -nis feminine",Erlaubnisse,permission,Hast du die Erlaubnis?,Do you have permission?,,,,,,,,
noun,Erlebnis,das,n,"Suffix -nis neuter",Erlebnisse,experience,Das war ein tolles Erlebnis.,That was a great experience.,,,,,,,,
noun,Ersatz,der,m,"Prefix er- masculine",Ersätze,replacement,Wir brauchen Ersatz.,We need a replacement.,,,,,,,,
noun,Erwachsene,der/die,m/f,"Nominalized adjective",Erwachsenen,adult,Die Erwachsenen reden.,The adults are talking.,,,,,,,,
noun,Erwartung,die,f,"Suffix -ung feminine",Erwartungen,expectation,Meine Erwartung war hoch.,My expectation was high.,,,,,,,,
noun,Erzählung,die,f,"Suffix -ung feminine",Erzählungen,story,Die Erzählung ist spannend.,The story is exciting.,,,,,,,,
noun,Essenszeit,die,f,"Compound feminine",Essenszeiten,meal time,Es ist Essenszeit!,It's meal time!,,,,,,,,
noun,Essig,der,m,"Condiment masculine",,vinegar,Der Essig ist sauer.,The vinegar is sour.,,,,,,,,
noun,Etikett,das,n,"Loanword neuter",Etiketten,label,Das Etikett zeigt den Preis.,The label shows the price.,,,,,,,,
noun,Etui,das,n,"Loanword neuter",Etuis,case (for glasses/pens),Das Brillenetui ist hart.,The glasses case is hard.,,,,,,,,
noun,Eule,die,f,"Animal feminine",Eulen,owl,Die Eule schläft am Tag.,The owl sleeps during the day.,,,,,,,,
noun,Europa,das,n,"Continent neuter",,Europe,Europa hat viele Länder.,Europe has many countries.,,,,,,,,
noun,Existenz,die,f,"Abstract feminine",,existence,Die Existenz des Unternehmens ist gefährdet.,The existence of the company is endangered.,,,,,,,,
noun,Export,der,m,"Prefix ex- masculine",Exporte,export,Der Export von Autos ist wichtig.,The export of cars is important.,,,,,,,,
noun,Fabrik,die,f,"Place feminine",Fabriken,factory,Die Fabrik produziert Schuhe.,The factory produces shoes.,,,,,,,,
noun,Fach,das,n,"Short noun neuter",Fächer,subject/department,Mein Fach ist Deutsch.,My subject is German.,,,,,,,,
noun,Fachgeschäft,das,n,"Compound neuter",Fachgeschäfte,specialty store,Das Fachgeschäft hat gute Beratung.,The specialty store has good advice.,,,,,,,,
noun,Fachmann,der,m,"Compound masculine",Fachleute,expert,Er ist ein Fachmann für Computer.,He is a computer expert.,,,,,,,,
noun,Fachfrau,die,f,"Compound feminine",Fachfrauen,female expert,Sie ist eine Fachfrau für Finanzen.,She is a finance expert.,,,,,,,,
noun,Faden,der,m,"Nouns ending -en masculine",Fäden,thread,Der Faden ist dünn.,The thread is thin.,,,,,,,,
noun,Fahne,die,f,"Nouns ending -e feminine",Fahnen,flag,Die Fahne weht im Wind.,The flag waves in the wind.,,,,,,,,
noun,Fahrbahn,die,f,"Compound feminine",Fahrbahnen,roadway/lane,Die Fahrbahn ist nass.,The roadway is wet.,,,,,,,,
noun,Fahrerflucht,die,f,"Compound feminine",,hit and run,Er hat Fahrerflucht begangen.,He committed a hit and run.,,,,,,,,
noun,Fahrkartenautomat,der,m,"Compound masculine",Fahrkartenautomaten,ticket machine,Der Fahrkartenautomat nimmt nur Münzen.,The ticket machine only takes coins.,,,,,,,,
noun,Fahrlehrer,der,m,"Compound masculine",Fahrlehrer,driving instructor,Der Fahrlehrer erklärt die Regeln.,The driving instructor explains the rules.,,,,,,,,
noun,Fahrlehrerin,die,f,"Compound feminine",Fahrlehrerinnen,female driving instructor,Die Fahrlehrerin ist geduldig.,The driving instructor is patient.,,,,,,,,
noun,Fahrradhelm,der,m,"Compound masculine",Fahrradhelme,bicycle helmet,Der Fahrradhelm ist Pflicht.,The bicycle helmet is mandatory.,,,,,,,,
noun,Fahrradschlauch,der,m,"Compound masculine",Fahrradschläuche,bicycle tube,Der Fahrradschlauch hat ein Loch.,The bicycle tube has a hole.,,,,,,,,
noun,Fahrradständer,der,m,"Compound masculine",Fahrradständer,bike stand/rack,Das Fahrrad steht im Fahrradständer.,The bike is in the bike rack.,,,,,,,,
noun,Fahrradweg,der,m,"Compound masculine",Fahrradwege,bike path,Der Fahrradweg ist neu.,The bike path is new.,,,,,,,,
noun,Fahrschule,die,f,"Compound feminine",Fahrschulen,driving school,Er geht in die Fahrschule.,He goes to driving school.,,,,,,,,
noun,Fahrschüler,der,m,"Compound masculine",Fahrschüler,student driver,Der Fahrschüler übt das Parken.,The student driver practices parking.,,,,,,,,
noun,Fahrschülerin,die,f,"Compound feminine",Fahrschülerinnen,female student driver,Die Fahrschülerin fährt langsam.,The student driver drives slowly.,,,,,,,,
noun,Fahrt,die,f,"Short noun feminine",Fahrten,drive/trip/journey,Die Fahrt dauert zwei Stunden.,The journey takes two hours.,,,,,,,,
noun,Fahrzeit,die,f,"Compound feminine",Fahrzeiten,travel time,Die Fahrzeit beträgt 30 Minuten.,The travel time is 30 minutes.,,,,,,,,
noun,Fall,der,m,"Short noun masculine",Fälle,case,In diesem Fall ist es anders.,In this case it's different.,,,,,,,,
noun,Fallschirm,der,m,"Compound masculine",Fallschirme,parachute,Der Fallschirm öffnet sich.,The parachute opens.,,,,,,,,
noun,Familienname,der,m,"Compound masculine",Familiennamen,family name/last name,Mein Familienname ist Müller.,My last name is Müller.,,,,,,,,
noun,Familienstand,der,m,"Compound masculine",,marital status,Familienstand: ledig.,Marital status: single.,,,,,,,,
noun,Farbfilm,der,m,"Compound masculine",Farbfilme,color film,Der Farbfilm ist belichtet.,The color film is exposed.,,,,,,,,
noun,Farbfoto,das,n,"Compound neuter",Farbfotos,color photo,Das Farbfoto ist schön.,The color photo is beautiful.,,,,,,,,
noun,Farbstift,der,m,"Compound masculine",Farbstifte,colored pencil,Die Farbstifte sind neu.,The colored pencils are new.,,,,,,,,
noun,Fasan,der,m,"Animal masculine",Fasane,pheasant,Der Fasan hat bunte Federn.,The pheasant has colorful feathers.,,,,,,,,
noun,Fass,das,n,"Short noun neuter",Fässer,barrel,Das Fass ist aus Holz.,The barrel is made of wood.,,,,,,,,
noun,Fassade,die,f,"Noun feminine",Fassaden,façade,Die Fassade des Hauses ist gelb.,The façade of the house is yellow.,,,,,,,,
noun,Fassung,die,f,"Suffix -ung feminine",Fassungen,version/socket,Die Fassung der Lampe ist kaputt.,The socket of the lamp is broken.,,,,,,,,
noun,Fax,das,n,"Short neuter",Faxgeräte,fax machine,dDas Fax ist angekommen.,The fax has arrived.,,,,,,,,
noun,Feder,die,f,"Nouns ending -e feminine",Federn,feather/spring,Die Feder ist weich.,The feather is soft.,Die Feder des Kugelschreibers ist kaputt.,The spring of the pen is broken.,,,,,,
noun,Feldweg,der,m,"Compound masculine",Feldwege,field path,Der Feldweg ist matschig.,The field path is muddy.,,,,,,,,
noun,Fell,das,n,"Short noun neuter",Felle,fur/pelt,Das Fell des Hundes ist weich.,The dog's fur is soft.,,,,,,,,
noun,Fensterbank,die,f,"Compound feminine",Fensterbänke,windowsill,Die Blumen stehen auf der Fensterbank.,The flowers are on the windowsill.,,,,,,,,
noun,Fensterputzer,der,m,"Compound masculine",Fensterputzer,window cleaner,Der Fensterputzer kommt morgen.,The window cleaner comes tomorrow.,,,,,,,,
noun,Ferienhaus,das,n,"Compound neuter",Ferienhäuser,vacation house,Wir mieten ein Ferienhaus.,We rent a vacation house.,,,,,,,,
noun,Ferienwohnung,die,f,"Compound feminine",Ferienwohnungen,vacation apartment,Die Ferienwohnung ist gemütlich.,The vacation apartment is cozy.,,,,,,,,
noun,Ferkel,das,n,"Diminutive -el neuter",Ferkel,piglet,Das Ferkel ist rosa.,The piglet is pink.,,,,,,,,
noun,Fernbedienung,die,f,"Compound feminine",Fernbedienungen,remote control,Die Fernbedienung ist unter dem Sofa.,The remote is under the sofa.,,,,,,,,
noun,Fernglas,das,n,"Compound neuter",Ferngläser,binoculars,Er sieht durch das Fernglas.,He looks through the binoculars.,,,,,,,,
noun,Fernlicht,das,n,"Compound neuter",,high beam,Fahr nicht mit Fernlicht!,Don't drive with high beam!,,,,,,,,
noun,Fernsehprogramm,das,n,"Compound neuter",Fernsehprogramme,TV program,Das Fernsehprogramm ist heute gut.,The TV program is good today.,,,,,,,,
noun,Fernsehsender,der,m,"Compound masculine",Fernsehsender,TV channel,Welcher Fernsehsender zeigt den Film?,Which TV channel shows the movie?,,,,,,,,
noun,Ferse,die,f,"Nouns ending -e feminine",Fersen,heel,Meine Ferse tut weh.,My heel hurts.,,,,,,,,
noun,Festival,das,n,"Loanword neuter",Festivals,festival,Das Festival findet im Sommer statt.,The festival takes place in summer.,,,,,,,,
noun,Festland,das,n,"Compound neuter",,mainland,Wir fahren aufs Festland.,We go to the mainland.,,,,,,,,
noun,Festplatte,die,f,"Compound feminine",Festplatten,hard drive,Die Festplatte ist voll.,The hard drive is full.,,,,,,,,
noun,Fett,das,n,"Short noun neuter",Fette,fat,Das Fett ist heiß.,The fat is hot.,,,,,,,,
noun,Feuer,das,n,"Short noun neuter",,fire,Das Feuer ist warm.,The fire is warm.,,,,,,,,
noun,Feuerlöscher,der,m,"Compound masculine",Feuerlöscher,fire extinguisher,Der Feuerlöscher hängt an der Wand.,The fire extinguisher hangs on the wall.,,,,,,,,
noun,Feuerwehr,die,f,"Compound feminine",Feuerwehren,fire department,Die Feuerwehr kommt schnell.,The fire department comes quickly.,,,,,,,,
noun,Feuerzeug,das,n,"Compound neuter",Feuerzeuge,lighter,Hast du ein Feuerzeug?,Do you have a lighter?,,,,,,,,
noun,Fieberthermometer,das,n,"Compound neuter",Fieberthermometer,thermometer,Das Fieberthermometer zeigt 38 Grad.,The thermometer shows 38 degrees.,,,,,,,,
noun,Figur,die,f,"Noun feminine",Figuren,figure/character,Die Figur aus dem Film ist bekannt.,The character from the movie is famous.,,,,,,,,
noun,Filet,das,n,"Loanword neuter",Filets,filet,Das Filet ist zart.,The filet is tender.,,,,,,,,
noun,Filter,der,m,"Nouns ending -er masculine",Filter,filter,Der Filter ist verschmutzt.,The filter is dirty.,,,,,,,,
noun,Filterkaffee,der,m,"Compound masculine",Filterkaffees,filter coffee,Filterkaffee schmeckt gut.,Filter coffee tastes good.,,,,,,,,
noun,Finanzen,die,pl,"Always plural",,finances,Meine Finanzen sind in Ordnung.,My finances are in order.,,,,,,,,
noun,Fingerabdruck,der,m,"Compound masculine",Fingerabdrücke,fingerprint,Die Polizei nimmt Fingerabdrücke.,The police take fingerprints.,,,,,,,,
noun,Fingerhut,der,m,"Compound masculine",Fingerhüte,thimble,Der Fingerhut schützt den Finger.,The thimble protects the finger.,,,,,,,,
noun,Firmenwagen,der,m,"Compound masculine",Firmenwagen,company car,Er fährt einen Firmenwagen.,He drives a company car.,,,,,,,,
noun,Fischstäbchen,das,n,"Compound neuter",Fischstäbchen,fish stick,Die Kinder essen gern Fischstäbchen.,The children like eating fish sticks.,,,,,,,,
noun,Fitnessstudio,das,n,"Compound neuter",Fitnessstudios,gym,Gehst du ins Fitnessstudio?,Do you go to the gym?,,,,,,,,
noun,Fixierung,die,f,"Suffix -ung feminine",Fixierungen,fixation,Die Fixierung ist notwendig.,The fixation is necessary.,,,,,,,,
noun,Fleck,der,m,"Short noun masculine",Flecken,stain/spot,Der Fleck auf dem Hemd geht nicht raus.,The stain on the shirt won't come out.,,,,,,,,
noun,Fleischwaren,die,pl,"Compound plural",,meat products,Die Fleischwaren sind frisch.,The meat products are fresh.,,,,,,,,
noun,Fleischer,der,m,"Profession masculine",Fleischer,butcher,Der Fleischer hat gute Wurst.,The butcher has good sausage.,,,,,,,,
noun,Fleischerei,die,f,"Profession feminine",Fleischereien,butcher shop,Die Fleischerei ist um die Ecke.,The butcher shop is around the corner.,,,,,,,,
noun,Fleischwolf,der,m,"Compound masculine",Fleischwölfe,meat grinder,Der Fleischwolf ist elektrisch.,The meat grinder is electric.,,,,,,,,
noun,Fleischwurst,die,f,"Compound feminine",Fleischwürste,bologna sausage,Die Fleischwurst ist für das Abendbrot.,The bologna is for supper.,,,,,,,,
noun,Flex,der/die,m/f,"Short masculine/feminine",Flexe,angle grinder,Die Flex ist laut.,The angle grinder is loud.,,,,,,,,
noun,Flickzeug,das,n,"Compound neuter",,repair kit,Hast du Flickzeug für den Fahrradschlauch?,Do you have a repair kit for the bike tube?,,,,,,,,
noun,Fliege,die,f,"Nouns ending -e feminine",Fliegen,fly/bow tie,Die Fliege summt.,The fly buzzes.,Er trägt eine Fliege zur Hochzeit.,He wears a bow tie to the wedding.,,,,,,
noun,Fliegenpilz,der,m,"Compound masculine",Fliegenpilze,fly agaric (mushroom),Der Fliegenpilz ist rot mit weißen Punkten.,The fly agaric is red with white dots.,,,,,,,,
noun,Flieger,der,m,"Nouns ending -er masculine",Flieger,aviator/airplane,Der Flieger fliegt nach München.,The plane flies to Munich.,,,,,,,,
noun,Fließband,das,n,"Compound neuter",Fließbänder,assembly line,Er arbeitet am Fließband.,He works on the assembly line.,,,,,,,,
noun,Flosse,die,f,"Nouns ending -e feminine",Flossen,fin/flipper,Der Fisch hat schöne Flossen.,The fish has beautiful fins.,,,,,,,,
noun,Flugbegleiter,der,m,"Compound masculine",Flugbegleiter,flight attendant,Der Flugbegleiter bringt Getränke.,The flight attendant brings drinks.,,,,,,,,
noun,Flugbegleiterin,die,f,"Compound feminine",Flugbegleiterinnen,female flight attendant,Die Flugbegleiterin zeigt die Notausgänge.,The flight attendant shows the emergency exits.,,,,,,,,
noun,Fluggesellschaft,die,f,"Compound feminine",Fluggesellschaften,airline,Die Fluggesellschaft ist bekannt.,The airline is well-known.,,,,,,,,
noun,Flugplan,der,m,"Compound masculine",Flugpläne,flight schedule,Der Flugplan hängt aus.,The flight schedule is posted.,,,,,,,,
noun,Flugzeit,die,f,"Compound feminine",Flugzeiten,flight time,Die Flugzeit beträgt zwei Stunden.,The flight time is two hours.,,,,,,,,
noun,Flur,der,m,"Short noun masculine",Flure,hallway/corridor,Der Flur ist lang.,The hallway is long.,,,,,,,,
noun,Fluss,der,m,"Short noun masculine",Flüsse,river,Der Fluss fließt ins Meer.,The river flows into the sea.,,,,,,,,
noun,Flüssigkeit,die,f,"Suffix -keit feminine",Flüssigkeiten,liquid,Die Flüssigkeit ist heiß.,The liquid is hot.,,,,,,,,
noun,Folie,die,f,"Noun feminine",Folien,foil/sheet,Die Folie schützt das Essen.,The foil protects the food.,,,,,,,,
noun,Folklore,die,f,"Noun feminine",,folklore,Folklore ist traditionelle Kultur.,Folklore is traditional culture.,,,,,,,,
noun,Folter,die,f,"Noun feminine",,torture,Folter ist verboten.,Torture is forbidden.,,,,,,,,
noun,Fondue,das,n,"Loanword neuter",Fondues,fondue,Wir essen Fondue.,We eat fondue.,,,,,,,,
noun,Form,die,f,"Short noun feminine",Formen,shape/form,Die Form des Tisches ist rund.,The shape of the table is round.,,,,,,,,
noun,Format,das,n,"Loanword neuter",Formate,format,Das Format des Papiers ist A4.,The paper format is A4.,,,,,,,,
noun,Formular,das,n,"Loanword neuter",Formulare,form,Das Formular muss ausgefüllt werden.,The form must be filled out.,,,,,,,,
noun,Forschung,die,f,"Suffix -ung feminine",Forschungen,research,Die Forschung ist wichtig.,Research is important.,,,,,,,,
noun,Forscher,der,m,"Nouns ending -er masculine",Forscher,researcher,Der Forscher macht Experimente.,The researcher does experiments.,,,,,,,,
noun,Forscherin,die,f,"Feminine form",Forscherinnen,female researcher,Die Forscherin schreibt einen Bericht.,The researcher writes a report.,,,,,,,,
noun,Fortschritt,der,m,"Prefix fort- masculine",Fortschritte,progress,Wir machen Fortschritte.,We are making progress.,,,,,,,,
noun,Fotoapparat,der,m,"Compound masculine",Fotoapparate,camera,Der Fotoapparat ist alt.,The camera is old.,,,,,,,,
noun,Fotografie,die,f,"Noun feminine",Fotografien,photograph,Fotografie ist ihr Hobby.,Photography is her hobby.,,,,,,,,
noun,Frachter,der,m,"Nouns ending -er masculine",Frachter,freight ship,Der Frachter bringt Waren.,The freighter brings goods.,,,,,,,,
noun,Fragebogen,der,m,"Compound masculine",Fragebögen,questionnaire,Der Fragebogen hat zehn Fragen.,The questionnaire has ten questions.,,,,,,,,
noun,Fragezeichen,das,n,"Compound neuter",Fragezeichen,question mark,Am Ende der Frage steht ein Fragezeichen.,At the end of the question is a question mark.,,,,,,,,
noun,Frauensache,die,f,"Compound feminine",Frauensachen,woman's issue,Das ist Frauensache.,That's a woman's issue.,,,,,,,,
noun,Frauenarzt,der,m,"Compound masculine",Frauenärzte,gynecologist,Sie geht zum Frauenarzt.,She goes to the gynecologist.,,,,,,,,
noun,Frauenärztin,die,f,"Compound feminine",Frauenärztinnen,female gynecologist,Die Frauenärztin hat Sprechstunde.,The gynecologist has office hours.,,,,,,,,
noun,Freizeit,die,f,"Compound feminine",,free time,In meiner Freizeit lese ich.,In my free time I read.,,,,,,,,
noun,Freizeitkleidung,die,f,"Compound feminine",,leisure wear,Freizeitkleidung ist bequem.,Leisure wear is comfortable.,,,,,,,,
noun,Freizeitpark,der,m,"Compound masculine",Freizeitparks,amusement park,Der Freizeitpark ist voll.,The amusement park is full.,,,,,,,,
noun,Freundeskreis,der,m,"Compound masculine",Freundeskreise,circle of friends,Mein Freundeskreis ist groß.,My circle of friends is big.,,,,,,,,
noun,Freundlichkeit,die,f,"Suffix -keit feminine",,friendliness,Die Freundlichkeit des Personals ist gut.,The friendliness of the staff is good.,,,,,,,,
noun,Frieden,der,m,"Abstract masculine",,peace,Frieden ist wichtig.,Peace is important.,,,,,,,,
noun,Frisbee,die/das,f/n,"Loanword feminine/neuter",Frisbees,Frisbee,Wir spielen Frisbee.,We play Frisbee.,,,,,,,,
noun,Friseursalon,der,m,"Compound masculine",Friseursalons,hair salon,Der Friseursalon ist modern.,The hair salon is modern.,,,,,,,,
noun,Frost,der,m,"Weather masculine",,frost,Heute Nacht gibt es Frost.,There will be frost tonight.,,,,,,,,
noun,Frucht,die,f,"Noun feminine",Früchte,fruit,Die Frucht ist süß.,The fruit is sweet.,,,,,,,,
noun,Fruchtsaft,der,m,"Compound masculine",Fruchtsäfte,fruit juice,Der Fruchtsaft ist frisch gepresst.,The fruit juice is freshly squeezed.,,,,,,,,
noun,Frühstücksbuffet,das,n,"Compound neuter",Frühstücksbuffets,breakfast buffet,Das Frühstücksbuffet ist reichhaltig.,The breakfast buffet is plentiful.,,,,,,,,
noun,Frühstücksei,das,n,"Compound neuter",Frühstückseier,breakfast egg,Das Frühstücksei ist weich gekocht.,The breakfast egg is soft-boiled.,,,,,,,,
noun,Frühstückspause,die,f,"Compound feminine",Frühstückspausen,breakfast break,Wir machen eine Frühstückspause.,We take a breakfast break.,,,,,,,,
noun,Fuchs,der,m,"Animal masculine",Füchse,fox,Der Fuchs ist schlau.,The fox is clever.,,,,,,,,
noun,Fußabdruck,der,m,"Compound masculine",Fußabdrücke,footprint,Der Fußabdruck ist im Sand.,The footprint is in the sand.,,,,,,,,
noun,Fußballmannschaft,die,f,"Compound feminine",Fußballmannschaften,soccer team,Die Fußballmannschaft hat gewonnen.,The soccer team won.,,,,,,,,
noun,Fußballplatz,der,m,"Compound masculine",Fußballplätze,soccer field,Der Fußballplatz ist groß.,The soccer field is big.,,,,,,,,
noun,Fußballspiel,das,n,"Compound neuter",Fußballspiele,soccer game,Das Fußballspiel ist spannend.,The soccer game is exciting.,,,,,,,,
noun,Fußballspieler,der,m,"Compound masculine",Fußballspieler,soccer player,Der Fußballspieler ist berühmt.,The soccer player is famous.,,,,,,,,
noun,Fußballspielerin,die,f,"Compound feminine",Fußballspielerinnen,female soccer player,Die Fußballspielerin schießt ein Tor.,The soccer player scores a goal.,,,,,,,,
noun,Fußboden,der,m,"Compound masculine",Fußböden,floor,Der Fußboden ist aus Holz.,The floor is made of wood.,,,,,,,,
noun,Fußgänger,der,m,"Compound masculine",Fußgänger,pedestrian,Die Fußgänger warten an der Ampel.,The pedestrians wait at the traffic light.,,,,,,,,
noun,Fußgängerin,die,f,"Compound feminine",Fußgängerinnen,female pedestrian,Die Fußgängerin überquert die Straße.,The pedestrian crosses the street.,,,,,,,,
noun,Fußgängerzone,die,f,"Compound feminine",Fußgängerzonen,pedestrian zone,Die Fußgängerzone ist voller Menschen.,The pedestrian zone is full of people.,,,,,,,,
noun,Fußmatte,die,f,"Compound feminine",Fußmatten,doormat,Die Fußmatte ist schmutzig.,The doormat is dirty.,,,,,,,,
noun,Fußnagel,der,m,"Compound masculine",Fußnägel,toenail,Die Fußnägel müssen geschnitten werden.,The toenails need to be cut.,,,,,,,,
noun,Fußpflege,die,f,"Compound feminine",,foot care,Die Fußpflege ist wichtig für die Gesundheit.,Foot care is important for health.,,,,,,,,
noun,Fußspur,die,f,"Compound feminine",Fußspuren,footprint,Die Fußspur führt in den Wald.,The footprint leads into the forest.,,,,,,,,
noun,Futter,das,n,"Short noun neuter",,animal feed/fodder,Das Futter für den Hund ist teuer.,The dog food is expensive.,,,,,,,,
noun,Futur,das,n,"Grammar term neuter",,future tense,Das Futur bildet man mit „werden“.,The future tense is formed with "werden".,,,,,,,,
noun,Gabelstapler,der,m,"Compound masculine",Gabelstapler,forklift,Der Gabelstapler transportiert Paletten.,The forklift transports pallets.,,,,,,,,
noun,Galerie,die,f,"Loanword feminine",Galerien,gallery,Die Galerie zeigt moderne Kunst.,The gallery shows modern art.,,,,,,,,
noun,Gang,der,m,"Short noun masculine",Gänge,gear/corridor,Der erste Gang ist für die Steigung.,First gear is for the incline.,Der Gang ist lang und dunkel.,The corridor is long and dark.,,,,,,
noun,Garage,die,f,"Loanword feminine",Garagen,garage,Das Auto steht in der Garage.,The car is in the garage.,,,,,,,,
noun,Garderobe,die,f,"Loanword feminine",Garderoben,cloakroom/wardrobe,Die Garderobe ist im Flur.,The wardrobe is in the hallway.,,,,,,,,
noun,Garten,der,m,"Short noun masculine",Gärten,garden,Der Garten ist voller Blumen.,The garden is full of flowers.,,,,,,,,
noun,Gärtnerei,die,f,"Suffix -ei feminine",Gärtnereien,nursery/garden center,Die Gärtnerei verkauft Pflanzen.,The garden center sells plants.,,,,,,,,
noun,Gas,das,n,"Short noun neuter",,gas,Das Gas riecht komisch.,The gas smells strange.,,,,,,,,
noun,Gastgeber,der,m,"Compound masculine",Gastgeber,host,Der Gastgeber begrüßt die Gäste.,The host greets the guests.,,,,,,,,
noun,Gastgeberin,die,f,"Compound feminine",Gastgeberinnen,hostess,Die Gastgeberin serviert das Essen.,The hostess serves the food.,,,,,,,,
noun,Gaststätte,die,f,"Compound feminine",Gaststätten,restaurant/pub,Die Gaststätte hat gute Küche.,The restaurant has good food.,,,,,,,,
noun,Gastwirtschaft,die,f,"Compound feminine",Gastwirtschaften,inn,Die Gastwirtschaft ist alt.,The inn is old.,,,,,,,,
noun,Gebäck,das,n,"Prefix ge- neuter",Gebäcke,pastries/cookies,Das Gebäck ist frisch.,The pastries are fresh.,,,,,,,,
noun,Gebäude,das,n,"Prefix ge- neuter",Gebäude,building,Das Gebäude ist hoch.,The building is tall.,,,,,,,,
noun,Gebet,das,n,"Prefix ge- neuter",Gebete,prayer,Das Gebet ist still.,The prayer is quiet.,,,,,,,,
noun,Gebiet,das,n,"Prefix ge- neuter",Gebiete,area/region,Das Gebiet ist geschützt.,The area is protected.,,,,,,,,
noun,Gebirge,das,n,"Prefix ge- neuter",Gebirge,mountain range,Das Gebirge ist schneebedeckt.,The mountain range is snow-covered.,,,,,,,,
noun,Gebiss,das,n,"Prefix ge- neuter",Gebisse,teeth/dentures,Das Gebiss des Hundes ist scharf.,The dog's teeth are sharp.,,,,,,,,
noun,Gebläse,das,n,"Prefix ge- neuter",Gebläse,fan/blower,Das Gebläse ist laut.,The fan is loud.,,,,,,,,
noun,Gebräuch,der,pl,"Prefix ge- plural",,customs,Die Gebräuche sind traditionell.,The customs are traditional.,,,,,,,,
noun,Geburt,die,f,"Prefix ge- feminine",Geburten,birth,Die Geburt des Kindes war im Januar.,The birth of the child was in January.,,,,,,,,
noun,Geburtsdatum,das,n,"Compound neuter",Geburtsdaten,date of birth,Mein Geburtsdatum ist der 1. Mai 1990.,My date of birth is May 1, 1990.,,,,,,,,
noun,Geburtsort,der,m,"Compound masculine",Geburtsorte,place of birth,Mein Geburtsort ist München.,My place of birth is Munich.,,,,,,,,
noun,Geburtstagskarte,die,f,"Compound feminine",Geburtstagskarten,birthday card,Die Geburtstagskarte ist selbstgemacht.,The birthday card is homemade.,,,,,,,,
noun,Geburtstagskind,das,n,"Compound neuter",Geburtstagskinder,birthday person,Das Geburtstagskind bekommt Geschenke.,The birthday person gets presents.,,,,,,,,
noun,Geburtstagsfeier,die,f,"Compound feminine",Geburtstagsfeiern,birthday party,Die Geburtstagsfeier ist am Samstag.,The birthday party is on Saturday.,,,,,,,,
noun,Geburtstagsgeschenk,das,n,"Compound neuter",Geburtstagsgeschenke,birthday gift,Das Geburtstagsgeschenk ist groß.,The birthday gift is big.,,,,,,,,
noun,Geburtstagstorte,die,f,"Compound feminine",Geburtstagstorten,birthday cake,Die Geburtstagstorte hat Kerzen.,The birthday cake has candles.,,,,,,,,
noun,Gedächtnis,das,n,"Prefix ge- neuter",Gedächtnisse,memory,Mein Gedächtnis ist gut.,My memory is good.,,,,,,,,
noun,Gedicht,das,n,"Prefix ge- neuter",Gedichte,poem,Das Gedicht ist romantisch.,The poem is romantic.,,,,,,,,
noun,Geduld,die,f,"Prefix ge- feminine",,patience,Man braucht viel Geduld.,You need a lot of patience.,,,,,,,,
noun,Gefahr,die,f,"Prefix ge- feminine",Gefahren,danger,Gefahr! Nicht betreten!,Danger! Do not enter!,,,,,,,,
noun,Gefrierschrank,der,m,"Compound masculine",Gefrierschränke,freezer,Der Gefrierschrank ist voll.,The freezer is full.,,,,,,,,
noun,Gefriertruhe,die,f,"Compound feminine",Gefriertruhen,freezer chest,Die Gefriertruhe ist im Keller.,The freezer chest is in the basement.,,,,,,,,
noun,Gegend,die,f,"Prefix ge- feminine",Gegenden,area/region,Die Gegend ist ruhig.,The area is quiet.,,,,,,,,
noun,Gegenteil,das,n,"Prefix ge- neuter",Gegenteile,opposite,Das Gegenteil von gut ist schlecht.,The opposite of good is bad.,,,,,,,,
noun,Gehalt,das,n,"Prefix ge- neuter",Gehälter,salary,Mein Gehalt kommt am Ende des Monats.,My salary comes at the end of the month.,,,,,,,,
noun,Gehör,das,n,"Prefix ge- neuter",,hearing,Sein Gehör ist sehr gut.,His hearing is very good.,,,,,,,,
noun,Gehweg,der,m,"Compound masculine",Gehwege,sidewalk,Geh auf dem Gehweg!,Walk on the sidewalk!,,,,,,,,
noun,Geige,die,f,"Instrument feminine",Geigen,violin,Sie spielt Geige.,She plays the violin.,,,,,,,,
noun,Geist,der,m,"Short noun masculine",Geister,ghost/mind,Der Geist spukt im alten Haus.,The ghost haunts the old house.,,,,,,,,
noun,Geldautomat,der,m,"Compound masculine",Geldautomaten,ATM,Der Geldautomat ist kaputt.,The ATM is broken.,,,,,,,,
noun,Geldbörse,die,f,"Compound feminine",Geldbörsen,wallet/purse,Meine Geldbörse ist weg.,My wallet is gone.,,,,,,,,
noun,Geldschein,der,m,"Compound masculine",Geldscheine,banknote,Der Geldschein ist falsch.,The banknote is fake.,,,,,,,,
noun,Geländer,das,n,"Prefix ge- neuter",Geländer,railing,Das Geländer ist aus Metall.,The railing is made of metal.,,,,,,,,
noun,Gelände,das,n,"Prefix ge- neuter",Gelände,terrain/grounds,Das Gelände ist weitläufig.,The grounds are extensive.,,,,,,,,
noun,Gemälde,das,n,"Prefix ge- neuter",Gemälde,painting,Das Gemälde hängt im Museum.,The painting hangs in the museum.,,,,,,,,
noun,Gemüseabteilung,die,f,"Compound feminine",Gemüseabteilungen,vegetable section,Die Gemüseabteilung ist im Erdgeschoss.,The vegetable section is on the ground floor.,,,,,,,,
noun,Gemüsehändler,der,m,"Compound masculine",Gemüsehändler,greengrocer,Der Gemüsehändler hat frische Tomaten.,The greengrocer has fresh tomatoes.,,,,,,,,
noun,Gemüsehändlerin,die,f,"Compound feminine",Gemüsehändlerinnen,female greengrocer,Die Gemüsehändlerin wiegt die Kartoffeln.,The greengrocer weighs the potatoes.,,,,,,,,
noun,Gemüsesuppe,die,f,"Compound feminine",Gemüsesuppen,vegetable soup,Die Gemüsesuppe ist gesund.,The vegetable soup is healthy.,,,,,,,,
noun,Gemütlichkeit,die,f,"Suffix -keit feminine",,coziness,Die Gemütlichkeit im Café ist schön.,The coziness in the cafe is nice.,,,,,,,,
noun,Genehmigung,die,f,"Suffix -ung feminine",Genehmigungen,permission,Die Genehmigung liegt vor.,The permission is available.,,,,,,,,
noun,Gepäckaufbewahrung,die,f,"Compound feminine",Gepäckaufbewahrungen,luggage storage,Die Gepäckaufbewahrung ist am Bahnhof.,The luggage storage is at the station.,,,,,,,,
noun,Gepäckträger,der,m,"Compound masculine",Gepäckträger,luggage rack/carrier,Der Gepäckträger am Fahrrad ist kaputt.,The bike carrier is broken.,,,,,,,,
noun,Gerade,die,f,"Adjective nominalized",Geraden,straight line,Die Linie ist eine Gerade.,The line is a straight line.,,,,,,,,
noun,Gerät,das,n,"Prefix ge- neuter",Geräte,device/appliance,Das Gerät ist neu.,The device is new.,,,,,,,,
noun,Geräusch,das,n,"Prefix ge- neuter",Geräusche,noise/sound,Das Geräusch ist laut.,The noise is loud.,,,,,,,,
noun,Gericht,das,n,"Prefix ge- neuter",Gerichte,dish/court,Das Gericht schmeckt gut.,The dish tastes good.,Das Gericht tagt am Montag.,The court meets on Monday.,,,,,,
noun,Geruch,der,m,"Prefix ge- masculine",Gerüche,smell/odor,Der Geruch ist unangenehm.,The smell is unpleasant.,,,,,,,,
noun,Gesamtbetrag,der,m,"Compound masculine",Gesamtbeträge,total amount,Der Gesamtbetrag ist 50 Euro.,The total amount is 50 euros.,,,,,,,,
noun,Gesang,der,m,"Prefix ge- masculine",Gesänge,singing,Der Gesang der Vögel ist schön.,The singing of the birds is beautiful.,,,,,,,,
noun,Geschäftsführer,der,m,"Compound masculine",Geschäftsführer,managing director,Der Geschäftsführer leitet die Firma.,The managing director runs the company.,,,,,,,,
noun,Geschäftsführerin,die,f,"Compound feminine",Geschäftsführerinnen,female managing director,Die Geschäftsführerin trifft Entscheidungen.,The managing director makes decisions.,,,,,,,,
noun,Geschäftsreise,die,f,"Compound feminine",Geschäftsreisen,business trip,Er ist auf Geschäftsreise.,He is on a business trip.,,,,,,,,
noun,Geschehen,das,n,"Prefix ge- neuter",,event/happening,Das Geschehen war unvergesslich.,The event was unforgettable.,,,,,,,,
noun,Geschenkpapier,das,n,"Compound neuter",Geschenkpapiere,gift wrap,Das Geschenkpapier ist bunt.,The gift wrap is colorful.,,,,,,,,
noun,Geschichte,die,f,"Prefix ge- feminine",Geschichten,history/story,Die Geschichte Deutschlands ist lang.,Germany's history is long.,Erzähl mir eine Geschichte.,Tell me a story.,,,,,,
noun,Geschirr,das,n,"Prefix ge- neuter",,dishes/crockery,Das Geschirr ist in der Spülmaschine.,The dishes are in the dishwasher.,,,,,,,,
noun,Geschirrspüler,der,m,"Compound masculine",Geschirrspüler,dishwasher,Der Geschirrspüler ist neu.,The dishwasher is new.,,,,,,,,
noun,Geschmack,der,m,"Prefix ge- masculine",Geschmäcker,taste,Der Geschmack des Kuchens ist gut.,The taste of the cake is good.,,,,,,,,
noun,Geschwindigkeit,die,f,"Suffix -keit feminine",Geschwindigkeiten,speed,Die Geschwindigkeit ist zu hoch.,The speed is too high.,,,,,,,,
noun,Geschwisterkind,das,n,"Compound neuter",Geschwisterkinder,sibling (child),Mein Geschwisterkind ist jünger.,My sibling is younger.,,,,,,,,
noun,Gesellschaft,die,f,"Suffix -schaft feminine",Gesellschaften,society/company,Die Gesellschaft verändert sich.,Society changes.,Er arbeitet in einer großen Gesellschaft.,He works in a large company.,,,,,,
noun,Gesetz,das,n,"Prefix ge- neuter",Gesetze,law,Das Gesetz ist neu.,The law is new.,,,,,,,,
noun,Gesicht,das,n,"Prefix ge- neuter",Gesichter,face,Das Gesicht des Kindes ist schmutzig.,The child's face is dirty.,,,,,,,,
noun,Gespräch,das,n,"Prefix ge- neuter",Gespräche,conversation,Das Gespräch war interessant.,The conversation was interesting.,,,,,,,,
noun,Gestell,das,n,"Prefix ge- neuter",Gestelle,frame/stand,Das Gestell ist aus Metall.,The frame is made of metal.,,,,,,,,
noun,Gestik,die,f,"Abstract feminine",,gestures,Seine Gestik ist ausdrucksstark.,His gestures are expressive.,,,,,,,,
noun,Gesundheit,die,f,"Suffix -heit feminine",,health,Die Gesundheit ist das Wichtigste.,Health is the most important thing.,,,,,,,,
noun,Gewalt,die,f,"Prefix ge- feminine",,violence,Gewalt ist keine Lösung.,Violence is not a solution.,,,,,,,,
noun,Gewehr,das,n,"Prefix ge- neuter",Gewehre,gun/rifle,Das Gewehr ist geladen.,The rifle is loaded.,,,,,,,,
noun,Gewicht,das,n,"Prefix ge- neuter",Gewichte,weight,Das Gewicht ist zu hoch.,The weight is too high.,,,,,,,,
noun,Gewinn,der,m,"Prefix ge- masculine",Gewinne,profit/win,Der Gewinn ist hoch.,The profit is high.,,,,,,,,
noun,Gewitter,das,n,"Prefix ge- neuter",Gewitter,thunderstorm,Das Gewitter ist laut.,The thunderstorm is loud.,,,,,,,,
noun,Gewohnheit,die,f,"Suffix -heit feminine",Gewohnheiten,habit,Das ist eine schlechte Gewohnheit.,That's a bad habit.,,,,,,,,
noun,Gießkanne,die,f,"Compound feminine",Gießkannen,watering can,Die Gießkanne ist voll Wasser.,The watering can is full of water.,,,,,,,,
noun,Gift,das,n,"Short noun neuter",Gifte,poison,Das Gift ist tödlich.,The poison is deadly.,,,,,,,,
noun,Gipfel,der,m,"Short noun masculine",Gipfel,summit/peak,Der Gipfel des Berges ist schneebedeckt.,The summit of the mountain is snow-covered.,,,,,,,,
noun,Gips,der,m,"Material masculine",,plaster/cast,Der Arm ist in Gips.,The arm is in a cast.,,,,,,,,
noun,Giraffe,die,f,"Animal feminine",Giraffen,giraffe,Die Giraffe hat einen langen Hals.,The giraffe has a long neck.,,,,,,,,
noun,Gitarre,die,f,"Instrument feminine",Gitarren,guitar,Er spielt Gitarre.,He plays guitar.,,,,,,,,
noun,Glasflasche,die,f,"Compound feminine",Glasflaschen,glass bottle,Die Glasflasche ist leer.,The glass bottle is empty.,,,,,,,,
noun,Glatteis,das,n,"Compound neuter",,black ice,Vorsicht, Glatteis auf der Straße!,Caution, black ice on the road!,,,,,,,,
noun,Glaubensfreiheit,die,f,"Compound feminine",,freedom of religion,Die Glaubensfreiheit ist ein Grundrecht.,Freedom of religion is a fundamental right.,,,,,,,,
noun,Gleichgewicht,das,n,"Compound neuter",,balance,Er verlor das Gleichgewicht.,He lost his balance.,,,,,,,,
noun,Gleichung,die,f,"Suffix -ung feminine",Gleichungen,equation,Die Gleichung ist schwer zu lösen.,The equation is hard to solve.,,,,,,,,
noun,Gleis,das,n,"Short noun neuter",Gleise,track (train),Der Zug fährt auf Gleis 3.,The train departs from track 3.,,,,,,,,
noun,Globus,der,m,"Loanword masculine",Globen/Globusse,globe,Der Globus zeigt die Kontinente.,The globe shows the continents.,,,,,,,,
noun,Glocke,die,f,"Nouns ending -e feminine",Glocken,bell,Die Glocke läutet.,The bell rings.,,,,,,,,
noun,Glückwunsch,der,m,"Compound masculine",Glückwünsche,congratulation,Herzlichen Glückwunsch zum Geburtstag!,Happy birthday!,,,,,,,,
noun,Glühbirne,die,f,"Compound feminine",Glühbirnen,light bulb,Die Glühbirne ist kaputt.,The light bulb is broken.,,,,,,,,
noun,Gold,das,n,"Precious metal neuter",,gold,Der Ring ist aus Gold.,The ring is made of gold.,,,,,,,,
noun,Golf,das,n,"Sport neuter",,golf,Er spielt Golf.,He plays golf.,,,,,,,,
noun,Gott,der,m,"Deity masculine",Götter,god,Die alten Griechen hatten viele Götter.,The ancient Greeks had many gods.,,,,,,,,
noun,Grab,das,n,"Short noun neuter",Gräber,grave,Das Grab ist mit Blumen geschmückt.,The grave is decorated with flowers.,,,,,,,,
noun,Gramm,das,n,"Unit neuter",Gramm,gram,Das Paket wiegt 500 Gramm.,The package weighs 500 grams.,,,,,,,,
noun,Gras,das,n,"Short noun neuter",Gräser,grass,Das Gras ist grün.,The grass is green.,,,,,,,,
noun,Gratulation,die,f,"Loanword feminine",Gratulationen,congratulation,Gratulation zum Erfolg!,Congratulations on the success!,,,,,,,,
noun,Grenze,die,f,"Nouns ending -e feminine",Grenzen,border,Die Grenze zu Österreich ist offen.,The border with Austria is open.,,,,,,,,
noun,Grieß,der,m,"Food masculine",,semolina,Der Grießbrei schmeckt gut.,The semolina porridge tastes good.,,,,,,,,
noun,Griff,der,m,"Short noun masculine",Griffe,handle/grip,Der Griff ist locker.,The handle is loose.,,,,,,,,
noun,Grill,der,m,"Loanword masculine",Grills,grill,Der Grill ist heiß.,The grill is hot.,,,,,,,,
noun,Grippe,die,f,"Illness feminine",Grippen,flu,Die Grippe geht um.,The flu is going around.,,,,,,,,
noun,Groschen,der,m,"Currency masculine",Groschen,groschen (coin),Das kostet einen Groschen.,That costs a groschen.,,,,,,,,
noun,Großeltern,die,pl,"Compound plural",,grandparents,Meine Großeltern wohnen auf dem Land.,My grandparents live in the countryside.,,,,,,,,
noun,Größe,die,f,"Suffix -e feminine",Größen,size,Welche Größe hast du?,What size do you have?,,,,,,,,
noun,Grund,der,m,"Short noun masculine",Gründe,reason/ground,Der Grund dafür ist einfach.,The reason for that is simple.,,,,,,,,
noun,Grundgesetz,das,n,"Compound neuter",,basic law/constitution,Das Grundgesetz ist die Verfassung.,The Basic Law is the constitution.,,,,,,,,
noun,Grundschule,die,f,"Compound feminine",Grundschulen,elementary school,Mein Kind geht in die Grundschule.,My child goes to elementary school.,,,,,,,,
noun,Grundstück,das,n,"Compound neuter",Grundstücke,property/plot,Das Grundstück ist groß.,The property is large.,,,,,,,,
noun,Gruß,der,m,"Short noun masculine",Grüße,greeting,Ein Gruß von deiner Mutter.,A greeting from your mother.,,,,,,,,
noun,Gummi,das/der,n/m,"Material variable",Gummis,rubber/elastic,Das Gummiband ist dehnbar.,The rubber band is stretchable.,,,,,,,,
noun,Gurke,die,f,"Vegetable feminine",Gurken,cucumber,Die Gurke ist knackig.,The cucumber is crunchy.,,,,,,,,
noun,Gürtel,der,m,"Clothing masculine",Gürtel,belt,Der Gürtel ist aus Leder.,The belt is made of leather.,,,,,,,,
noun,Güterzug,der,m,"Compound masculine",Güterzüge,freight train,Der Güterzug transportiert Waren.,The freight train transports goods.,,,,,,,,
noun,Gymnasium,das,n,"School neuter",Gymnasien,high school (academic),Er geht aufs Gymnasium.,He goes to high school.,,,,,,,,
noun,Hemd,das,n,"Many clothing items ending in -d are neuter",Hemden,shirt,Das Hemd ist blau.,The shirt is blue.,Ich bügle das Hemd.,I iron the shirt.,,,,,,
noun,Bluse,die,f,"Nouns ending in -e are often feminine",Blusen,blouse,Sie trägt eine weiße Bluse.,She wears a white blouse.,Die Bluse ist aus Seide.,The blouse is made of silk.,,,,,,
noun,Jacke,die,f,"Nouns ending in -e are often feminine",Jacken,jacket,Die Jacke ist warm.,The jacket is warm.,Ich ziehe die Jacke an.,I put on the jacket.,,,,,,
noun,Mantel,der,m,"Many clothing nouns are masculine",Mäntel,coat,Der Mantel ist teuer.,The coat is expensive.,Im Winter trage ich einen Mantel.,In winter I wear a coat.,,,,,,
noun,Hose,die,f,"Nouns ending in -e are often feminine",Hosen,pants/trousers,Die Hose ist zu lang.,The pants are too long.,Ich kaufe eine neue Hose.,I buy new pants.,,,,,,
noun,Rock,der,m,"Many clothing nouns are masculine",Röcke,skirt,Der Rock ist kurz.,The skirt is short.,Sie trägt einen roten Rock.,She wears a red skirt.,,,,,,
noun,Kleid,das,n,"Many clothing items are neuter",Kleider,dress,Das Kleid ist schön.,The dress is beautiful.,Sie kauft ein Sommerkleid.,She buys a summer dress.,,,,,,
noun,Schuh,der,m,"Many clothing nouns are masculine",Schuhe,shoe,Meine Schuhe sind neu.,My shoes are new.,Die Schuhe sind bequem.,The shoes are comfortable.,,,,,,
noun,Pullover,der,m,"Loanword often masculine",Pullover,sweater,Der Pullover ist warm.,The sweater is warm.,Ich stricke einen Pullover.,I knit a sweater.,,,,,,
noun,Handschuh,der,m,"Compound with Hand is masculine",Handschuhe,glove,Die Handschuhe sind aus Leder.,The gloves are made of leather.,Im Winter brauche ich Handschuhe.,In winter I need gloves.,,,,,,
noun,Mütze,die,f,"Nouns ending in -e are often feminine",Mützen,hat/cap,Die Mütze ist rot.,The cap is red.,Er setzt die Mütze auf.,He puts on the cap.,,,,,,
noun,Gürtel,der,m,"Nouns ending in -el are often masculine",Gürtel,belt,Der Gürtel ist zu eng.,The belt is too tight.,Ich brauche einen neuen Gürtel.,I need a new belt.,,,,,,
noun,Socke,die,f,"Nouns ending in -e are often feminine",Socken,sock,Die Socken sind weich.,The socks are soft.,Ich ziehe die Socken aus.,I take off the socks.,,,,,,
noun,Schal,der,m,"Short loanword masculine",Schals,scarf,Der Schal ist lang.,The scarf is long.,Im Winter trage ich einen Schal.,In winter I wear a scarf.,,,,,,
noun,Kopf,der,m,"Many body parts are masculine",Köpfe,head,Mein Kopf tut weh.,My head hurts.,Er hat einen großen Kopf.,He has a big head.,,,,,,
noun,Auge,das,n,"Exception: das Auge (neuter despite -e)",Augen,eye,Meine Augen sind blau.,My eyes are blue.,Sie hat schöne Augen.,She has beautiful eyes.,,,,,,
noun,Ohr,das,n,"Many body parts ending in -r are neuter",Ohren,ear,Meine Ohren sind kalt.,My ears are cold.,Er hört mit beiden Ohren.,He listens with both ears.,,,,,,
noun,Nase,die,f,"Nouns ending in -e are often feminine",Nasen,nose,Die Nase läuft.,The nose is running.,Er hat eine große Nase.,He has a big nose.,,,,,,
noun,Mund,der,m,"Many body parts are masculine",Münder,mouth,Der Mund ist trocken.,The mouth is dry.,Öffne den Mund!,Open your mouth!,,,,,,
noun,Zahn,der,m,"Many body parts are masculine",Zähne,tooth,Ich putze mir die Zähne.,I brush my teeth.,Der Zahn tut weh.,The tooth hurts.,,,,,,
noun,Haar,das,n,"Collective noun often neuter",Haare,hair,Meine Haare sind lang.,My hair is long.,Sie hat blonde Haare.,She has blonde hair.,,,,,,
noun,Hand,die,f,"Many body parts are feminine",Hände,hand,Meine Hände sind schmutzig.,My hands are dirty.,Gib mir die Hand!,Give me your hand!,,,,,,
noun,Finger,der,m,"Nouns ending in -er are masculine",Finger,finger,Der Finger ist verletzt.,The finger is injured.,Sie trägt einen Ring am Finger.,She wears a ring on her finger.,,,,,,
noun,Bein,das,n,"Many body parts are neuter",Beine,leg,Meine Beine sind müde.,My legs are tired.,Er hat lange Beine.,He has long legs.,,,,,,
noun,Knochen,der,m,"Nouns ending in -en are masculine",Knochen,bone,Der Hund hat einen Knochen.,The dog has a bone.,Er hat sich den Knochen gebrochen.,He broke his bone.,,,,,,
noun,Hobby,das,n,"Loanword often neuter",Hobbys,hobby,Mein Hobby ist Fußball.,My hobby is soccer.,Hast du ein Hobby?,Do you have a hobby?,,,,,,
verb,reisen,,,,"to travel",Wir reisen nach Italien.,We travel to Italy.,Er reist gern.,He likes to travel.,,,,,,
verb,wandern,,,,"to hike",Wir wandern im Wald.,We hike in the forest.,Sie wandert jeden Sonntag.,She hikes every Sunday.,,,,,,
verb,singen,,,,"to sing",Sie singt ein Lied.,She sings a song.,Er singt im Chor.,He sings in a choir.,,,,,,
verb,tanzen,,,,"to dance",Wir tanzen auf der Party.,We dance at the party.,Sie tanzt gern Salsa.,She likes to dance salsa.,,,,,,
verb,malen,,,,"to paint",Er malt ein Bild.,He paints a picture.,Sie malt mit Wasserfarben.,She paints with watercolors.,,,,,,
verb,zeichnen,,,,"to draw",Ich zeichne einen Baum.,I draw a tree.,Sie zeichnet gern Tiere.,She likes to draw animals.,,,,,,
noun,Fotoapparat,der,m,"Compound masculine",Fotoapparate,camera,Der Fotoapparat ist alt.,The camera is old.,Ich habe einen neuen Fotoapparat.,I have a new camera.,,,,,,
noun,Sammlung,die,f,"Suffix -ung feminine",Sammlungen,collection,Meine Briefmarkensammlung ist groß.,My stamp collection is big.,Er hat eine Münzsammlung.,He has a coin collection.,,,,,,
noun,Blume,die,f,"Nouns ending in -e are often feminine",Blumen,flower,Die Blume ist schön.,The flower is beautiful.,Er schenkt ihr Blumen.,He gives her flowers.,,,,,,
noun,Baum,der,m,"Many nature nouns are masculine",Bäume,tree,Der Baum ist hoch.,The tree is tall.,Im Garten stehen viele Bäume.,Many trees are in the garden.,,,,,,
noun,Wald,der,m,"Many nature nouns are masculine",Wälder,forest,Der Wald ist dunkel.,The forest is dark.,Wir gehen im Wald spazieren.,We walk in the forest.,,,,,,
noun,Berg,der,m,"Many landscape nouns are masculine",Berge,mountain,Der Berg ist hoch.,The mountain is high.,Wir fahren in die Berge.,We go to the mountains.,,,,,,
noun,See,der,m,"Masculine = lake",Seen,lake,Der See ist kalt.,The lake is cold.,Wir schwimmen im See.,We swim in the lake.,,,,,,
noun,Meer,das,n,"Neuter = sea",Meere,sea,Das Meer ist blau.,The sea is blue.,Wir fahren ans Meer.,We go to the sea.,,,,,,
noun,Fluss,der,m,"Many nature nouns are masculine",Flüsse,river,Der Fluss ist breit.,The river is wide.,Die Stadt liegt am Fluss.,The city lies on the river.,,,,,,
noun,Wiese,die,f,"Nouns ending in -e are often feminine",Wiesen,meadow,Die Wiese ist grün.,The meadow is green.,Kinder spielen auf der Wiese.,Children play on the meadow.,,,,,,
noun,Feld,das,n,"Many landscape nouns are neuter",Felder,field,Das Feld ist voller Blumen.,The field is full of flowers.,Bauern arbeiten auf dem Feld.,Farmers work on the field.,,,,,,
noun,Himmel,der,m,"Nouns ending in -el are masculine",Himmel,sky,Der Himmel ist blau.,The sky is blue.,Am Himmel sind Wolken.,There are clouds in the sky.,,,,,,
noun,Stern,der,m,"Many celestial nouns are masculine",Sterne,star,Die Sterne leuchten.,The stars shine.,Er schaut die Sterne an.,He looks at the stars.,,,,,,
noun,Fahrkarte,die,f,"Compound with Karte feminine",Fahrkarten,ticket,Ich kaufe eine Fahrkarte.,I buy a ticket.,Die Fahrkarte kostet 5 Euro.,The ticket costs 5 euros.,,,,,,
noun,Haltestelle,die,f,"Compound with Stelle feminine",Haltestellen,bus stop,Die Haltestelle ist dort.,The bus stop is there.,Ich warte an der Haltestelle.,I wait at the bus stop.,,,,,,
noun,Bahnhof,der,m,"Compound with Hof masculine",Bahnhöfe,train station,Der Bahnhof ist groß.,The train station is big.,Wir treffen uns am Bahnhof.,We meet at the station.,,,,,,
noun,Gleis,das,n,"Short noun neuter",Gleise,platform/track,Der Zug fährt auf Gleis 3.,The train departs from platform 3.,Achtung am Gleis!,Caution on the platform!,,,,,,
noun,Flughafen,der,m,"Compound with Hafen masculine",Flughäfen,airport,Der Flughafen ist weit weg.,The airport is far away.,Wir fliegen vom Flughafen Berlin.,We fly from Berlin airport.,,,,,,
noun,Zug,der,m,"Many transport nouns are masculine",Züge,train,Der Zug hat Verspätung.,The train is delayed.,Ich nehme den Zug nach München.,I take the train to Munich.,,,,,,
noun,Straßenbahn,die,f,"Compound with Bahn feminine",Straßenbahnen,tram,Die Straßenbahn kommt gleich.,The tram is coming soon.,Ich fahre mit der Straßenbahn.,I go by tram.,,,,,,
noun,U-Bahn,die,f,"Short for Untergrundbahn feminine",U-Bahnen,subway,Die U-Bahn ist schnell.,The subway is fast.,Wir nehmen die U-Bahn.,We take the subway.,,,,,,
verb,abfahren,,,,"to depart",Der Zug fährt um 10 Uhr ab.,The train departs at 10 o'clock.,Wir fahren morgen früh ab.,We depart tomorrow morning.,,,,,,
verb,ankommen,,,,"to arrive",Wir kommen pünktlich an.,We arrive on time.,Der Bus kommt um 8 Uhr an.,The bus arrives at 8 o'clock.,,,,,,
verb,einsteigen,,,,"to board",Bitte steigen Sie ein!,Please board!,Wir steigen in den Zug ein.,We board the train.,,,,,,
verb,aussteigen,,,,"to get off",Ich steige an der Haltestelle aus.,I get off at the stop.,Wo steigst du aus?,Where do you get off?,,,,,,
verb,umsteigen,,,,"to change (trains)",Ich muss in Köln umsteigen.,I have to change in Cologne.,Steigen Sie hier um?,Do you change here?,,,,,,
noun,Unterricht,der,m,"Abstract noun masculine",,class/lesson,Der Unterricht beginnt um 8 Uhr.,Class starts at 8 o'clock.,Ich habe heute Unterricht.,I have class today.,,,,,,
noun,Lehrer,der,m,"Person noun masculine",Lehrer,teacher,Der Lehrer erklärt die Aufgabe.,The teacher explains the task.,Mein Lehrer ist nett.,My teacher is nice.,,,,,,
noun,Schüler,der,m,"Person noun masculine",Schüler,student (school),Die Schüler lernen Deutsch.,The students learn German.,Er ist ein guter Schüler.,He is a good student.,,,,,,
noun,Note,die,f,"Nouns ending in -e are often feminine",Noten,grade,Meine Note ist gut.,My grade is good.,Er bekommt eine gute Note.,He gets a good grade.,,,,,,
noun,Prüfung,die,f,"Suffix -ung feminine",Prüfungen,exam,Die Prüfung ist schwer.,The exam is difficult.,Ich habe morgen eine Prüfung.,I have an exam tomorrow.,,,,,,
noun,Hausaufgabe,die,f,"Compound with Aufgabe feminine",Hausaufgaben,homework,Ich mache meine Hausaufgaben.,I do my homework.,Die Hausaufgabe ist leicht.,The homework is easy.,,,,,,
noun,Heft,das,n,"Many school items are neuter",Hefte,notebook,Das Heft ist voll.,The notebook is full.,Ich schreibe ins Heft.,I write in the notebook.,,,,,,
noun,Tafel,die,f,"School item feminine",Tafeln,blackboard,Die Tafel ist grün.,The blackboard is green.,Der Lehrer schreibt an die Tafel.,The teacher writes on the blackboard.,,,,,,
noun,Klasse,die,f,"Nouns ending in -e are often feminine",Klassen,class (group),Die Klasse ist groß.,The class is big.,Wir sind in derselben Klasse.,We are in the same class.,,,,,,
noun,Schulhof,der,m,"Compound with Hof masculine",Schulhöfe,schoolyard,Die Kinder spielen auf dem Schulhof.,The children play on the schoolyard.,Der Schulhof ist neu.,The schoolyard is new.,,,,,,
noun,Fach,das,n,"Short noun neuter",Fächer,subject,Mein Lieblingsfach ist Deutsch.,My favorite subject is German.,Welche Fächer hast du?,Which subjects do you have?,,,,,,
adj,gesund,,,,"healthy",Das Essen ist gesund.,The food is healthy.,Ich bin gesund.,I am healthy.,,,,,,
adj,krank,,,,"sick",Er ist krank.,He is sick.,Sie fühlt sich krank.,She feels sick.,,,,,,
adj,müde,,,,"tired",Ich bin müde.,I am tired.,Nach der Arbeit bin ich müde.,After work I am tired.,,,,,,
adj,hungrig,,,,"hungry",Die Kinder sind hungrig.,The children are hungry.,Ich habe Hunger – I am hungry (idiom),,I am hungry.,,,,,
adj,durstig,,,,"thirsty",Bist du durstig?,Are you thirsty?,Nach dem Sport bin ich durstig.,After sports I am thirsty.,,,,,,
adj,froh,,,,"happy/glad",Ich bin froh.,I am glad.,Wir sind froh über die Hilfe.,We are glad about the help.,,,,,,
adj,traurig,,,,"sad",Sie ist traurig.,She is sad.,Der Film ist traurig.,The movie is sad.,,,,,,
adj,fertig,,,,"finished/ready",Ich bin fertig.,I am finished.,Das Essen ist fertig.,The food is ready.,,,,,,
adj,frei,,,,"free",Ist der Platz frei?,Is the seat free?,Am Wochenende bin ich frei.,On weekends I am free.,,,,,,
adj,besetzt,,,,"occupied/taken",Die Toilette ist besetzt.,The toilet is occupied.,Der Platz ist besetzt.,The seat is taken.,,,,,,
adj,sauber,,,,"clean",Das Zimmer ist sauber.,The room is clean.,Ich wasche meine Hände sauber.,I wash my hands clean.,,,,,,
adj,schmutzig,,,,"dirty",Die Schuhe sind schmutzig.,The shoes are dirty.,Das Wasser ist schmutzig.,The water is dirty.,,,,,,
adj,richtig,,,,"correct",Die Antwort ist richtig.,The answer is correct.,Hast du richtig gerechnet?,Did you calculate correctly?,,,,,,
adj,falsch,,,,"wrong",Das ist falsch.,That is wrong.,Ich habe die falsche Nummer.,I have the wrong number.,,,,,,
adj,wichtig,,,,"important",Das ist wichtig.,That is important.,Deine Hilfe ist wichtig.,Your help is important.,,,,,,
adv,heute,,,,"today",Heute ist Montag.,Today is Monday.,Ich komme heute.,I come today.,,,,,,
adv,gestern,,,,"yesterday",Gestern war ich im Kino.,Yesterday I was at the cinema.,Gestern hat es geregnet.,It rained yesterday.,,,,,,
adv,morgen,,,,"tomorrow",Morgen habe ich frei.,Tomorrow I am free.,Wir fahren morgen.,We travel tomorrow.,,,,,,
adv,jetzt,,,,"now",Jetzt habe ich Zeit.,Now I have time.,Was machst du jetzt?,What are you doing now?,,,,,,
adv,bald,,,,"soon",Wir sehen uns bald.,We'll see each other soon.,Bald ist Weihnachten.,Soon it's Christmas.,,,,,,
adv,später,,,,"later",Ich komme später.,I'll come later.,Bis später!,See you later!,,,,,,
adv,früher,,,,"earlier/in the past",Früher war ich in Berlin.,Earlier I was in Berlin.,Früher war alles anders.,In the past everything was different.,,,,,,
adv,manchmal,,,,"sometimes",Manchmal gehe ich ins Kino.,Sometimes I go to the cinema.,Manchmal koche ich.,Sometimes I cook.,,,,,,
adv,immer,,,,"always",Er ist immer pünktlich.,He is always on time.,Ich trinke immer Kaffee.,I always drink coffee.,,,,,,
adv,nie,,,,"never",Ich trinke nie Alkohol.,I never drink alcohol.,Sie kommt nie zu spät.,She never comes late.,,,,,,
adv,oft,,,,"often",Wir gehen oft ins Kino.,We often go to the cinema.,Ich lese oft.,I often read.,,,,,,
adv,selten,,,,"rarely",Ich sehe selten fern.,I rarely watch TV.,Sie kommt selten.,She rarely comes.,,,,,,
noun,Wohnzimmer,das,n,"Compound with Zimmer neuter",Wohnzimmer,living room,Das Wohnzimmer ist groß.,The living room is big.,Wir sitzen im Wohnzimmer.,We sit in the living room.,,,,,,
noun,Schlafzimmer,das,n,"Compound with Zimmer neuter",Schlafzimmer,bedroom,Das Schlafzimmer ist ruhig.,The bedroom is quiet.,Das Bett steht im Schlafzimmer.,The bed is in the bedroom.,,,,,,
noun,Kinderzimmer,das,n,"Compound with Zimmer neuter",Kinderzimmer,children's room,Das Kinderzimmer ist bunt.,The children's room is colorful.,Die Kinder spielen im Kinderzimmer.,The children play in their room.,,,,,,
noun,Arbeitszimmer,das,n,"Compound with Zimmer neuter",Arbeitszimmer,home office,Das Arbeitszimmer ist klein.,The home office is small.,Er arbeitet im Arbeitszimmer.,He works in his home office.,,,,,,
noun,Bett,das,n,"Furniture neuter",Betten,bed,Das Bett ist bequem.,The bed is comfortable.,Ich gehe ins Bett.,I go to bed.,,,,,,
noun,Schrank,der,m,"Furniture masculine",Schränke,wardrobe/cupboard,Der Schrank ist voll.,The wardrobe is full.,Die Kleider sind im Schrank.,The clothes are in the wardrobe.,,,,,,
noun,Sofa,das,n,"Loanword neuter",Sofas,sofa,Das Sofa ist weich.,The sofa is soft.,Wir sitzen auf dem Sofa.,We sit on the sofa.,,,,,,
noun,Sessel,der,m,"Nouns ending in -el are masculine",Sessel,armchair,Der Sessel ist alt.,The armchair is old.,Er sitzt im Sessel.,He sits in the armchair.,,,,,,
noun,Regal,das,n,"Furniture neuter",Regale,shelf,Das Regal ist aus Holz.,The shelf is made of wood.,Die Bücher stehen im Regal.,The books are on the shelf.,,,,,,
noun,Kommode,die,f,"Furniture feminine",Kommode,dresser/chest,Die Kommode ist braun.,The dresser is brown.,Im Schlafzimmer steht eine Kommode.,A dresser is in the bedroom.,,,,,,
noun,Teppich,der,m,"Furniture masculine",Teppiche,carpet,Der Teppich ist weich.,The carpet is soft.,Auf dem Boden liegt ein Teppich.,A carpet is on the floor.,,,,,,